age,experience_years,daily_work_hours,sleep_hours,caffeine_intake,bugs_per_day,commits_per_day,meetings_per_day,screen_time,exercise_hours,stress_level,burnout_level
26.0,12.0,10.33,4.45,2.0,11.0,4.0,1.0,15.07,0.14,55.96,1.0
39.0,10.0,8.62,5.77,5.0,15.0,11.0,5.0,13.25,0.54,82.22,2.0
34.0,13.0,8.99,4.03,5.0,2.0,18.0,9.0,11.18,1.54,61.77,1.0
30.0,1.0,6.85,6.47,2.0,15.0,26.0,1.0,11.14,0.96,54.98,1.0
27.0,7.0,4.24,5.8,4.0,9.0,17.0,7.0,8.05,0.36,27.9,0.0
40.0,2.0,10.25,6.78,0.0,19.0,27.0,4.0,15.15,0.78,51.06,1.0
26.0,10.0,6.53,7.6,6.0,4.0,11.0,9.0,9.38,0.54,39.09,1.0
38.0,0.0,10.69,5.25,5.0,12.0,2.0,2.0,14.58,0.1,77.68,2.0
42.0,18.0,11.47,4.79,4.0,11.0,25.0,1.0,14.54,1.53,73.56,2.0
30.0,17.0,13.16,5.39,3.0,0.0,3.0,3.0,14.44,0.58,46.78,1.0
30.0,16.0,13.58,4.01,2.0,19.0,14.0,7.0,14.77,1.89,100.0,2.0
43.0,19.0,4.11,4.6,5.0,10.0,14.0,0.0,5.6,1.78,26.76,0.0
32.0,12.0,13.9,7.75,6.0,18.0,10.0,9.0,16.08,1.43,100.0,2.0
23.0,2.0,10.83,5.11,0.0,14.0,1.0,2.0,12.87,0.65,81.94,2.0
27.0,0.0,10.44,8.97,2.0,17.0,17.0,0.0,14.35,0.56,48.65,1.0
43.0,3.0,4.15,4.84,7.0,15.0,2.0,1.0,8.01,0.95,34.26,0.0
22.0,12.0,12.61,7.94,5.0,6.0,17.0,9.0,17.5,0.71,77.5,2.0
41.0,16.0,5.45,7.53,3.0,9.0,13.0,6.0,7.69,1.8,28.51,0.0
40.0,10.0,12.37,5.61,4.0,15.0,5.0,0.0,17.12,0.25,85.2,2.0
21.0,1.0,4.16,5.65,2.0,16.0,1.0,8.0,7.61,1.45,51.03,1.0
43.0,15.0,10.46,6.82,5.0,6.0,0.0,7.0,13.44,1.22,64.45,1.0
31.0,1.0,8.35,8.26,1.0,10.0,7.0,0.0,12.02,1.61,19.79,0.0
25.0,18.0,6.01,5.93,0.0,16.0,9.0,9.0,9.82,1.08,37.07,1.0
21.0,18.0,5.08,4.31,4.0,4.0,19.0,0.0,6.77,1.26,19.68,0.0
40.0,15.0,8.4,5.87,2.0,0.0,17.0,1.0,12.41,1.93,27.68,0.0
20.0,18.0,5.23,5.04,5.0,2.0,19.0,1.0,9.13,0.18,27.93,0.0
31.0,8.0,8.86,8.7,4.0,15.0,10.0,5.0,13.85,0.21,46.3,1.0
41.0,0.0,10.25,7.49,1.0,14.0,17.0,0.0,14.9,0.79,43.95,1.0
31.0,9.0,12.27,4.25,2.0,3.0,26.0,3.0,16.01,0.95,56.11,1.0
44.0,18.0,10.79,5.46,7.0,11.0,15.0,6.0,14.64,0.4,89.65,2.0
36.0,0.0,4.65,4.25,4.0,0.0,4.0,8.0,9.43,0.17,38.84,1.0
29.0,1.0,7.07,8.15,2.0,16.0,6.0,9.0,11.94,0.04,35.43,1.0
35.0,15.0,6.88,8.53,7.0,14.0,14.0,2.0,11.19,1.53,30.34,0.0
34.0,11.0,13.15,4.56,2.0,19.0,1.0,3.0,17.22,0.97,90.03,2.0
34.0,7.0,12.68,6.2,4.0,19.0,10.0,4.0,14.13,1.69,81.65,2.0
38.0,17.0,7.7,8.66,2.0,9.0,12.0,4.0,12.02,0.72,53.795,0.0
31.0,1.0,4.71,4.73,1.0,10.0,19.0,1.0,6.72,1.41,17.83,0.0
32.0,12.0,12.94,5.46,4.0,17.0,23.0,4.0,16.2,0.98,89.57,2.0
39.0,5.0,12.88,5.52,5.0,1.0,27.0,9.0,15.5,1.22,83.11,2.0
44.0,5.0,12.55,4.15,6.0,5.0,15.0,0.0,14.93,0.74,76.09,2.0
22.0,8.0,12.45,4.18,4.0,15.0,29.0,6.0,14.69,0.16,99.13,2.0
24.0,15.0,8.8,8.76,1.0,6.0,13.0,4.0,13.22,1.89,31.36,0.0
32.0,10.0,5.77,6.86,1.0,18.0,6.0,5.0,9.85,1.67,50.25,1.0
26.0,6.0,8.77,5.53,1.0,11.0,6.0,8.0,11.86,0.62,80.33,2.0
40.0,9.0,8.95,5.89,7.0,17.0,11.0,2.0,12.61,1.92,72.3,2.0
28.0,9.0,8.9,7.57,5.0,9.0,11.0,0.0,12.02,0.6,59.88,1.0
26.0,19.0,9.39,5.83,5.0,6.0,19.0,7.0,11.98,0.89,69.16,1.0
37.0,10.0,6.58,5.14,6.0,3.0,0.0,1.0,9.78,1.51,9.61,0.0
44.0,8.0,8.34,7.64,2.0,16.0,5.0,9.0,13.08,0.65,80.09,2.0
33.0,14.0,5.31,4.9,2.0,3.0,7.0,3.0,7.72,0.82,30.84,0.0
37.0,3.0,8.55,4.35,3.0,4.0,26.0,4.0,13.5,0.94,33.53,0.0
28.0,7.0,12.1,6.13,6.0,0.0,12.0,0.0,14.32,0.25,57.67,1.0
40.0,8.0,12.28,4.2,6.0,18.0,14.0,2.0,13.72,0.03,100.0,2.0
39.0,8.0,9.19,7.14,1.0,0.0,9.0,5.0,11.89,0.71,37.93,1.0
34.0,10.0,4.34,4.76,3.0,7.0,26.0,2.0,7.94,0.2,30.59,0.0
26.0,16.0,10.74,4.86,6.0,3.0,13.0,6.0,13.81,1.52,62.75,1.0
31.0,15.0,8.05,6.85,1.0,9.0,23.0,5.0,10.56,0.59,54.06,1.0
27.0,14.0,8.45,5.78,0.0,16.0,8.0,4.0,11.7,1.02,42.29,1.0
34.0,2.0,12.74,7.87,7.0,17.0,16.0,7.0,17.1,1.93,90.88,2.0
22.0,19.0,8.62,6.73,6.0,2.0,2.0,7.0,12.98,1.84,51.74,1.0
33.0,4.0,4.21,6.17,5.0,17.0,11.0,2.0,8.11,0.21,37.08,1.0
36.0,4.0,6.27,8.81,4.0,6.0,11.0,7.0,11.08,1.8,27.54,0.0
32.0,19.0,8.76,5.95,0.0,16.0,10.0,9.0,12.12,1.78,65.02,1.0
37.0,14.0,8.24,6.0,5.0,17.0,21.0,8.0,9.27,1.27,74.56,2.0
27.0,17.0,12.6,7.33,5.0,19.0,28.0,9.0,14.76,1.06,85.01,2.0
23.0,14.0,9.42,8.05,7.0,7.0,3.0,2.0,11.73,0.43,53.35,1.0
21.0,1.0,10.9,7.13,1.0,10.0,7.0,7.0,14.09,0.24,67.97,1.0
25.0,12.0,8.69,7.49,2.0,2.0,9.0,7.0,13.31,1.21,28.27,0.0
41.0,3.0,8.4,5.86,4.0,6.0,13.0,6.0,12.75,1.64,60.33,1.0
29.0,9.0,8.46,6.4,2.0,14.0,29.0,7.0,10.39,1.38,71.37,2.0
23.0,12.0,8.11,4.99,2.0,9.0,0.0,0.0,11.19,0.36,40.12,1.0
41.0,9.0,9.39,7.4,6.0,11.0,11.0,2.0,13.03,0.58,66.95,1.0
37.0,8.0,6.5,5.11,4.0,11.0,4.0,5.0,11.45,1.09,67.44,1.0
31.0,7.0,12.91,4.01,4.0,18.0,13.0,6.0,14.04,1.25,94.85,2.0
21.0,2.0,7.33,8.67,0.0,18.0,3.0,6.0,10.19,0.14,44.12,1.0
29.0,15.0,5.48,5.53,1.0,14.0,27.0,5.0,10.43,1.23,21.81,0.0
23.0,13.0,4.97,4.98,2.0,4.0,16.0,3.0,9.88,1.47,11.49,0.0
33.0,8.0,4.13,5.34,7.0,12.0,25.0,4.0,6.45,0.36,43.62,1.0
35.0,10.0,8.23,5.65,1.0,8.0,21.0,8.0,9.23,0.49,41.79,1.0
34.0,2.0,5.88,6.37,1.0,9.0,25.0,0.0,9.23,0.52,12.94,0.0
27.0,4.0,4.22,4.35,7.0,7.0,12.0,1.0,8.69,1.88,32.7,0.0
33.0,9.0,9.2,4.26,6.0,8.0,2.0,4.0,11.5,0.81,67.55,1.0
32.0,12.0,10.8,5.46,3.0,5.0,10.0,4.0,15.54,1.06,47.26,1.0
44.0,3.0,4.86,5.48,0.0,17.0,10.0,6.0,7.19,1.45,59.52,1.0
27.0,12.0,8.61,4.59,2.0,9.0,4.0,7.0,12.05,0.74,50.52,1.0
40.0,11.0,11.44,6.02,5.0,14.0,5.0,9.0,15.33,0.21,100.0,2.0
35.0,4.0,13.86,5.42,4.0,12.0,3.0,5.0,16.24,1.31,85.75,2.0
32.0,9.0,10.67,4.13,4.0,10.0,9.0,5.0,13.08,1.33,74.13,2.0
37.0,8.0,6.45,8.43,1.0,1.0,9.0,4.0,9.33,0.52,14.94,0.0
34.0,19.0,11.17,8.43,7.0,7.0,11.0,4.0,15.51,0.07,73.75,2.0
40.0,6.0,9.98,5.05,0.0,17.0,21.0,7.0,11.38,1.33,85.14,2.0
43.0,1.0,6.12,4.81,0.0,2.0,22.0,4.0,9.65,1.41,31.25,0.0
44.0,6.0,12.51,6.74,2.0,2.0,17.0,5.0,16.22,0.05,48.16,1.0
32.0,7.0,8.27,7.15,2.0,6.0,29.0,2.0,11.5,1.39,24.92,0.0
28.0,6.0,13.62,8.79,1.0,17.0,14.0,4.0,18.36,1.88,62.08,1.0
34.0,13.0,11.23,5.89,1.0,8.0,22.0,8.0,14.64,0.36,59.72,1.0
32.0,18.0,10.45,7.09,1.0,17.0,22.0,2.0,13.99,1.04,53.795,1.0
20.0,4.0,11.28,8.39,3.0,0.0,17.0,7.0,14.68,1.39,23.31,0.0
44.0,17.0,8.78,6.25,0.0,3.0,2.0,6.0,12.67,0.46,34.76,0.0
26.0,19.0,9.05,4.61,1.0,3.0,2.0,3.0,10.59,1.5,30.82,0.0
28.0,11.0,12.51,5.89,6.0,16.0,0.0,4.0,12.02,1.74,84.17,2.0
43.0,16.0,10.81,4.68,0.0,1.0,16.0,7.0,11.98,1.63,38.74,1.0
20.0,12.0,12.97,4.08,5.0,14.0,9.0,9.0,16.53,0.52,100.0,2.0
31.0,1.0,12.91,7.76,4.0,12.0,26.0,6.0,16.37,1.61,94.11,2.0
27.0,12.0,13.76,5.19,4.0,8.0,5.0,9.0,15.59,0.83,92.27,2.0
43.0,6.0,11.0,4.01,0.0,6.0,24.0,9.0,12.16,0.53,66.48,1.0
30.0,9.0,9.02,8.36,5.0,11.0,24.0,1.0,10.58,0.34,47.32,1.0
38.0,5.0,5.66,6.22,4.0,11.0,10.0,7.0,7.75,1.82,46.08,1.0
36.0,2.0,11.05,5.19,4.0,13.0,13.0,7.0,15.58,0.85,100.0,2.0
27.0,2.0,6.92,5.31,4.0,14.0,16.0,8.0,11.34,1.73,61.98,1.0
22.0,17.0,6.83,5.2,2.0,0.0,27.0,1.0,8.09,0.32,23.62,0.0
22.0,10.0,6.38,4.97,5.0,8.0,6.0,3.0,8.54,1.53,27.37,0.0
20.0,19.0,12.75,8.21,7.0,15.0,21.0,1.0,17.31,0.22,69.62,1.0
24.0,4.0,12.68,4.85,2.0,8.0,3.0,3.0,12.02,0.04,66.59,1.0
29.0,18.0,10.31,6.81,0.0,15.0,10.0,2.0,15.29,1.99,35.54,1.0
26.0,18.0,8.73,4.39,0.0,1.0,18.0,6.0,10.76,0.15,45.81,1.0
28.0,14.0,10.72,8.75,3.0,9.0,8.0,5.0,14.68,0.92,52.52,1.0
26.0,15.0,10.07,7.02,7.0,17.0,25.0,6.0,12.74,1.76,80.74,2.0
28.0,8.0,8.16,8.52,2.0,12.0,20.0,1.0,9.7,1.64,13.41,0.0
27.0,3.0,7.8,5.99,0.0,1.0,7.0,3.0,9.82,0.94,11.68,0.0
31.0,14.0,7.83,8.05,7.0,12.0,19.0,5.0,11.53,1.22,49.9,1.0
21.0,11.0,9.89,8.27,2.0,2.0,3.0,4.0,12.24,1.26,18.4,0.0
20.0,2.0,10.48,7.51,3.0,14.0,15.0,1.0,13.9,0.22,37.85,1.0
35.0,13.0,8.52,4.46,0.0,2.0,5.0,6.0,10.34,0.57,53.49,1.0
42.0,16.0,13.69,4.08,0.0,9.0,5.0,1.0,16.48,0.6,85.23,2.0
42.0,18.0,4.84,4.84,0.0,5.0,18.0,8.0,7.89,0.76,46.48,1.0
43.0,5.0,7.47,4.59,0.0,13.0,1.0,6.0,10.12,0.55,63.16,1.0
24.0,3.0,8.19,7.63,1.0,8.0,10.0,2.0,9.98,0.5,25.99,0.0
22.0,6.0,4.17,6.79,5.0,17.0,24.0,5.0,7.02,0.71,70.82,2.0
31.0,18.0,7.65,6.63,5.0,9.0,17.0,4.0,11.42,0.76,54.65,1.0
27.0,16.0,6.74,5.26,2.0,5.0,8.0,8.0,11.6,0.97,37.59,1.0
41.0,15.0,9.06,4.77,2.0,14.0,27.0,2.0,13.22,0.35,77.57,2.0
22.0,14.0,7.36,5.03,7.0,13.0,15.0,1.0,9.01,1.58,53.43,1.0
20.0,7.0,11.26,6.0,7.0,14.0,10.0,1.0,13.35,1.72,81.9,2.0
22.0,18.0,9.1,7.7,2.0,19.0,13.0,3.0,10.42,0.5,79.14,2.0
24.0,7.0,5.3,5.27,3.0,5.0,7.0,0.0,6.84,0.25,13.55,0.0
34.0,17.0,11.5,7.49,6.0,11.0,26.0,8.0,13.5,1.44,76.99,2.0
33.0,10.0,4.99,6.46,1.0,9.0,12.0,2.0,6.79,1.85,18.34,0.0
22.0,19.0,8.99,8.43,6.0,18.0,9.0,4.0,14.24,0.07,88.81,2.0
20.0,18.0,13.31,5.16,2.0,7.0,22.0,5.0,15.23,0.03,56.48,1.0
24.0,9.0,7.22,6.25,7.0,4.0,11.0,7.0,9.42,0.37,53.37,1.0
42.0,16.0,13.26,4.48,7.0,9.0,20.0,2.0,14.76,1.37,76.6,2.0
33.0,12.0,11.93,5.68,2.0,10.0,28.0,4.0,14.04,1.93,60.52,1.0
26.0,12.0,13.22,6.53,0.0,19.0,2.0,6.0,16.97,1.5,72.74,2.0
28.0,6.0,10.66,7.66,7.0,13.0,1.0,1.0,12.61,1.02,57.58,1.0
34.0,9.0,6.36,4.99,6.0,13.0,10.0,2.0,8.05,1.4,70.27,2.0
34.0,1.0,12.95,5.09,7.0,1.0,23.0,7.0,14.22,0.46,83.65,2.0
29.0,3.0,5.84,7.16,0.0,16.0,17.0,9.0,8.84,1.38,49.5,1.0
32.0,5.0,6.13,5.91,7.0,14.0,23.0,7.0,10.5,0.64,72.19,2.0
38.0,17.0,6.71,6.41,6.0,2.0,20.0,2.0,7.95,0.44,41.8,1.0
26.0,5.0,7.04,8.18,4.0,2.0,24.0,9.0,10.21,0.47,35.94,1.0
36.0,16.0,9.14,6.5,0.0,2.0,3.0,6.0,12.74,1.34,51.86,1.0
39.0,13.0,11.13,7.26,2.0,2.0,7.0,1.0,14.5,1.53,19.28,0.0
23.0,10.0,13.26,7.28,0.0,17.0,28.0,8.0,17.77,1.16,85.48,2.0
24.0,10.0,4.88,8.02,2.0,5.0,10.0,7.0,9.35,0.13,21.9,0.0
42.0,1.0,13.54,7.19,6.0,13.0,14.0,5.0,14.77,0.08,100.0,2.0
26.0,2.0,13.21,4.32,3.0,2.0,22.0,8.0,15.65,0.43,69.56,1.0
32.0,10.0,4.54,5.71,3.0,0.0,27.0,6.0,8.22,0.57,31.65,0.0
34.0,5.0,7.6,8.95,4.0,9.0,23.0,3.0,12.41,0.81,31.31,0.0
30.0,13.0,12.13,4.98,7.0,12.0,20.0,4.0,16.35,0.15,91.36,2.0
23.0,18.0,10.12,6.93,1.0,8.0,1.0,6.0,11.83,1.45,63.48,1.0
32.0,15.0,11.79,8.21,0.0,1.0,22.0,4.0,13.91,1.42,37.83,1.0
26.0,6.0,11.19,6.93,5.0,9.0,18.0,9.0,15.24,0.69,92.55,2.0
38.0,7.0,8.97,5.86,0.0,11.0,14.0,7.0,11.86,1.13,69.2,1.0
41.0,18.0,4.41,4.4,1.0,18.0,28.0,4.0,7.6,0.2,79.65,2.0
21.0,19.0,9.84,5.81,7.0,2.0,25.0,4.0,13.28,0.83,63.34,1.0
29.0,15.0,4.49,4.91,7.0,18.0,25.0,4.0,5.9,1.72,57.44,1.0
32.0,6.0,8.99,8.8,6.0,0.0,25.0,3.0,14.46,1.32,30.01,0.0
44.0,8.0,12.0,7.58,1.0,14.0,27.0,6.0,16.45,0.21,93.99,2.0
40.0,12.0,8.99,7.75,6.0,12.0,26.0,1.0,12.72,1.7,51.96,1.0
25.0,0.0,13.97,6.18,4.0,6.0,25.0,9.0,17.48,1.36,90.61,2.0
31.0,7.0,8.56,4.55,1.0,1.0,12.0,3.0,12.2,0.91,45.25,1.0
31.0,3.0,11.49,5.33,2.0,19.0,1.0,2.0,13.25,1.38,74.21,2.0
39.0,2.0,10.67,5.3,0.0,10.0,2.0,9.0,12.12,0.35,68.94,1.0
30.0,2.0,13.91,6.43,1.0,15.0,29.0,7.0,14.99,1.1,97.54,2.0
42.0,12.0,11.13,6.3,2.0,13.0,13.0,6.0,15.78,1.24,67.87,1.0
44.0,7.0,5.64,6.17,1.0,14.0,19.0,2.0,8.02,1.86,45.92,1.0
26.0,6.0,13.56,6.48,5.0,19.0,25.0,3.0,14.9,0.13,74.28,2.0
20.0,0.0,10.68,8.94,2.0,18.0,12.0,3.0,13.54,0.75,58.43,1.0
20.0,10.0,4.59,5.49,3.0,6.0,26.0,9.0,5.89,1.87,40.25,1.0
44.0,5.0,10.58,7.08,7.0,8.0,22.0,6.0,11.92,0.43,64.74,1.0
32.0,6.0,12.83,5.2,2.0,3.0,25.0,7.0,15.79,1.63,81.52,2.0
39.0,11.0,8.99,6.33,4.0,5.0,15.0,3.0,12.81,0.0,53.93,1.0
32.0,8.0,7.54,5.0,6.0,9.0,11.0,7.0,10.86,0.05,63.01,1.0
28.0,10.0,12.21,6.79,2.0,2.0,0.0,0.0,15.84,0.66,42.35,1.0
26.0,0.0,9.44,4.18,3.0,5.0,12.0,6.0,12.02,0.21,69.95,1.0
25.0,17.0,5.54,8.08,7.0,4.0,21.0,3.0,9.11,0.77,37.09,1.0
27.0,3.0,6.51,4.64,7.0,14.0,23.0,7.0,8.73,0.26,75.52,2.0
28.0,4.0,11.38,5.84,3.0,10.0,1.0,9.0,14.15,0.45,85.54,2.0
24.0,8.0,12.06,6.39,2.0,19.0,17.0,1.0,14.63,1.01,64.71,1.0
20.0,16.0,6.79,6.16,1.0,12.0,16.0,7.0,9.11,0.64,46.82,1.0
38.0,2.0,7.68,7.63,7.0,5.0,18.0,9.0,9.63,0.42,68.6,1.0
29.0,15.0,4.78,6.98,3.0,4.0,22.0,5.0,6.09,0.79,21.16,0.0
31.0,4.0,11.13,5.48,5.0,1.0,14.0,6.0,14.15,1.4,80.33,2.0
43.0,15.0,4.04,4.26,2.0,16.0,7.0,6.0,7.19,0.24,62.99,1.0
34.0,2.0,4.47,6.46,2.0,11.0,22.0,1.0,6.81,0.96,5.05,0.0
41.0,19.0,4.04,5.76,6.0,11.0,8.0,1.0,8.94,0.55,55.71,1.0
43.0,14.0,10.45,8.45,7.0,13.0,7.0,3.0,13.68,0.76,50.56,1.0
28.0,2.0,8.17,5.98,7.0,6.0,7.0,5.0,12.73,1.64,47.09,1.0
39.0,19.0,6.98,7.59,7.0,13.0,10.0,3.0,10.26,1.86,47.17,1.0
36.0,13.0,13.13,8.7,2.0,9.0,17.0,5.0,14.89,0.49,63.74,1.0
36.0,15.0,5.93,7.26,3.0,8.0,16.0,4.0,10.83,1.26,23.32,0.0
39.0,16.0,7.89,6.07,0.0,13.0,21.0,5.0,12.43,1.35,50.73,1.0
31.0,19.0,13.4,6.84,1.0,16.0,22.0,8.0,16.29,1.68,100.0,2.0
26.0,17.0,8.27,6.72,4.0,16.0,5.0,5.0,10.24,1.8,75.15,2.0
21.0,17.0,9.55,6.92,4.0,12.0,22.0,5.0,11.44,0.94,81.8,2.0
22.0,13.0,4.8,4.73,7.0,17.0,23.0,7.0,9.02,1.97,56.74,1.0
36.0,17.0,11.9,7.49,1.0,18.0,1.0,4.0,13.18,1.94,73.98,2.0
24.0,14.0,8.23,4.73,0.0,16.0,0.0,4.0,11.78,1.01,66.92,1.0
36.0,14.0,12.01,4.07,6.0,5.0,9.0,9.0,15.57,1.08,70.3,2.0
43.0,5.0,6.54,7.12,6.0,11.0,7.0,0.0,8.27,1.34,29.61,0.0
36.0,14.0,8.22,4.58,6.0,5.0,15.0,5.0,12.04,0.75,62.75,1.0
36.0,17.0,11.87,7.85,6.0,2.0,23.0,0.0,15.69,1.32,37.02,1.0
21.0,3.0,13.74,8.33,1.0,14.0,13.0,7.0,16.14,1.03,75.53,2.0
21.0,7.0,4.6,8.72,2.0,9.0,23.0,9.0,7.53,0.07,27.66,0.0
41.0,14.0,12.12,7.32,5.0,14.0,15.0,8.0,16.45,1.71,98.03,2.0
42.0,2.0,7.01,6.41,1.0,0.0,13.0,5.0,10.1,1.88,20.09,0.0
24.0,14.0,9.51,5.76,1.0,2.0,25.0,8.0,12.98,0.05,33.76,0.0
20.0,12.0,6.9,6.45,5.0,4.0,6.0,1.0,9.55,1.58,34.87,0.0
20.0,8.0,10.13,4.95,3.0,13.0,17.0,8.0,11.73,0.77,71.24,2.0
38.0,1.0,7.54,5.74,4.0,3.0,19.0,3.0,12.53,1.17,21.1,0.0
21.0,7.0,7.34,7.59,7.0,8.0,8.0,2.0,10.47,1.0,40.88,1.0
40.0,19.0,4.38,5.09,4.0,17.0,23.0,0.0,6.73,1.1,41.71,1.0
31.0,16.0,5.47,5.32,7.0,9.0,3.0,0.0,9.33,0.99,27.55,0.0
25.0,12.0,13.17,7.75,2.0,7.0,23.0,7.0,16.65,1.71,73.59,2.0
42.0,0.0,13.98,4.89,5.0,12.0,25.0,1.0,15.91,1.37,81.21,2.0
23.0,1.0,11.81,5.23,6.0,1.0,28.0,0.0,16.32,0.83,33.42,0.0
42.0,14.0,6.87,4.09,6.0,19.0,15.0,1.0,8.15,1.38,54.86,1.0
32.0,11.0,8.02,7.6,2.0,19.0,21.0,2.0,11.44,1.93,45.83,1.0
32.0,13.0,11.4,7.09,3.0,6.0,10.0,3.0,14.31,0.16,55.98,1.0
36.0,1.0,13.69,7.47,2.0,10.0,8.0,8.0,15.96,0.78,77.97,2.0
25.0,17.0,8.55,5.07,5.0,4.0,16.0,6.0,12.86,1.74,32.0,0.0
43.0,6.0,12.3,7.44,5.0,17.0,21.0,4.0,15.93,1.48,73.98,2.0
24.0,5.0,13.75,6.98,0.0,7.0,10.0,4.0,17.79,1.87,64.73,1.0
39.0,13.0,12.73,5.83,3.0,9.0,19.0,5.0,15.39,0.08,80.22,2.0
21.0,7.0,6.27,6.19,5.0,1.0,2.0,0.0,11.04,1.73,19.83,0.0
25.0,1.0,4.08,6.84,5.0,2.0,20.0,5.0,12.02,1.58,22.61,0.0
41.0,16.0,8.92,6.47,3.0,4.0,14.0,5.0,12.04,1.63,22.87,0.0
30.0,4.0,9.31,7.21,6.0,15.0,10.0,4.0,14.04,1.19,59.74,1.0
35.0,13.0,6.01,4.9,1.0,9.0,7.0,9.0,7.34,1.02,64.45,1.0
35.0,19.0,6.85,6.7,6.0,10.0,26.0,8.0,8.29,1.08,63.64,1.0
20.0,2.0,11.65,6.25,4.0,18.0,9.0,9.0,16.63,0.82,99.68,2.0
28.0,4.0,8.7,6.31,0.0,15.0,5.0,9.0,13.59,1.05,80.57,2.0
25.0,15.0,7.17,6.35,6.0,11.0,16.0,4.0,11.26,1.48,62.38,1.0
35.0,17.0,10.23,8.41,5.0,1.0,5.0,8.0,13.17,1.19,30.72,0.0
22.0,16.0,10.53,8.09,3.0,10.0,6.0,9.0,13.55,0.59,66.73,1.0
39.0,10.0,11.69,7.15,3.0,0.0,12.0,6.0,13.72,1.2,54.91,1.0
23.0,16.0,5.57,7.58,7.0,4.0,5.0,2.0,8.3,0.17,33.08,0.0
38.0,15.0,11.42,6.46,1.0,13.0,2.0,8.0,14.15,0.01,100.0,2.0
22.0,1.0,9.99,7.72,6.0,9.0,26.0,9.0,11.13,0.8,100.0,2.0
38.0,3.0,4.58,6.43,4.0,6.0,24.0,6.0,7.39,1.51,39.64,1.0
26.0,1.0,7.83,4.7,5.0,7.0,9.0,8.0,11.49,1.1,71.94,2.0
39.0,5.0,7.3,4.38,1.0,14.0,25.0,5.0,10.37,1.74,75.7,2.0
28.0,16.0,8.48,6.46,5.0,4.0,3.0,8.0,12.93,0.25,53.795,2.0
20.0,6.0,7.46,4.81,2.0,12.0,4.0,3.0,9.93,1.93,49.79,1.0
27.0,4.0,7.38,4.15,3.0,18.0,20.0,9.0,10.02,1.84,95.2,2.0
26.0,10.0,12.08,7.66,6.0,1.0,18.0,1.0,15.37,1.2,43.63,1.0
37.0,19.0,5.25,5.24,6.0,4.0,27.0,8.0,12.02,0.12,53.795,1.0
27.0,15.0,13.71,5.84,5.0,4.0,17.0,9.0,16.28,0.91,84.06,2.0
20.0,18.0,9.55,8.11,0.0,5.0,14.0,3.0,13.29,0.36,19.31,0.0
30.0,8.0,8.99,4.57,6.0,15.0,6.0,1.0,8.48,1.26,59.79,1.0
44.0,4.0,5.31,8.18,4.0,1.0,20.0,6.0,9.94,0.38,19.62,0.0
44.0,7.0,9.92,7.2,5.0,4.0,28.0,6.0,13.38,0.96,54.14,1.0
37.0,8.0,10.33,5.71,2.0,14.0,0.0,4.0,11.95,0.41,76.57,2.0
42.0,4.0,4.53,4.59,3.0,0.0,25.0,4.0,7.48,0.36,15.41,0.0
29.0,9.0,6.43,4.46,7.0,18.0,16.0,7.0,10.49,0.5,92.33,2.0
22.0,1.0,11.95,5.68,6.0,2.0,23.0,5.0,15.52,0.06,66.97,1.0
26.0,8.0,4.5,4.7,7.0,18.0,19.0,0.0,9.04,1.43,46.19,1.0
35.0,10.0,12.55,5.34,2.0,14.0,28.0,3.0,16.55,0.61,48.28,1.0
35.0,3.0,10.58,4.26,7.0,2.0,19.0,0.0,11.83,1.4,49.11,1.0
44.0,1.0,8.34,6.98,5.0,7.0,29.0,4.0,9.79,1.31,34.63,0.0
39.0,5.0,7.46,4.73,3.0,14.0,24.0,4.0,11.06,1.02,60.88,1.0
36.0,13.0,4.19,7.78,3.0,0.0,17.0,3.0,6.14,0.62,0.0,0.0
21.0,0.0,12.25,5.09,1.0,5.0,4.0,8.0,15.6,1.13,64.9,1.0
20.0,17.0,5.43,7.99,1.0,16.0,21.0,7.0,9.6,1.84,39.47,1.0
35.0,6.0,7.1,4.95,7.0,15.0,5.0,9.0,10.41,0.8,88.32,2.0
31.0,0.0,9.69,7.61,0.0,12.0,9.0,2.0,12.35,1.01,58.65,1.0
24.0,0.0,6.46,5.67,0.0,0.0,27.0,4.0,10.05,1.5,16.42,0.0
24.0,0.0,8.97,6.92,6.0,2.0,29.0,5.0,10.54,1.61,36.26,1.0
42.0,3.0,12.09,4.19,7.0,5.0,18.0,4.0,15.98,1.85,67.96,1.0
28.0,3.0,8.71,6.48,2.0,19.0,9.0,7.0,12.5,0.99,85.9,2.0
28.0,17.0,13.49,4.74,1.0,2.0,5.0,4.0,16.55,0.39,69.53,1.0
22.0,10.0,12.48,6.43,3.0,14.0,9.0,7.0,14.6,1.53,72.17,2.0
38.0,0.0,7.33,4.71,1.0,14.0,9.0,9.0,11.52,0.25,67.24,1.0
35.0,9.0,8.0,6.19,7.0,10.0,20.0,9.0,11.04,0.84,72.88,2.0
35.0,8.0,8.23,4.55,3.0,5.0,11.0,2.0,9.47,1.26,37.06,1.0
22.0,3.0,10.26,5.1,1.0,5.0,23.0,4.0,14.93,1.38,42.65,1.0
39.0,5.0,6.87,6.98,3.0,8.0,3.0,3.0,10.94,1.47,28.35,0.0
43.0,15.0,13.69,8.88,7.0,13.0,12.0,5.0,17.03,0.39,88.96,2.0
32.0,1.0,10.09,6.25,2.0,10.0,25.0,2.0,12.84,1.96,49.67,1.0
43.0,17.0,7.99,7.44,1.0,5.0,9.0,9.0,12.83,0.36,47.98,1.0
20.0,9.0,10.45,6.7,4.0,17.0,15.0,3.0,14.55,0.19,84.89,2.0
43.0,16.0,7.95,6.49,4.0,19.0,18.0,3.0,12.02,1.33,66.82,1.0
39.0,12.0,12.18,4.32,3.0,14.0,5.0,4.0,15.79,1.82,70.5,2.0
30.0,17.0,9.68,4.72,2.0,8.0,25.0,5.0,11.8,1.12,55.7,1.0
36.0,12.0,4.42,8.42,3.0,10.0,29.0,1.0,6.2,1.19,10.24,0.0
27.0,16.0,5.77,6.05,2.0,1.0,8.0,9.0,7.86,1.08,30.85,0.0
23.0,4.0,12.65,7.07,7.0,5.0,13.0,7.0,14.82,0.09,71.77,2.0
25.0,10.0,9.63,6.64,4.0,13.0,23.0,3.0,12.02,1.36,44.47,1.0
27.0,6.0,13.5,5.89,1.0,13.0,9.0,6.0,15.06,0.72,95.53,2.0
39.0,9.0,4.72,5.94,2.0,12.0,7.0,6.0,8.83,1.87,26.78,0.0
22.0,16.0,6.95,6.78,4.0,4.0,2.0,9.0,10.04,0.37,52.01,1.0
35.0,14.0,5.94,4.71,3.0,8.0,16.0,1.0,8.48,0.6,45.53,1.0
44.0,17.0,9.54,5.94,6.0,10.0,18.0,6.0,11.74,1.01,68.33,1.0
22.0,18.0,7.83,6.23,6.0,6.0,29.0,0.0,10.88,0.95,57.55,1.0
44.0,1.0,5.57,8.93,0.0,1.0,2.0,1.0,7.84,0.8,9.45,0.0
37.0,3.0,10.43,5.76,6.0,11.0,13.0,4.0,13.15,0.63,50.4,1.0
33.0,2.0,9.36,7.22,4.0,4.0,27.0,7.0,13.32,0.29,40.73,1.0
37.0,6.0,6.75,4.69,4.0,1.0,5.0,6.0,10.25,1.64,35.57,1.0
21.0,17.0,8.8,4.33,4.0,13.0,14.0,2.0,12.79,0.9,59.17,1.0
41.0,9.0,11.46,8.36,1.0,6.0,18.0,9.0,15.31,1.15,66.29,1.0
22.0,6.0,6.05,7.65,5.0,4.0,17.0,8.0,10.31,1.09,42.8,1.0
35.0,7.0,6.93,5.59,1.0,3.0,11.0,4.0,8.74,1.15,11.56,0.0
28.0,5.0,7.46,6.52,6.0,9.0,14.0,2.0,12.44,1.41,51.94,1.0
23.0,0.0,8.99,4.68,0.0,15.0,24.0,6.0,14.37,1.26,99.69,2.0
20.0,3.0,12.47,7.54,6.0,5.0,5.0,3.0,16.34,0.55,46.86,1.0
23.0,13.0,7.76,4.35,4.0,5.0,20.0,0.0,11.47,1.11,30.11,0.0
20.0,16.0,6.97,7.79,7.0,8.0,11.0,4.0,10.23,0.49,40.05,1.0
33.0,19.0,12.89,6.73,2.0,0.0,18.0,7.0,17.87,1.18,69.17,1.0
40.0,17.0,13.99,5.39,4.0,15.0,6.0,3.0,15.86,0.86,100.0,2.0
35.0,10.0,10.7,8.31,5.0,16.0,22.0,6.0,13.39,0.08,75.55,2.0
39.0,13.0,13.9,8.93,1.0,12.0,19.0,7.0,15.41,1.47,68.85,1.0
43.0,8.0,10.6,5.27,3.0,5.0,9.0,8.0,12.33,0.55,79.34,2.0
27.0,14.0,11.33,8.03,6.0,1.0,17.0,8.0,15.18,1.84,51.25,1.0
26.0,11.0,7.89,7.75,0.0,7.0,1.0,4.0,8.91,0.56,33.93,0.0
22.0,9.0,8.33,7.74,5.0,3.0,12.0,5.0,12.89,1.99,41.33,1.0
36.0,18.0,5.44,8.79,4.0,8.0,14.0,6.0,8.97,0.93,36.72,1.0
20.0,18.0,12.23,6.43,2.0,6.0,27.0,9.0,14.99,0.05,81.09,2.0
35.0,5.0,13.31,7.37,5.0,0.0,23.0,1.0,15.64,0.15,36.22,1.0
31.0,19.0,8.99,8.12,7.0,13.0,3.0,8.0,11.74,0.16,87.89,2.0
38.0,5.0,7.44,6.4,7.0,1.0,6.0,0.0,12.13,0.11,36.98,1.0
41.0,7.0,5.54,6.41,4.0,7.0,2.0,5.0,9.39,0.54,39.9,1.0
42.0,0.0,6.65,6.46,2.0,10.0,24.0,5.0,9.0,0.65,32.91,0.0
41.0,16.0,6.55,7.9,0.0,4.0,15.0,6.0,7.83,1.02,34.26,0.0
25.0,14.0,13.45,6.26,2.0,11.0,8.0,5.0,15.19,0.73,55.54,1.0
25.0,6.0,4.48,6.1,2.0,19.0,22.0,5.0,8.63,1.27,47.11,1.0
32.0,18.0,8.99,4.36,7.0,18.0,22.0,8.0,7.89,0.39,63.2,1.0
32.0,2.0,10.0,4.03,4.0,4.0,16.0,5.0,12.99,1.83,61.71,1.0
41.0,10.0,6.84,6.64,0.0,6.0,25.0,4.0,11.38,1.03,14.01,0.0
27.0,19.0,12.81,6.09,7.0,1.0,7.0,6.0,14.53,1.25,65.33,1.0
21.0,18.0,7.27,7.98,7.0,16.0,17.0,6.0,10.08,0.08,51.79,1.0
40.0,8.0,6.9,6.71,3.0,12.0,23.0,4.0,10.74,1.12,37.3,1.0
20.0,9.0,6.7,8.68,7.0,10.0,26.0,6.0,7.97,0.74,50.44,1.0
34.0,1.0,5.45,4.98,3.0,4.0,12.0,2.0,7.94,1.85,35.78,1.0
20.0,0.0,9.82,8.95,2.0,12.0,1.0,6.0,13.11,1.77,47.65,1.0
24.0,15.0,5.68,5.49,5.0,12.0,0.0,5.0,8.15,1.28,48.91,1.0
35.0,17.0,8.25,7.21,7.0,7.0,15.0,5.0,11.17,1.54,55.69,1.0
38.0,16.0,8.99,6.51,1.0,10.0,15.0,1.0,12.04,1.29,53.795,1.0
23.0,5.0,4.2,5.8,0.0,7.0,10.0,1.0,6.67,0.03,19.21,0.0
22.0,13.0,4.17,4.7,6.0,9.0,23.0,6.0,5.59,1.41,49.99,1.0
36.0,14.0,9.2,4.67,1.0,10.0,3.0,0.0,10.76,1.02,43.76,1.0
36.0,13.0,10.96,7.56,0.0,0.0,10.0,8.0,14.07,1.37,33.84,0.0
31.0,2.0,13.42,5.89,0.0,6.0,25.0,2.0,15.12,0.02,64.23,1.0
33.0,18.0,5.79,8.81,4.0,7.0,5.0,5.0,10.35,0.62,4.31,0.0
40.0,11.0,5.03,5.63,7.0,5.0,25.0,2.0,9.37,1.03,6.95,0.0
25.0,1.0,4.52,8.92,2.0,13.0,28.0,8.0,6.92,0.67,52.52,1.0
22.0,2.0,8.36,5.03,4.0,19.0,10.0,9.0,12.68,1.39,99.08,2.0
28.0,17.0,10.23,4.51,7.0,6.0,25.0,6.0,13.36,1.05,65.06,1.0
24.0,0.0,12.41,5.56,5.0,2.0,0.0,0.0,14.05,1.92,31.91,0.0
43.0,19.0,10.83,8.43,6.0,1.0,8.0,3.0,14.29,0.72,45.25,1.0
36.0,5.0,6.08,6.61,1.0,17.0,26.0,4.0,9.8,1.44,51.79,1.0
33.0,4.0,8.62,4.68,4.0,2.0,6.0,6.0,9.96,1.67,31.11,0.0
40.0,0.0,13.1,5.01,3.0,13.0,20.0,6.0,15.36,0.51,91.64,2.0
22.0,18.0,7.27,5.56,5.0,17.0,21.0,4.0,8.29,1.51,44.54,1.0
20.0,0.0,8.99,6.95,6.0,12.0,2.0,0.0,11.26,0.79,44.81,1.0
39.0,15.0,13.59,5.66,5.0,7.0,28.0,4.0,15.93,0.26,77.65,2.0
40.0,11.0,11.35,7.74,7.0,3.0,8.0,4.0,14.87,0.01,59.37,1.0
42.0,7.0,11.48,7.08,4.0,14.0,1.0,3.0,13.28,1.49,88.79,2.0
20.0,15.0,6.52,8.37,7.0,11.0,27.0,5.0,7.64,0.37,36.48,1.0
22.0,0.0,8.15,6.46,4.0,13.0,9.0,7.0,10.41,0.1,84.27,2.0
37.0,3.0,4.82,5.66,5.0,19.0,16.0,9.0,9.12,0.99,65.69,1.0
44.0,9.0,10.07,6.46,4.0,6.0,29.0,4.0,12.67,0.69,36.15,1.0
29.0,10.0,5.04,5.78,3.0,11.0,0.0,7.0,7.7,1.38,54.62,1.0
41.0,16.0,12.36,6.14,7.0,8.0,25.0,4.0,12.02,0.21,71.21,2.0
22.0,6.0,12.15,8.05,6.0,9.0,17.0,2.0,16.16,0.27,54.29,1.0
27.0,11.0,9.34,4.44,6.0,7.0,5.0,7.0,12.26,0.81,77.97,2.0
33.0,6.0,5.41,5.93,4.0,19.0,5.0,3.0,6.78,1.04,57.85,1.0
43.0,11.0,4.26,4.43,4.0,1.0,8.0,2.0,6.09,1.65,6.04,0.0
37.0,14.0,11.97,4.7,6.0,15.0,9.0,2.0,13.72,1.17,100.0,2.0
34.0,1.0,10.0,4.02,5.0,17.0,14.0,5.0,13.03,1.81,78.85,2.0
41.0,13.0,11.11,4.05,6.0,19.0,3.0,7.0,12.23,0.44,92.22,2.0
42.0,12.0,7.04,5.9,5.0,9.0,7.0,9.0,9.17,1.19,48.92,1.0
21.0,3.0,9.09,8.05,4.0,5.0,3.0,4.0,12.52,1.31,24.65,0.0
29.0,13.0,11.47,6.94,4.0,5.0,2.0,0.0,13.89,1.45,36.59,1.0
21.0,13.0,8.63,7.17,7.0,19.0,3.0,0.0,12.46,1.98,70.87,2.0
36.0,15.0,10.01,6.6,7.0,12.0,0.0,2.0,12.57,0.94,44.79,1.0
27.0,6.0,8.99,8.1,5.0,18.0,8.0,5.0,16.82,0.74,100.0,2.0
20.0,18.0,6.15,8.4,1.0,16.0,10.0,1.0,11.01,1.7,18.54,0.0
28.0,1.0,4.66,8.25,2.0,1.0,20.0,0.0,8.86,0.35,0.0,0.0
30.0,9.0,9.32,8.06,1.0,17.0,22.0,6.0,14.14,0.07,59.94,1.0
41.0,17.0,4.62,4.91,4.0,6.0,18.0,1.0,6.44,0.89,53.795,0.0
35.0,16.0,11.67,6.97,0.0,13.0,20.0,7.0,15.67,0.49,72.36,2.0
26.0,4.0,11.19,6.91,0.0,14.0,28.0,1.0,13.48,0.79,53.84,1.0
29.0,11.0,12.82,6.64,3.0,7.0,25.0,0.0,16.72,1.97,50.36,1.0
42.0,5.0,10.4,6.4,1.0,8.0,29.0,9.0,12.9,0.7,46.7,1.0
22.0,8.0,4.67,4.45,4.0,10.0,19.0,1.0,6.83,1.42,29.84,0.0
37.0,19.0,6.53,4.51,7.0,2.0,6.0,1.0,11.37,0.5,37.8,1.0
44.0,0.0,12.08,8.51,3.0,19.0,4.0,6.0,13.92,0.61,84.46,2.0
43.0,14.0,5.67,7.15,3.0,13.0,1.0,0.0,9.7,0.49,26.41,0.0
26.0,18.0,11.8,5.4,1.0,2.0,23.0,4.0,14.01,0.45,63.59,1.0
23.0,5.0,7.22,6.03,6.0,13.0,14.0,5.0,8.79,1.36,55.89,1.0
39.0,0.0,12.61,4.3,1.0,7.0,4.0,0.0,17.48,0.05,70.75,2.0
20.0,12.0,6.24,4.69,7.0,9.0,22.0,6.0,10.17,0.05,62.39,1.0
27.0,6.0,13.41,5.97,3.0,7.0,9.0,8.0,17.81,1.07,86.75,2.0
33.0,14.0,9.99,7.5,4.0,4.0,8.0,6.0,11.32,1.68,37.04,1.0
35.0,11.0,13.92,4.24,3.0,11.0,22.0,5.0,16.46,1.2,100.0,2.0
33.0,0.0,4.9,5.67,1.0,1.0,13.0,8.0,7.22,0.87,15.83,0.0
31.0,14.0,5.27,7.48,0.0,16.0,21.0,3.0,8.53,1.76,28.28,0.0
38.0,3.0,12.27,7.96,6.0,12.0,27.0,9.0,14.0,0.39,93.22,2.0
42.0,12.0,12.65,4.95,1.0,13.0,12.0,5.0,15.9,0.72,64.2,1.0
34.0,4.0,8.45,7.66,2.0,8.0,0.0,5.0,12.07,1.13,20.03,0.0
21.0,1.0,11.14,8.78,5.0,8.0,15.0,9.0,12.67,0.58,66.4,1.0
21.0,0.0,12.68,8.53,5.0,8.0,19.0,2.0,14.21,2.0,67.99,1.0
42.0,15.0,4.43,7.95,4.0,19.0,7.0,6.0,5.57,0.9,47.94,1.0
41.0,5.0,9.74,7.56,4.0,5.0,16.0,0.0,13.78,0.1,40.69,1.0
38.0,15.0,12.53,5.18,3.0,11.0,5.0,7.0,14.85,0.35,57.93,1.0
44.0,13.0,7.98,7.17,1.0,9.0,1.0,7.0,9.88,1.06,55.22,1.0
41.0,2.0,7.02,7.22,5.0,4.0,12.0,7.0,11.13,1.1,44.61,1.0
41.0,14.0,11.96,6.03,0.0,17.0,24.0,8.0,13.53,1.97,90.38,2.0
36.0,2.0,7.36,6.47,2.0,6.0,7.0,3.0,10.07,1.2,30.31,0.0
39.0,1.0,4.03,7.47,3.0,12.0,24.0,5.0,8.01,1.33,15.82,0.0
29.0,0.0,13.6,8.76,1.0,0.0,8.0,6.0,16.9,0.43,43.23,1.0
25.0,8.0,8.99,5.48,0.0,5.0,29.0,1.0,13.14,0.21,30.52,0.0
34.0,8.0,12.2,5.23,1.0,7.0,12.0,5.0,13.83,1.2,70.51,2.0
41.0,6.0,12.25,7.01,0.0,8.0,17.0,7.0,13.97,1.73,59.22,1.0
30.0,2.0,4.66,4.65,7.0,6.0,17.0,3.0,7.99,1.17,42.12,1.0
24.0,17.0,5.71,6.91,6.0,9.0,8.0,4.0,12.02,0.89,44.68,1.0
20.0,10.0,7.11,4.44,1.0,7.0,1.0,7.0,11.59,1.16,66.54,1.0
27.0,6.0,7.21,6.45,1.0,1.0,3.0,2.0,9.61,0.94,16.61,0.0
40.0,10.0,10.59,7.1,7.0,17.0,17.0,5.0,12.02,1.02,83.88,2.0
31.0,0.0,10.23,4.35,6.0,14.0,16.0,0.0,12.26,1.48,53.795,1.0
31.0,13.0,8.95,5.03,5.0,5.0,11.0,3.0,13.46,1.07,21.58,0.0
24.0,19.0,6.11,5.68,3.0,13.0,15.0,5.0,9.68,0.8,47.09,1.0
26.0,5.0,7.82,5.84,1.0,17.0,12.0,2.0,10.62,1.12,58.22,1.0
23.0,6.0,9.44,7.38,1.0,2.0,10.0,0.0,12.78,0.48,18.28,0.0
25.0,9.0,8.68,6.65,3.0,0.0,13.0,5.0,11.2,0.86,30.96,0.0
32.0,6.0,5.27,5.91,3.0,0.0,9.0,2.0,8.13,1.24,5.43,0.0
39.0,1.0,10.5,6.25,4.0,13.0,22.0,7.0,12.93,0.45,96.02,2.0
34.0,3.0,4.73,4.06,4.0,0.0,27.0,6.0,7.37,1.02,28.55,0.0
22.0,16.0,7.78,7.85,5.0,0.0,26.0,6.0,10.04,1.04,28.64,0.0
42.0,10.0,11.1,4.21,3.0,3.0,20.0,7.0,12.41,1.72,87.19,2.0
27.0,9.0,4.2,8.15,6.0,11.0,18.0,6.0,5.35,1.69,18.71,0.0
39.0,18.0,9.7,6.7,2.0,14.0,23.0,4.0,11.4,0.99,53.81,1.0
35.0,14.0,7.35,6.64,5.0,3.0,20.0,9.0,9.36,0.39,40.29,1.0
32.0,9.0,4.09,7.52,0.0,9.0,16.0,7.0,8.65,1.47,14.2,0.0
29.0,11.0,13.41,8.71,3.0,5.0,13.0,5.0,18.24,1.19,53.07,1.0
38.0,15.0,9.21,6.72,4.0,9.0,29.0,9.0,11.57,0.21,71.28,2.0
36.0,8.0,13.97,4.75,7.0,11.0,4.0,5.0,16.58,1.26,100.0,2.0
43.0,14.0,9.25,8.39,1.0,2.0,2.0,1.0,13.13,0.75,24.7,0.0
38.0,16.0,9.44,4.2,3.0,14.0,21.0,7.0,12.75,0.67,75.31,2.0
32.0,13.0,7.92,8.04,3.0,15.0,7.0,9.0,11.03,1.96,66.1,1.0
24.0,17.0,7.1,7.4,4.0,9.0,17.0,0.0,10.4,0.86,22.84,0.0
40.0,1.0,6.52,8.52,4.0,10.0,26.0,8.0,9.86,1.36,43.67,1.0
42.0,3.0,7.43,8.49,2.0,15.0,29.0,8.0,11.49,1.26,43.99,1.0
28.0,17.0,8.6,4.27,5.0,16.0,2.0,5.0,12.27,0.21,68.61,1.0
31.0,6.0,5.92,7.05,4.0,13.0,22.0,9.0,10.75,1.5,58.28,1.0
40.0,12.0,6.25,4.62,4.0,15.0,1.0,5.0,11.04,0.65,86.25,2.0
20.0,14.0,6.72,4.39,4.0,13.0,26.0,5.0,9.41,1.6,53.63,1.0
20.0,0.0,8.49,6.24,7.0,5.0,10.0,3.0,9.63,1.22,43.97,1.0
34.0,10.0,10.53,4.49,5.0,9.0,27.0,0.0,11.57,0.63,65.57,1.0
21.0,9.0,12.56,7.64,1.0,16.0,4.0,0.0,14.05,0.71,73.23,2.0
41.0,4.0,6.87,8.84,3.0,9.0,24.0,0.0,8.17,1.46,26.74,0.0
35.0,15.0,5.84,6.85,3.0,9.0,29.0,4.0,8.33,1.1,37.64,1.0
44.0,10.0,7.79,5.18,4.0,13.0,6.0,6.0,9.0,1.34,61.78,1.0
27.0,5.0,12.94,8.22,6.0,19.0,14.0,0.0,16.44,1.02,87.02,2.0
32.0,8.0,4.1,8.27,6.0,16.0,13.0,5.0,5.86,1.57,27.48,0.0
32.0,12.0,10.78,7.66,5.0,8.0,28.0,5.0,13.84,0.64,60.45,1.0
20.0,7.0,8.77,7.08,2.0,14.0,18.0,1.0,10.18,1.24,53.46,1.0
35.0,13.0,5.61,8.34,4.0,6.0,1.0,1.0,9.92,0.23,20.81,0.0
26.0,0.0,7.21,4.82,7.0,1.0,25.0,6.0,11.33,0.64,40.57,1.0
24.0,16.0,6.25,8.66,5.0,9.0,8.0,8.0,8.8,1.3,19.46,0.0
41.0,4.0,12.78,8.74,5.0,19.0,24.0,7.0,17.42,0.55,79.28,2.0
42.0,1.0,8.82,6.46,7.0,17.0,24.0,1.0,10.56,1.76,43.44,1.0
22.0,8.0,9.63,5.25,2.0,10.0,9.0,6.0,13.89,1.32,62.86,1.0
31.0,3.0,9.94,8.29,5.0,4.0,18.0,4.0,13.12,1.74,48.09,1.0
35.0,16.0,10.4,6.49,7.0,7.0,16.0,9.0,12.72,0.79,75.93,2.0
38.0,16.0,8.96,6.97,3.0,19.0,24.0,3.0,10.3,0.07,72.52,2.0
24.0,17.0,4.18,8.2,2.0,4.0,6.0,9.0,5.87,1.02,27.36,0.0
41.0,15.0,7.35,4.15,2.0,1.0,17.0,3.0,11.8,0.68,19.59,0.0
44.0,7.0,5.84,5.81,0.0,4.0,5.0,3.0,9.27,0.9,14.14,0.0
33.0,10.0,10.8,8.08,2.0,2.0,26.0,8.0,12.75,1.36,35.25,1.0
24.0,17.0,4.57,8.07,2.0,11.0,8.0,6.0,7.55,1.4,24.2,0.0
34.0,9.0,9.64,8.24,7.0,18.0,7.0,6.0,11.07,0.06,85.59,2.0
36.0,12.0,6.11,4.85,1.0,6.0,26.0,3.0,7.51,1.54,27.23,0.0
33.0,16.0,13.49,7.53,3.0,18.0,27.0,8.0,18.12,0.99,90.15,2.0
39.0,17.0,7.36,4.73,4.0,3.0,21.0,7.0,10.19,1.11,52.79,1.0
24.0,9.0,7.25,7.93,7.0,13.0,21.0,9.0,9.7,0.6,71.16,2.0
31.0,15.0,13.23,5.23,0.0,18.0,23.0,3.0,18.03,0.84,90.32,2.0
35.0,19.0,8.17,7.69,2.0,17.0,8.0,5.0,10.77,1.42,57.55,1.0
35.0,4.0,13.63,6.28,1.0,6.0,14.0,3.0,15.97,1.55,50.77,1.0
40.0,12.0,4.24,8.93,1.0,14.0,0.0,0.0,6.33,0.77,0.0,0.0
26.0,17.0,7.06,6.9,7.0,0.0,1.0,4.0,10.32,1.38,30.69,0.0
23.0,16.0,10.66,7.16,5.0,11.0,21.0,5.0,13.89,0.52,85.3,2.0
20.0,8.0,12.91,6.46,4.0,18.0,23.0,2.0,13.97,1.66,83.66,2.0
24.0,13.0,6.56,7.67,4.0,5.0,3.0,0.0,10.18,1.22,35.06,1.0
42.0,16.0,13.3,6.47,6.0,12.0,27.0,1.0,17.45,1.55,67.28,1.0
29.0,3.0,9.94,4.09,3.0,5.0,19.0,1.0,13.4,0.95,51.02,1.0
41.0,17.0,12.01,7.04,6.0,12.0,28.0,7.0,16.49,0.46,87.71,2.0
24.0,19.0,7.97,8.15,5.0,14.0,17.0,3.0,10.08,0.86,49.62,1.0
21.0,10.0,13.11,5.11,1.0,7.0,0.0,3.0,16.9,0.67,64.06,1.0
39.0,11.0,13.33,7.04,0.0,12.0,9.0,9.0,15.08,0.42,97.02,2.0
29.0,8.0,8.98,8.09,3.0,12.0,8.0,0.0,10.34,1.52,40.84,1.0
38.0,12.0,4.06,5.25,7.0,19.0,22.0,0.0,5.45,0.17,58.97,1.0
20.0,14.0,5.1,8.66,2.0,19.0,24.0,4.0,9.17,1.78,29.88,0.0
43.0,14.0,9.73,8.64,5.0,11.0,12.0,6.0,10.84,0.35,71.59,2.0
24.0,4.0,4.24,6.46,4.0,18.0,14.0,8.0,6.4,1.96,48.45,1.0
32.0,18.0,7.97,5.32,5.0,16.0,17.0,6.0,9.49,1.98,66.71,1.0
23.0,19.0,7.03,7.5,2.0,2.0,25.0,4.0,11.05,0.8,10.96,0.0
35.0,13.0,11.14,8.76,5.0,14.0,12.0,2.0,14.15,1.98,72.5,2.0
43.0,16.0,4.56,7.55,4.0,16.0,4.0,7.0,6.38,1.74,46.51,1.0
35.0,17.0,8.89,6.22,2.0,5.0,1.0,6.0,12.89,0.16,60.23,1.0
42.0,2.0,9.79,4.85,0.0,9.0,25.0,3.0,13.79,1.89,69.12,1.0
36.0,0.0,8.05,7.03,3.0,3.0,8.0,2.0,10.15,0.36,17.89,0.0
39.0,9.0,7.04,5.65,5.0,11.0,18.0,7.0,10.39,1.17,59.11,1.0
43.0,18.0,10.82,6.55,4.0,1.0,13.0,1.0,15.55,0.16,29.29,0.0
31.0,16.0,8.99,6.46,0.0,6.0,16.0,8.0,13.69,0.32,73.53,2.0
37.0,11.0,10.94,6.26,1.0,15.0,19.0,3.0,13.01,1.91,61.35,1.0
22.0,0.0,13.32,4.45,0.0,11.0,19.0,6.0,15.46,1.99,69.47,1.0
20.0,11.0,11.17,4.25,0.0,15.0,10.0,9.0,14.7,1.6,74.85,2.0
20.0,16.0,11.65,8.29,0.0,13.0,21.0,6.0,15.25,1.03,51.69,1.0
38.0,2.0,5.68,5.03,7.0,0.0,4.0,7.0,7.51,1.8,40.44,1.0
30.0,10.0,8.2,6.88,4.0,8.0,11.0,6.0,10.06,0.22,51.04,1.0
24.0,16.0,8.85,4.74,7.0,6.0,28.0,3.0,13.56,1.89,37.76,1.0
31.0,2.0,6.56,5.31,1.0,4.0,20.0,6.0,10.59,0.7,35.25,1.0
22.0,7.0,9.29,5.81,3.0,9.0,8.0,4.0,14.03,1.72,57.51,1.0
32.0,19.0,6.91,4.72,0.0,9.0,28.0,9.0,11.23,1.34,52.49,1.0
20.0,3.0,10.88,4.23,4.0,17.0,26.0,6.0,13.49,1.92,73.3,2.0
27.0,6.0,8.7,8.39,4.0,6.0,16.0,2.0,10.19,1.73,25.12,0.0
29.0,13.0,8.59,4.06,3.0,17.0,7.0,9.0,12.11,1.78,76.33,2.0
30.0,13.0,13.84,4.31,6.0,9.0,23.0,6.0,16.25,1.26,100.0,2.0
31.0,3.0,7.92,8.03,2.0,10.0,26.0,6.0,10.62,1.67,36.93,1.0
32.0,15.0,7.62,5.41,1.0,9.0,7.0,1.0,10.32,1.51,33.55,0.0
31.0,0.0,7.19,7.61,1.0,8.0,28.0,7.0,11.94,0.32,25.13,0.0
33.0,16.0,12.95,4.73,5.0,14.0,11.0,6.0,14.23,1.3,95.49,2.0
21.0,9.0,8.97,5.19,0.0,13.0,29.0,8.0,10.74,0.3,69.36,1.0
38.0,15.0,10.0,6.86,2.0,2.0,28.0,3.0,13.43,1.74,21.41,0.0
37.0,15.0,5.81,8.94,6.0,13.0,18.0,8.0,10.35,0.13,54.67,1.0
22.0,7.0,9.41,4.37,1.0,15.0,9.0,0.0,14.08,1.97,48.0,1.0
42.0,6.0,6.75,6.0,6.0,2.0,23.0,4.0,9.98,0.8,32.45,0.0
36.0,5.0,11.31,4.22,5.0,7.0,1.0,9.0,12.45,0.34,78.47,2.0
27.0,15.0,12.33,5.0,0.0,1.0,23.0,6.0,14.78,1.87,53.16,1.0
29.0,19.0,11.15,8.54,2.0,1.0,27.0,3.0,15.83,0.09,16.99,0.0
21.0,15.0,11.3,4.48,4.0,17.0,7.0,6.0,14.3,0.94,91.23,2.0
38.0,6.0,9.12,8.28,0.0,6.0,13.0,8.0,13.03,1.54,39.69,1.0
28.0,8.0,11.12,4.89,2.0,16.0,18.0,4.0,13.2,0.63,96.92,2.0
26.0,13.0,8.23,8.31,3.0,5.0,3.0,4.0,9.33,1.06,27.12,0.0
23.0,10.0,10.51,6.69,1.0,9.0,8.0,1.0,13.82,1.4,56.87,1.0
40.0,13.0,6.59,8.39,6.0,6.0,12.0,4.0,10.93,1.9,36.38,1.0
37.0,6.0,4.7,4.76,0.0,3.0,8.0,7.0,9.66,0.21,28.31,0.0
32.0,0.0,8.13,7.81,5.0,10.0,25.0,3.0,12.52,0.31,46.13,1.0
30.0,10.0,8.62,7.4,4.0,15.0,12.0,1.0,11.84,1.02,37.72,1.0
43.0,19.0,6.56,6.71,5.0,16.0,24.0,7.0,9.99,0.84,58.0,1.0
23.0,2.0,11.28,8.05,6.0,5.0,15.0,3.0,15.58,1.02,52.55,1.0
44.0,19.0,4.74,7.24,0.0,19.0,25.0,4.0,5.82,1.02,37.72,1.0
40.0,3.0,6.23,8.39,1.0,18.0,21.0,6.0,11.04,1.12,55.97,1.0
44.0,10.0,11.49,6.46,1.0,19.0,0.0,4.0,14.61,1.77,82.67,2.0
23.0,1.0,8.37,6.95,2.0,17.0,7.0,9.0,13.18,0.32,79.54,2.0
29.0,13.0,11.05,8.35,5.0,14.0,28.0,3.0,15.11,0.43,72.68,2.0
24.0,11.0,9.67,5.07,4.0,1.0,8.0,6.0,11.28,1.34,54.77,1.0
32.0,16.0,13.51,6.43,4.0,18.0,23.0,3.0,15.17,0.11,94.15,2.0
43.0,11.0,9.98,8.8,6.0,5.0,12.0,9.0,12.39,1.35,49.21,1.0
22.0,11.0,4.15,6.37,2.0,11.0,16.0,3.0,6.21,0.63,45.24,1.0
36.0,0.0,7.53,5.26,4.0,0.0,27.0,1.0,10.29,0.72,30.22,0.0
22.0,12.0,5.43,5.76,7.0,9.0,21.0,4.0,8.85,0.81,49.35,1.0
35.0,13.0,13.25,8.43,0.0,18.0,24.0,7.0,16.0,0.7,77.99,2.0
23.0,1.0,5.04,8.77,0.0,3.0,8.0,3.0,6.27,1.68,20.62,0.0
37.0,11.0,7.88,8.75,7.0,18.0,6.0,1.0,12.78,1.89,40.65,1.0
36.0,15.0,6.26,7.49,5.0,5.0,22.0,8.0,8.96,1.1,40.13,1.0
32.0,3.0,12.47,6.55,6.0,7.0,19.0,5.0,16.87,1.16,72.03,2.0
43.0,7.0,7.09,4.91,2.0,8.0,22.0,2.0,8.39,0.14,27.48,0.0
42.0,1.0,13.92,4.62,7.0,9.0,9.0,9.0,18.16,1.43,100.0,2.0
24.0,9.0,4.39,4.3,4.0,9.0,20.0,4.0,6.08,1.17,44.22,1.0
31.0,8.0,5.28,4.09,3.0,9.0,26.0,5.0,9.0,0.1,37.78,1.0
36.0,14.0,6.25,8.39,1.0,3.0,25.0,8.0,9.9,0.4,34.96,0.0
42.0,12.0,12.11,8.05,7.0,17.0,4.0,4.0,16.75,0.4,76.61,2.0
32.0,16.0,12.79,6.84,6.0,11.0,16.0,8.0,15.07,0.34,89.63,2.0
42.0,15.0,4.71,8.99,2.0,10.0,1.0,0.0,6.15,1.32,0.0,0.0
44.0,1.0,4.32,8.77,7.0,15.0,8.0,9.0,8.78,1.86,54.25,1.0
22.0,19.0,11.45,7.28,6.0,18.0,1.0,3.0,13.78,1.53,82.46,2.0
28.0,19.0,5.33,6.32,7.0,10.0,9.0,0.0,7.26,0.95,19.28,0.0
36.0,13.0,5.33,4.76,2.0,3.0,26.0,1.0,8.27,0.81,10.58,0.0
36.0,2.0,4.22,6.58,0.0,11.0,11.0,1.0,5.8,0.77,10.1,0.0
39.0,11.0,4.5,4.79,1.0,16.0,1.0,9.0,6.69,1.2,64.8,1.0
35.0,7.0,6.64,5.99,6.0,12.0,14.0,4.0,9.18,0.72,46.49,1.0
44.0,1.0,4.65,8.71,6.0,3.0,24.0,0.0,6.76,0.45,2.91,0.0
41.0,3.0,7.69,5.71,6.0,5.0,2.0,9.0,10.49,1.21,56.21,1.0
32.0,13.0,12.33,4.76,7.0,6.0,1.0,2.0,14.87,0.78,67.42,1.0
38.0,15.0,7.26,6.91,2.0,7.0,6.0,5.0,11.36,0.03,58.72,1.0
36.0,18.0,11.28,7.01,7.0,1.0,27.0,0.0,15.95,0.04,37.39,1.0
23.0,1.0,4.94,4.97,6.0,8.0,8.0,0.0,6.34,0.55,27.79,0.0
31.0,11.0,10.59,4.98,0.0,9.0,10.0,2.0,14.88,1.02,55.56,1.0
28.0,13.0,7.17,8.95,0.0,18.0,28.0,8.0,11.9,0.71,52.25,1.0
38.0,5.0,11.5,5.22,5.0,0.0,21.0,1.0,15.25,0.05,43.49,1.0
31.0,12.0,5.36,8.19,7.0,15.0,27.0,5.0,10.35,0.45,54.18,1.0
28.0,3.0,12.98,6.35,5.0,17.0,15.0,2.0,15.32,0.19,96.38,2.0
26.0,17.0,6.43,6.17,2.0,7.0,6.0,5.0,10.75,1.9,44.0,1.0
33.0,11.0,7.53,5.47,2.0,9.0,28.0,6.0,11.22,0.63,50.64,1.0
39.0,19.0,13.5,7.87,0.0,10.0,12.0,6.0,15.79,0.03,66.17,1.0
38.0,18.0,9.78,8.4,5.0,16.0,2.0,1.0,13.6,1.32,45.92,1.0
34.0,7.0,7.66,5.31,6.0,6.0,10.0,2.0,10.7,0.46,58.79,1.0
35.0,6.0,13.5,4.48,6.0,2.0,2.0,3.0,15.26,1.13,72.18,2.0
40.0,15.0,7.29,4.68,7.0,6.0,14.0,7.0,8.99,0.3,55.04,1.0
24.0,18.0,4.95,7.96,2.0,5.0,7.0,4.0,8.8,1.97,2.27,0.0
22.0,5.0,13.97,6.18,1.0,2.0,6.0,0.0,17.82,1.94,30.32,0.0
31.0,19.0,6.68,4.66,0.0,7.0,4.0,8.0,9.8,1.31,45.42,1.0
44.0,10.0,12.51,5.7,0.0,0.0,5.0,0.0,15.52,1.41,37.52,1.0
39.0,4.0,5.66,6.57,2.0,4.0,24.0,1.0,7.38,0.85,28.23,0.0
40.0,15.0,11.31,8.26,2.0,18.0,18.0,6.0,14.03,1.92,82.76,2.0
23.0,6.0,9.24,7.21,2.0,12.0,27.0,2.0,13.73,0.85,47.48,1.0
40.0,4.0,13.81,4.88,7.0,10.0,2.0,5.0,18.23,0.48,89.21,2.0
42.0,10.0,9.53,6.46,6.0,10.0,29.0,7.0,13.17,0.23,84.93,2.0
35.0,14.0,4.25,6.06,6.0,1.0,10.0,4.0,9.24,0.42,3.21,0.0
44.0,2.0,10.04,4.38,7.0,8.0,5.0,0.0,14.61,1.14,49.1,1.0
26.0,4.0,5.45,7.78,1.0,1.0,26.0,9.0,7.03,0.49,31.03,0.0
32.0,4.0,11.99,6.01,7.0,18.0,23.0,2.0,14.59,1.31,94.12,2.0
40.0,8.0,12.57,5.72,0.0,11.0,20.0,1.0,14.1,0.76,74.25,2.0
29.0,14.0,8.82,6.55,3.0,8.0,13.0,5.0,11.68,1.77,44.92,1.0
26.0,2.0,11.83,7.54,7.0,8.0,16.0,4.0,15.94,1.12,78.35,2.0
33.0,5.0,5.45,6.85,1.0,9.0,14.0,6.0,7.07,1.25,27.76,0.0
24.0,16.0,8.92,8.01,1.0,4.0,28.0,1.0,13.44,1.11,15.38,0.0
22.0,7.0,7.94,7.15,6.0,8.0,23.0,5.0,11.22,1.77,48.32,1.0
42.0,10.0,10.11,7.94,7.0,17.0,3.0,4.0,14.11,0.13,89.57,2.0
30.0,5.0,4.44,7.48,5.0,9.0,8.0,5.0,5.62,0.13,44.02,1.0
30.0,7.0,11.52,4.97,0.0,16.0,12.0,4.0,12.9,1.4,53.795,2.0
37.0,10.0,4.79,4.26,6.0,9.0,5.0,6.0,8.27,1.54,52.48,1.0
34.0,2.0,10.56,8.52,3.0,13.0,9.0,4.0,14.91,0.87,67.96,1.0
31.0,13.0,4.18,8.73,0.0,3.0,19.0,6.0,8.68,0.7,6.76,0.0
28.0,13.0,12.32,7.63,1.0,9.0,19.0,0.0,16.07,0.56,53.795,1.0
29.0,9.0,5.75,7.62,2.0,17.0,25.0,8.0,7.55,0.47,85.79,2.0
31.0,11.0,9.15,5.35,0.0,4.0,20.0,5.0,10.93,1.82,47.04,1.0
36.0,5.0,6.61,6.71,7.0,8.0,12.0,8.0,11.14,0.59,57.46,1.0
25.0,11.0,11.23,6.46,0.0,5.0,22.0,0.0,12.68,1.3,31.84,0.0
26.0,13.0,7.21,8.28,2.0,15.0,13.0,1.0,10.95,1.57,21.52,0.0
33.0,1.0,11.25,5.52,3.0,15.0,11.0,6.0,14.38,0.04,84.75,2.0
32.0,10.0,6.85,5.51,3.0,10.0,22.0,3.0,9.54,0.07,44.83,1.0
27.0,9.0,11.52,6.42,0.0,14.0,12.0,9.0,14.28,0.67,76.4,2.0
29.0,16.0,4.31,6.02,6.0,18.0,9.0,0.0,9.09,1.39,56.22,1.0
28.0,16.0,6.83,5.86,7.0,2.0,6.0,4.0,11.28,0.52,42.85,1.0
37.0,2.0,8.99,7.13,2.0,15.0,4.0,3.0,13.45,0.0,65.28,1.0
21.0,18.0,4.45,4.06,5.0,19.0,11.0,5.0,12.02,0.58,53.795,1.0
24.0,0.0,5.86,7.82,0.0,4.0,28.0,6.0,7.29,0.18,11.59,0.0
24.0,11.0,13.35,6.46,2.0,8.0,24.0,2.0,18.34,0.44,53.795,1.0
25.0,6.0,13.77,8.15,1.0,4.0,1.0,5.0,15.35,0.67,53.67,1.0
38.0,3.0,11.4,8.21,5.0,3.0,7.0,1.0,12.02,0.26,31.7,0.0
27.0,9.0,6.52,6.83,2.0,12.0,25.0,9.0,8.58,1.41,60.82,1.0
35.0,12.0,6.61,7.9,6.0,19.0,7.0,3.0,9.65,0.51,55.24,1.0
32.0,1.0,10.46,6.46,0.0,16.0,18.0,9.0,12.68,1.32,61.06,1.0
20.0,9.0,5.18,8.76,4.0,19.0,4.0,8.0,9.77,1.2,54.87,1.0
41.0,3.0,13.48,4.95,3.0,11.0,29.0,6.0,18.35,1.8,84.79,2.0
39.0,17.0,6.25,8.58,0.0,19.0,7.0,1.0,8.89,0.18,44.57,1.0
36.0,4.0,14.0,5.29,2.0,19.0,9.0,5.0,15.28,0.43,100.0,2.0
26.0,18.0,8.99,4.51,7.0,6.0,12.0,3.0,12.02,1.73,46.98,1.0
44.0,1.0,11.71,6.2,5.0,0.0,8.0,7.0,14.22,1.64,61.53,1.0
32.0,11.0,4.02,7.07,5.0,15.0,6.0,7.0,8.96,0.38,44.43,1.0
23.0,16.0,12.89,5.15,2.0,6.0,19.0,0.0,14.25,0.22,65.8,1.0
23.0,9.0,6.7,6.78,7.0,1.0,19.0,7.0,8.18,1.71,46.39,1.0
25.0,1.0,10.68,8.04,3.0,11.0,18.0,9.0,14.48,0.36,49.64,1.0
38.0,5.0,12.06,5.29,0.0,10.0,10.0,6.0,16.09,1.74,60.95,1.0
31.0,7.0,5.64,6.9,5.0,7.0,7.0,0.0,8.52,1.92,53.795,0.0
41.0,18.0,8.43,5.7,5.0,0.0,21.0,2.0,10.54,0.44,34.07,0.0
26.0,10.0,8.94,6.65,4.0,2.0,15.0,4.0,11.18,1.68,46.67,1.0
29.0,11.0,7.12,7.33,1.0,7.0,9.0,2.0,9.47,0.85,36.54,1.0
38.0,8.0,8.82,5.75,4.0,7.0,5.0,2.0,10.72,1.58,50.46,1.0
26.0,1.0,7.18,8.97,1.0,10.0,9.0,0.0,11.58,0.81,1.1,0.0
22.0,7.0,7.61,6.82,5.0,4.0,9.0,7.0,8.87,0.14,47.44,1.0
32.0,10.0,10.69,8.12,1.0,7.0,24.0,8.0,13.32,1.43,60.23,1.0
32.0,3.0,10.33,7.63,0.0,8.0,26.0,4.0,14.32,0.3,47.37,1.0
37.0,9.0,6.32,8.26,5.0,16.0,18.0,0.0,7.34,1.85,30.05,0.0
39.0,19.0,12.97,4.87,5.0,9.0,3.0,0.0,17.48,0.84,71.55,2.0
27.0,15.0,12.63,5.11,7.0,18.0,18.0,8.0,16.46,0.16,100.0,2.0
28.0,7.0,9.09,6.44,1.0,18.0,2.0,0.0,10.38,0.46,52.87,1.0
26.0,3.0,8.33,8.26,2.0,1.0,16.0,8.0,12.91,1.73,18.1,0.0
20.0,10.0,7.77,4.99,1.0,18.0,13.0,2.0,10.72,0.64,76.89,2.0
22.0,11.0,11.07,8.86,1.0,14.0,9.0,2.0,14.68,1.71,50.38,1.0
32.0,13.0,10.72,4.64,3.0,7.0,5.0,3.0,15.25,0.34,57.67,1.0
44.0,15.0,5.96,4.88,3.0,7.0,15.0,4.0,10.48,0.94,46.89,1.0
36.0,17.0,10.71,4.84,0.0,0.0,8.0,5.0,13.34,1.76,24.36,0.0
44.0,11.0,6.52,6.93,0.0,13.0,20.0,5.0,8.47,0.1,62.9,1.0
43.0,17.0,4.19,8.59,2.0,10.0,11.0,9.0,6.22,0.61,40.65,1.0
20.0,6.0,10.99,5.28,3.0,6.0,11.0,8.0,15.05,1.82,88.67,2.0
25.0,19.0,10.45,6.77,4.0,17.0,27.0,0.0,15.17,1.19,67.55,1.0
40.0,6.0,8.11,4.88,0.0,14.0,13.0,8.0,9.4,1.43,68.27,1.0
25.0,8.0,9.26,7.16,0.0,9.0,25.0,3.0,10.32,1.68,30.22,0.0
31.0,0.0,13.47,4.62,3.0,3.0,1.0,6.0,17.76,1.05,69.24,1.0
32.0,5.0,9.95,6.46,3.0,0.0,9.0,5.0,12.5,1.69,24.05,0.0
32.0,5.0,10.58,7.28,2.0,13.0,3.0,8.0,12.69,1.28,91.15,2.0
34.0,11.0,4.64,6.9,7.0,19.0,27.0,1.0,6.39,1.37,45.08,1.0
40.0,11.0,5.66,4.7,3.0,19.0,5.0,1.0,8.05,0.31,63.65,1.0
35.0,9.0,7.01,4.81,7.0,8.0,29.0,6.0,11.9,1.88,64.71,1.0
41.0,5.0,9.39,7.36,6.0,12.0,22.0,8.0,14.3,1.59,67.32,1.0
40.0,16.0,11.77,8.04,1.0,16.0,27.0,4.0,14.1,0.51,62.12,1.0
30.0,18.0,7.21,8.54,5.0,19.0,28.0,6.0,12.06,1.16,54.92,1.0
24.0,17.0,7.56,8.07,4.0,3.0,12.0,7.0,9.76,0.75,21.3,0.0
23.0,10.0,6.56,8.87,5.0,4.0,22.0,7.0,10.98,1.32,18.53,0.0
22.0,18.0,6.55,6.04,1.0,9.0,13.0,3.0,8.4,1.99,48.99,1.0
38.0,9.0,13.49,5.66,6.0,16.0,3.0,9.0,17.8,1.02,100.0,2.0
39.0,7.0,10.35,4.14,6.0,6.0,9.0,6.0,12.76,1.91,67.7,1.0
44.0,5.0,5.56,6.25,1.0,9.0,9.0,0.0,7.34,0.14,31.34,0.0
37.0,6.0,11.22,7.26,5.0,8.0,4.0,3.0,15.96,0.92,66.93,1.0
34.0,0.0,11.22,8.08,1.0,12.0,28.0,4.0,13.08,0.96,53.84,1.0
28.0,17.0,10.66,5.34,0.0,17.0,3.0,9.0,15.63,0.54,100.0,2.0
36.0,19.0,5.35,6.57,6.0,11.0,11.0,6.0,6.78,1.13,45.19,1.0
33.0,11.0,8.08,7.31,5.0,7.0,25.0,5.0,9.12,1.67,37.52,1.0
34.0,15.0,5.07,6.76,7.0,17.0,21.0,3.0,9.55,0.59,53.22,1.0
20.0,9.0,12.17,5.37,1.0,4.0,26.0,2.0,15.52,0.14,40.58,1.0
40.0,9.0,10.55,7.98,7.0,6.0,13.0,5.0,13.24,1.26,55.16,1.0
41.0,13.0,9.07,4.87,0.0,14.0,6.0,9.0,10.4,1.5,50.29,1.0
41.0,19.0,7.43,6.46,3.0,2.0,1.0,4.0,10.73,1.91,22.27,0.0
22.0,9.0,5.84,8.76,6.0,17.0,13.0,5.0,8.41,0.32,31.62,0.0
35.0,9.0,5.06,5.83,4.0,5.0,9.0,3.0,7.99,1.8,19.92,0.0
42.0,10.0,13.69,5.88,4.0,5.0,27.0,1.0,17.21,0.96,75.97,2.0
44.0,1.0,6.0,7.72,1.0,19.0,15.0,8.0,9.56,0.47,61.48,1.0
30.0,19.0,4.6,6.28,4.0,0.0,2.0,6.0,9.44,1.93,0.0,0.0
31.0,7.0,13.62,4.14,0.0,16.0,26.0,9.0,17.24,0.48,100.0,2.0
32.0,6.0,9.49,8.6,3.0,10.0,7.0,2.0,11.85,1.47,35.14,1.0
35.0,7.0,11.97,6.15,1.0,1.0,22.0,7.0,14.29,1.57,61.72,1.0
27.0,0.0,4.44,5.02,2.0,8.0,27.0,7.0,7.35,0.86,37.69,1.0
32.0,1.0,9.67,6.78,4.0,18.0,16.0,0.0,11.71,1.38,71.48,2.0
31.0,17.0,7.98,5.09,6.0,5.0,3.0,4.0,10.49,1.14,52.2,1.0
43.0,14.0,11.72,5.03,7.0,6.0,14.0,4.0,16.09,0.38,83.33,2.0
40.0,0.0,4.38,6.73,4.0,3.0,29.0,2.0,8.82,1.52,6.45,0.0
27.0,4.0,8.02,5.96,4.0,2.0,18.0,1.0,11.53,1.86,34.8,0.0
23.0,1.0,11.99,6.86,1.0,1.0,14.0,0.0,15.32,0.98,26.49,0.0
27.0,19.0,9.23,8.98,5.0,9.0,19.0,3.0,11.94,1.99,18.95,0.0
37.0,2.0,9.5,8.3,5.0,9.0,25.0,9.0,13.04,0.86,54.05,1.0
24.0,18.0,4.97,4.04,4.0,16.0,9.0,1.0,9.19,0.96,48.1,1.0
28.0,17.0,5.32,4.25,4.0,15.0,29.0,4.0,9.27,1.35,55.56,1.0
23.0,17.0,10.77,7.05,7.0,0.0,9.0,9.0,11.91,0.37,66.35,1.0
41.0,13.0,10.75,7.13,2.0,11.0,22.0,1.0,14.67,1.8,57.42,1.0
36.0,7.0,13.79,6.46,5.0,19.0,23.0,0.0,17.67,1.6,77.28,2.0
28.0,11.0,11.12,7.15,0.0,19.0,11.0,9.0,12.52,1.74,86.6,2.0
20.0,9.0,8.93,5.14,6.0,9.0,14.0,9.0,10.53,1.22,84.79,2.0
40.0,19.0,12.57,6.34,1.0,0.0,14.0,9.0,16.72,1.77,40.87,1.0
39.0,16.0,5.04,8.04,1.0,15.0,28.0,9.0,8.28,1.36,52.47,1.0
32.0,10.0,8.49,8.61,2.0,10.0,17.0,8.0,12.78,1.02,64.07,1.0
35.0,1.0,6.87,5.18,6.0,3.0,19.0,1.0,8.61,1.86,32.51,0.0
32.0,3.0,5.05,6.7,2.0,2.0,0.0,9.0,6.17,0.88,32.2,0.0
33.0,0.0,11.64,4.79,0.0,12.0,2.0,3.0,13.29,1.0,75.07,2.0
22.0,14.0,9.11,6.48,3.0,14.0,7.0,2.0,11.92,0.34,36.47,1.0
25.0,12.0,9.57,4.45,1.0,9.0,6.0,0.0,12.66,1.9,39.25,1.0
38.0,3.0,8.6,7.19,6.0,10.0,7.0,1.0,12.46,0.4,51.07,1.0
24.0,9.0,5.16,8.27,4.0,0.0,14.0,7.0,10.12,0.2,10.68,0.0
34.0,18.0,10.73,8.99,6.0,19.0,26.0,0.0,12.04,0.91,71.64,2.0
44.0,17.0,8.32,4.91,0.0,3.0,21.0,5.0,9.84,0.55,36.05,1.0
21.0,4.0,12.17,7.47,7.0,9.0,4.0,3.0,13.51,1.48,51.7,1.0
29.0,18.0,5.96,8.43,1.0,14.0,11.0,2.0,9.11,0.62,19.54,0.0
43.0,15.0,6.05,6.88,5.0,0.0,11.0,0.0,8.12,1.44,0.0,0.0
37.0,0.0,10.46,7.2,0.0,14.0,25.0,9.0,14.19,0.39,76.2,2.0
32.0,11.0,12.46,6.04,7.0,2.0,8.0,0.0,13.99,0.46,60.01,1.0
24.0,1.0,8.72,7.37,3.0,0.0,20.0,6.0,10.13,1.61,23.62,0.0
42.0,7.0,11.27,5.98,5.0,5.0,8.0,5.0,14.11,0.74,49.14,1.0
32.0,17.0,13.99,6.38,1.0,18.0,14.0,2.0,16.49,0.22,87.19,2.0
20.0,15.0,13.9,4.51,6.0,3.0,14.0,1.0,18.22,1.92,62.5,1.0
41.0,4.0,11.44,4.04,4.0,11.0,28.0,9.0,15.79,0.35,91.3,2.0
20.0,12.0,11.4,4.28,5.0,1.0,19.0,2.0,12.87,0.3,48.53,1.0
37.0,18.0,6.48,4.96,7.0,16.0,11.0,7.0,10.73,0.72,88.76,2.0
34.0,2.0,12.34,6.28,7.0,5.0,4.0,6.0,15.6,1.02,71.71,2.0
36.0,7.0,8.05,4.1,1.0,11.0,0.0,6.0,11.06,0.31,49.89,1.0
30.0,11.0,13.62,4.78,7.0,14.0,21.0,4.0,15.0,1.69,93.65,2.0
40.0,1.0,8.99,7.91,0.0,16.0,18.0,9.0,8.77,0.34,54.98,1.0
44.0,10.0,8.36,7.81,3.0,0.0,10.0,2.0,9.6,0.22,26.07,0.0
41.0,11.0,9.56,7.95,7.0,13.0,25.0,0.0,11.67,1.76,31.21,0.0
36.0,17.0,8.05,8.61,5.0,1.0,17.0,0.0,9.43,0.89,25.54,0.0
32.0,12.0,6.11,4.6,0.0,3.0,5.0,5.0,9.23,0.31,33.7,0.0
20.0,4.0,9.93,4.82,0.0,19.0,16.0,3.0,13.51,1.16,77.28,2.0
21.0,11.0,11.56,5.67,2.0,1.0,13.0,6.0,16.12,0.08,85.24,2.0
28.0,1.0,10.45,8.58,0.0,13.0,11.0,9.0,14.39,0.85,74.27,2.0
22.0,4.0,6.34,7.88,6.0,17.0,24.0,9.0,11.18,1.18,73.0,2.0
20.0,6.0,11.32,5.62,5.0,7.0,4.0,9.0,15.36,1.91,73.31,2.0
40.0,11.0,6.57,4.44,3.0,19.0,6.0,0.0,8.76,0.65,55.79,1.0
35.0,15.0,5.75,7.08,4.0,9.0,26.0,5.0,8.94,1.53,3.74,0.0
42.0,7.0,10.91,5.28,2.0,15.0,25.0,6.0,13.74,0.27,84.93,2.0
25.0,8.0,12.43,6.66,0.0,6.0,15.0,0.0,15.69,0.87,59.42,1.0
36.0,14.0,8.82,8.71,5.0,5.0,24.0,1.0,12.11,0.45,34.27,0.0
24.0,4.0,8.99,6.86,6.0,18.0,8.0,8.0,13.12,0.98,100.0,2.0
24.0,12.0,7.03,8.62,6.0,9.0,28.0,8.0,8.36,0.83,55.82,1.0
22.0,10.0,5.32,7.17,1.0,9.0,14.0,3.0,6.89,1.02,16.39,0.0
40.0,9.0,13.56,8.47,2.0,9.0,3.0,6.0,14.66,1.16,100.0,2.0
42.0,19.0,12.0,6.94,3.0,2.0,19.0,4.0,15.08,0.35,47.84,1.0
24.0,12.0,10.68,7.07,1.0,19.0,22.0,2.0,14.01,1.11,58.3,1.0
40.0,8.0,9.38,7.58,7.0,2.0,23.0,3.0,10.52,1.58,26.86,0.0
24.0,13.0,11.92,8.41,3.0,19.0,6.0,1.0,14.98,0.08,95.18,2.0
29.0,17.0,8.95,4.44,1.0,5.0,26.0,5.0,12.09,0.87,51.11,1.0
29.0,14.0,7.0,5.68,4.0,9.0,13.0,2.0,8.21,0.09,58.67,1.0
38.0,9.0,5.6,5.99,3.0,17.0,29.0,6.0,9.45,0.49,64.79,1.0
32.0,6.0,10.48,8.55,1.0,9.0,25.0,3.0,12.32,0.18,43.78,1.0
40.0,7.0,13.29,8.78,7.0,5.0,3.0,7.0,17.47,1.92,59.09,1.0
33.0,2.0,5.54,4.6,6.0,12.0,3.0,0.0,7.78,0.34,35.48,1.0
28.0,14.0,5.8,4.6,7.0,5.0,23.0,8.0,8.71,0.3,48.64,1.0
33.0,15.0,8.34,8.67,3.0,11.0,27.0,2.0,12.91,1.94,11.3,0.0
20.0,3.0,12.07,5.48,7.0,13.0,13.0,2.0,16.29,1.03,79.87,2.0
38.0,5.0,6.94,5.21,2.0,16.0,24.0,4.0,11.07,1.52,38.67,1.0
32.0,0.0,6.54,4.18,3.0,7.0,6.0,9.0,8.18,0.65,65.22,1.0
32.0,3.0,10.2,5.38,5.0,4.0,14.0,0.0,11.39,1.07,50.49,1.0
23.0,10.0,8.99,7.47,3.0,3.0,11.0,2.0,12.78,0.01,28.84,0.0
20.0,11.0,4.6,6.13,1.0,5.0,13.0,3.0,7.24,0.82,18.75,0.0
36.0,4.0,4.81,6.58,7.0,10.0,12.0,1.0,9.45,1.11,36.45,1.0
27.0,15.0,10.43,8.59,7.0,4.0,29.0,5.0,12.83,1.03,53.795,1.0
21.0,12.0,8.65,4.57,3.0,13.0,18.0,9.0,11.29,0.81,76.02,2.0
27.0,12.0,13.71,4.36,4.0,9.0,11.0,3.0,16.81,1.58,64.08,1.0
26.0,16.0,10.79,8.26,0.0,10.0,15.0,0.0,14.98,1.02,26.85,0.0
21.0,6.0,4.1,7.87,2.0,2.0,25.0,2.0,6.17,1.27,0.0,0.0
41.0,7.0,8.81,5.32,5.0,7.0,15.0,6.0,13.58,0.37,67.69,1.0
41.0,12.0,8.14,5.62,6.0,4.0,0.0,2.0,11.3,1.72,3.41,0.0
22.0,15.0,5.07,5.55,1.0,19.0,14.0,5.0,9.43,0.73,44.48,1.0
37.0,3.0,13.23,7.24,6.0,9.0,4.0,5.0,16.33,0.96,77.51,2.0
31.0,7.0,12.05,4.31,6.0,7.0,5.0,5.0,16.14,0.7,54.73,1.0
20.0,15.0,6.3,6.45,7.0,8.0,26.0,1.0,7.51,1.78,21.2,0.0
41.0,9.0,6.56,4.67,3.0,14.0,24.0,9.0,10.76,1.8,74.41,2.0
31.0,11.0,4.32,8.1,3.0,0.0,20.0,5.0,7.42,0.45,0.0,0.0
24.0,11.0,8.99,5.9,3.0,4.0,16.0,1.0,9.77,1.51,16.13,0.0
32.0,4.0,9.85,6.64,7.0,14.0,10.0,1.0,11.3,0.21,75.93,2.0
36.0,15.0,8.21,4.15,2.0,3.0,26.0,3.0,12.18,0.06,39.42,1.0
35.0,0.0,13.69,4.29,5.0,18.0,3.0,7.0,15.21,1.67,100.0,2.0
34.0,8.0,4.56,7.38,0.0,9.0,17.0,5.0,6.33,0.26,35.93,1.0
42.0,11.0,9.91,7.83,4.0,1.0,19.0,7.0,11.42,0.31,59.17,1.0
34.0,4.0,12.58,7.55,5.0,4.0,13.0,3.0,13.61,1.21,39.77,1.0
24.0,19.0,8.81,7.69,4.0,17.0,22.0,2.0,12.46,1.63,52.16,1.0
40.0,2.0,4.03,4.52,6.0,5.0,8.0,6.0,6.11,0.38,37.33,1.0
33.0,4.0,6.43,7.47,5.0,9.0,27.0,6.0,8.03,0.23,43.05,1.0
21.0,1.0,7.24,4.91,1.0,14.0,2.0,1.0,9.52,0.15,43.45,1.0
30.0,13.0,13.66,4.49,0.0,8.0,2.0,0.0,16.66,0.05,64.74,1.0
38.0,1.0,13.12,7.79,0.0,12.0,10.0,7.0,16.13,0.23,54.27,1.0
26.0,12.0,13.49,8.45,2.0,17.0,19.0,2.0,15.96,1.89,58.93,1.0
25.0,6.0,12.26,7.58,7.0,6.0,22.0,5.0,15.24,0.19,87.86,2.0
21.0,9.0,7.52,8.03,5.0,1.0,21.0,6.0,10.23,1.2,24.12,0.0
25.0,12.0,8.99,8.96,3.0,15.0,29.0,7.0,17.35,1.84,70.72,2.0
37.0,15.0,13.82,4.67,0.0,1.0,4.0,5.0,14.94,1.26,60.47,1.0
21.0,13.0,7.5,6.46,4.0,3.0,3.0,6.0,11.97,0.07,36.15,1.0
32.0,10.0,6.61,7.01,3.0,1.0,11.0,4.0,8.59,1.19,0.0,0.0
34.0,9.0,9.47,8.07,2.0,16.0,23.0,2.0,13.36,1.81,49.43,1.0
21.0,3.0,4.33,6.85,6.0,9.0,3.0,6.0,6.51,0.63,44.98,1.0
39.0,0.0,13.46,7.52,5.0,13.0,2.0,7.0,16.92,0.5,82.33,2.0
44.0,6.0,13.26,5.6,5.0,14.0,22.0,7.0,17.34,1.01,100.0,2.0
25.0,8.0,5.63,8.62,1.0,11.0,1.0,5.0,8.43,0.48,53.795,1.0
20.0,7.0,8.08,4.58,5.0,18.0,3.0,1.0,10.95,1.45,77.23,2.0
43.0,4.0,12.31,5.59,1.0,10.0,23.0,8.0,13.55,1.29,86.62,2.0
34.0,18.0,10.61,4.16,3.0,0.0,3.0,5.0,15.31,0.8,49.93,1.0
42.0,9.0,8.99,5.36,7.0,7.0,25.0,9.0,12.34,1.45,66.1,1.0
29.0,10.0,11.44,5.09,6.0,5.0,27.0,2.0,14.03,0.2,78.08,2.0
36.0,5.0,13.26,6.46,3.0,19.0,1.0,0.0,15.51,1.21,71.1,2.0
24.0,14.0,7.79,6.34,6.0,9.0,10.0,1.0,11.71,1.02,56.88,1.0
23.0,4.0,5.74,4.39,6.0,17.0,4.0,8.0,8.81,0.13,78.21,2.0
43.0,18.0,4.93,8.77,2.0,19.0,12.0,9.0,6.16,0.99,69.88,1.0
36.0,9.0,11.22,4.55,7.0,1.0,3.0,2.0,16.08,0.97,63.41,1.0
29.0,11.0,5.4,5.53,1.0,6.0,8.0,7.0,9.75,0.64,46.3,1.0
36.0,3.0,7.89,4.18,6.0,8.0,6.0,9.0,12.06,0.02,69.9,1.0
39.0,17.0,8.12,4.74,0.0,17.0,29.0,7.0,10.34,0.85,66.84,1.0
43.0,15.0,5.59,7.5,7.0,8.0,24.0,4.0,7.75,0.8,39.96,1.0
24.0,7.0,13.23,5.83,4.0,7.0,26.0,7.0,16.52,0.85,85.91,2.0
21.0,3.0,4.03,6.26,0.0,0.0,28.0,1.0,8.41,1.22,10.51,0.0
25.0,11.0,12.94,4.78,3.0,4.0,12.0,1.0,17.68,0.6,63.29,1.0
40.0,1.0,12.84,7.41,4.0,15.0,9.0,3.0,14.92,0.54,95.45,2.0
21.0,3.0,7.17,7.76,7.0,13.0,6.0,7.0,10.6,1.0,67.32,1.0
32.0,4.0,11.04,4.91,0.0,12.0,17.0,1.0,14.94,1.18,54.37,1.0
30.0,10.0,6.53,4.22,5.0,10.0,27.0,3.0,8.44,1.13,41.35,1.0
30.0,8.0,11.59,4.4,2.0,19.0,17.0,7.0,14.22,1.76,100.0,2.0
35.0,17.0,9.61,7.29,1.0,12.0,1.0,2.0,11.36,1.54,39.51,1.0
30.0,10.0,7.0,4.68,5.0,14.0,20.0,7.0,10.8,0.1,73.64,2.0
38.0,2.0,8.0,6.47,4.0,15.0,0.0,1.0,12.46,1.13,41.22,1.0
34.0,1.0,10.9,4.76,6.0,12.0,12.0,0.0,15.41,0.84,67.3,1.0
44.0,8.0,13.06,4.85,2.0,7.0,22.0,5.0,16.74,0.72,81.24,2.0
42.0,13.0,5.31,4.02,6.0,17.0,1.0,7.0,7.7,1.92,63.82,1.0
42.0,3.0,9.71,5.6,0.0,18.0,3.0,8.0,13.35,0.91,74.47,2.0
35.0,8.0,6.54,4.45,5.0,14.0,8.0,9.0,11.0,1.44,73.37,2.0
30.0,12.0,12.01,5.97,3.0,9.0,7.0,7.0,15.51,1.93,76.2,2.0
41.0,17.0,4.7,6.99,4.0,3.0,25.0,1.0,7.35,0.3,16.94,0.0
35.0,14.0,10.89,5.84,3.0,5.0,17.0,0.0,15.57,0.11,65.47,1.0
27.0,9.0,5.75,7.53,2.0,7.0,29.0,6.0,10.09,0.63,32.49,0.0
23.0,15.0,9.96,7.71,3.0,6.0,15.0,6.0,14.49,0.09,53.795,1.0
27.0,11.0,12.36,7.48,1.0,11.0,3.0,2.0,16.97,0.23,69.56,1.0
23.0,10.0,11.55,8.68,7.0,17.0,3.0,5.0,14.13,1.98,80.1,2.0
43.0,4.0,11.53,5.19,6.0,17.0,17.0,6.0,15.97,1.92,81.62,2.0
44.0,1.0,9.18,4.95,2.0,18.0,1.0,8.0,12.46,1.38,74.94,2.0
22.0,9.0,12.91,7.05,7.0,3.0,20.0,0.0,14.06,1.51,37.75,1.0
22.0,0.0,9.88,6.97,2.0,0.0,10.0,2.0,13.42,0.28,16.92,0.0
37.0,6.0,13.18,6.55,3.0,4.0,19.0,4.0,16.06,1.19,62.48,1.0
38.0,16.0,9.47,4.02,2.0,6.0,23.0,2.0,11.57,0.31,64.12,1.0
32.0,15.0,9.06,6.78,0.0,10.0,3.0,7.0,13.94,0.76,62.56,1.0
40.0,2.0,6.22,8.66,4.0,10.0,23.0,9.0,7.44,0.69,55.06,1.0
24.0,13.0,9.45,5.67,5.0,9.0,13.0,5.0,14.23,1.23,51.16,1.0
37.0,9.0,5.41,8.84,4.0,6.0,20.0,1.0,7.05,0.16,18.82,0.0
29.0,6.0,12.7,5.78,7.0,15.0,16.0,0.0,15.21,0.21,88.62,2.0
41.0,16.0,10.76,4.7,6.0,0.0,29.0,9.0,13.43,1.22,84.66,2.0
40.0,5.0,13.94,5.99,5.0,0.0,29.0,4.0,17.86,1.27,64.76,1.0
25.0,3.0,4.92,6.47,3.0,11.0,24.0,8.0,6.78,0.68,64.71,1.0
20.0,16.0,6.41,7.15,7.0,15.0,7.0,9.0,11.35,0.29,74.25,2.0
24.0,8.0,12.77,6.52,1.0,4.0,0.0,8.0,16.77,1.02,67.4,1.0
28.0,3.0,7.95,6.68,1.0,13.0,27.0,0.0,12.11,0.11,52.13,1.0
31.0,6.0,8.66,4.12,4.0,17.0,18.0,2.0,10.09,1.43,68.17,1.0
33.0,1.0,12.61,5.27,6.0,8.0,18.0,5.0,15.52,0.28,68.43,1.0
21.0,16.0,9.22,5.55,3.0,1.0,20.0,4.0,14.0,1.27,27.62,0.0
36.0,7.0,5.93,8.94,2.0,11.0,6.0,3.0,8.01,1.33,48.89,1.0
33.0,14.0,12.92,5.48,1.0,9.0,0.0,1.0,14.5,1.61,58.63,1.0
32.0,14.0,4.31,8.48,7.0,1.0,0.0,3.0,7.25,0.79,15.63,0.0
28.0,7.0,12.95,5.52,4.0,14.0,9.0,4.0,17.67,0.04,79.82,2.0
44.0,15.0,4.51,4.48,3.0,3.0,12.0,1.0,7.46,1.62,14.93,0.0
34.0,18.0,10.66,5.24,6.0,18.0,21.0,9.0,13.28,0.89,100.0,2.0
44.0,10.0,4.72,5.36,7.0,3.0,29.0,0.0,8.32,1.69,0.0,0.0
41.0,1.0,11.06,8.89,6.0,8.0,4.0,6.0,15.81,1.55,60.08,1.0
34.0,16.0,4.34,7.37,4.0,12.0,11.0,6.0,5.54,1.0,39.23,1.0
43.0,15.0,12.42,8.66,5.0,9.0,27.0,7.0,14.03,2.0,69.69,1.0
30.0,14.0,8.66,8.17,4.0,13.0,28.0,9.0,10.19,0.92,88.19,2.0
35.0,12.0,4.93,6.89,6.0,2.0,2.0,5.0,6.27,1.39,18.52,0.0
36.0,14.0,11.07,7.38,1.0,2.0,28.0,0.0,13.28,1.34,20.42,0.0
23.0,3.0,8.89,7.12,5.0,19.0,18.0,7.0,10.81,1.04,78.02,2.0
20.0,15.0,5.91,7.33,7.0,15.0,3.0,1.0,9.1,1.17,65.06,1.0
27.0,11.0,4.16,5.32,4.0,8.0,14.0,2.0,6.47,1.6,23.11,0.0
36.0,3.0,8.18,6.04,2.0,13.0,12.0,7.0,10.8,1.14,67.83,1.0
22.0,2.0,4.86,6.96,2.0,15.0,10.0,3.0,9.63,0.9,12.01,0.0
39.0,16.0,4.94,4.18,1.0,8.0,25.0,4.0,6.56,1.32,32.51,0.0
34.0,17.0,6.67,6.41,7.0,4.0,1.0,8.0,9.22,0.07,51.63,1.0
34.0,17.0,10.3,8.3,2.0,9.0,28.0,6.0,12.33,0.22,64.13,1.0
43.0,16.0,9.3,6.46,3.0,14.0,8.0,9.0,12.02,0.25,77.19,2.0
41.0,11.0,4.69,6.76,5.0,3.0,28.0,6.0,8.64,0.85,13.23,0.0
33.0,3.0,13.68,5.01,1.0,13.0,11.0,0.0,17.95,1.74,64.93,1.0
42.0,11.0,12.87,7.97,5.0,19.0,3.0,0.0,15.93,1.29,89.11,2.0
33.0,19.0,6.59,5.79,7.0,19.0,25.0,7.0,11.01,1.95,74.28,2.0
43.0,14.0,5.22,8.78,6.0,6.0,18.0,9.0,9.36,0.08,23.61,0.0
21.0,15.0,13.42,8.97,4.0,3.0,9.0,0.0,15.05,1.44,26.28,0.0
32.0,10.0,8.61,8.58,3.0,16.0,10.0,9.0,10.59,0.63,53.795,2.0
33.0,14.0,7.11,4.42,1.0,8.0,6.0,1.0,10.8,0.05,28.0,0.0
43.0,16.0,8.9,5.67,4.0,3.0,12.0,3.0,13.8,1.65,38.91,1.0
38.0,17.0,11.73,8.73,4.0,2.0,8.0,8.0,14.23,1.02,70.58,2.0
26.0,4.0,5.68,8.02,4.0,18.0,11.0,6.0,7.6,0.43,60.89,1.0
22.0,12.0,11.67,8.56,4.0,8.0,28.0,6.0,16.15,0.68,52.9,1.0
34.0,18.0,11.49,6.86,4.0,7.0,1.0,9.0,13.29,1.58,72.82,2.0
42.0,12.0,9.39,6.4,1.0,6.0,29.0,6.0,13.18,1.25,54.52,1.0
33.0,17.0,12.66,4.53,2.0,6.0,21.0,4.0,13.8,0.53,63.27,1.0
30.0,13.0,5.32,8.2,4.0,3.0,20.0,0.0,6.4,0.34,0.0,0.0
34.0,3.0,9.95,7.73,6.0,18.0,0.0,4.0,12.76,1.02,76.84,2.0
32.0,3.0,8.49,4.29,6.0,11.0,26.0,7.0,12.12,0.3,94.29,2.0
37.0,19.0,8.22,5.05,3.0,19.0,6.0,6.0,9.79,1.74,64.35,1.0
25.0,19.0,6.53,6.79,1.0,5.0,0.0,6.0,10.59,1.85,21.87,0.0
22.0,18.0,7.72,7.42,0.0,11.0,25.0,1.0,9.23,1.94,12.31,0.0
38.0,12.0,5.08,4.69,2.0,19.0,24.0,0.0,8.21,1.67,32.76,0.0
32.0,11.0,6.52,5.22,4.0,3.0,15.0,3.0,8.75,1.77,22.56,0.0
44.0,6.0,6.72,4.97,6.0,1.0,3.0,7.0,10.73,1.63,39.09,1.0
42.0,11.0,11.21,5.1,4.0,14.0,29.0,0.0,15.43,1.92,34.52,0.0
24.0,3.0,4.49,8.6,1.0,5.0,7.0,1.0,5.75,1.69,0.0,0.0
29.0,1.0,10.51,6.46,1.0,17.0,16.0,6.0,12.28,0.92,89.28,2.0
26.0,1.0,6.21,7.69,4.0,4.0,20.0,5.0,10.78,0.65,26.46,0.0
44.0,4.0,4.82,7.97,6.0,3.0,18.0,5.0,7.48,1.17,16.92,0.0
36.0,9.0,7.01,5.78,3.0,10.0,3.0,7.0,9.92,1.22,47.15,1.0
26.0,9.0,6.24,7.84,1.0,10.0,27.0,8.0,7.91,1.15,30.85,0.0
41.0,8.0,9.52,8.89,5.0,8.0,3.0,7.0,14.5,1.41,53.06,1.0
31.0,12.0,7.57,7.49,6.0,2.0,7.0,0.0,12.26,1.4,21.41,0.0
44.0,10.0,13.66,6.08,6.0,10.0,9.0,3.0,14.67,0.17,100.0,2.0
36.0,4.0,13.64,7.58,2.0,1.0,25.0,4.0,16.84,0.57,53.795,1.0
32.0,9.0,8.44,8.5,3.0,8.0,28.0,8.0,12.93,1.78,58.27,1.0
39.0,9.0,11.95,4.64,6.0,9.0,15.0,5.0,14.67,1.18,92.87,2.0
44.0,5.0,4.13,5.33,7.0,10.0,18.0,5.0,6.88,0.66,40.98,1.0
23.0,10.0,9.48,8.6,4.0,2.0,0.0,2.0,12.0,1.7,15.19,0.0
29.0,7.0,11.43,8.73,7.0,16.0,4.0,1.0,12.55,0.5,54.38,1.0
22.0,0.0,6.17,6.42,6.0,10.0,1.0,1.0,10.33,0.82,36.4,1.0
28.0,16.0,4.61,5.87,7.0,16.0,28.0,6.0,7.44,0.55,57.94,1.0
32.0,6.0,5.56,5.41,3.0,18.0,26.0,4.0,8.68,1.74,62.18,1.0
37.0,13.0,8.42,6.49,7.0,3.0,15.0,9.0,10.44,1.46,59.37,1.0
34.0,16.0,9.06,8.67,5.0,1.0,12.0,0.0,13.2,0.92,0.0,0.0
23.0,8.0,7.81,4.75,6.0,13.0,29.0,4.0,11.98,1.86,60.11,1.0
34.0,16.0,8.4,6.1,3.0,14.0,5.0,0.0,11.61,1.85,45.42,1.0
41.0,4.0,8.7,8.56,6.0,2.0,3.0,8.0,13.32,1.42,39.86,1.0
21.0,19.0,11.69,5.75,0.0,19.0,24.0,7.0,13.15,1.78,94.46,2.0
34.0,7.0,5.05,7.84,7.0,12.0,6.0,3.0,9.2,1.44,28.05,0.0
27.0,5.0,11.69,5.95,7.0,12.0,1.0,0.0,14.92,1.26,76.72,2.0
27.0,10.0,10.89,8.02,4.0,17.0,22.0,7.0,12.81,0.84,75.62,2.0
36.0,18.0,11.42,8.91,2.0,19.0,9.0,4.0,12.95,0.55,69.41,1.0
31.0,3.0,11.34,5.94,4.0,6.0,13.0,0.0,13.54,0.12,71.82,2.0
38.0,17.0,8.71,8.23,0.0,15.0,7.0,1.0,13.14,1.02,22.45,0.0
29.0,0.0,6.11,8.94,4.0,15.0,2.0,4.0,10.26,0.24,44.53,1.0
28.0,12.0,9.37,8.92,4.0,5.0,2.0,8.0,12.95,0.82,52.55,1.0
24.0,13.0,13.58,6.17,2.0,5.0,26.0,9.0,14.94,0.47,75.71,2.0
25.0,0.0,9.89,6.43,7.0,3.0,1.0,7.0,14.71,0.91,64.87,1.0
39.0,10.0,4.11,5.52,0.0,2.0,27.0,9.0,6.33,0.63,33.68,0.0
21.0,16.0,4.6,5.57,4.0,0.0,16.0,7.0,8.03,1.66,24.21,0.0
43.0,3.0,13.93,6.46,5.0,2.0,18.0,8.0,18.14,1.96,73.96,2.0
32.0,11.0,4.72,5.0,6.0,18.0,9.0,1.0,6.25,1.88,50.43,1.0
25.0,9.0,4.46,7.56,4.0,8.0,11.0,6.0,8.07,1.24,20.34,0.0
24.0,5.0,7.53,6.68,1.0,13.0,14.0,9.0,8.66,1.96,49.82,1.0
44.0,0.0,13.69,8.49,4.0,18.0,22.0,4.0,15.1,0.8,91.12,2.0
20.0,6.0,7.19,8.05,2.0,18.0,10.0,2.0,11.08,1.04,40.86,1.0
40.0,15.0,8.1,5.61,1.0,12.0,8.0,9.0,9.72,0.51,68.01,1.0
41.0,13.0,10.34,6.53,5.0,15.0,29.0,7.0,13.11,1.8,52.34,1.0
40.0,19.0,4.24,7.75,6.0,7.0,24.0,1.0,6.23,0.36,24.11,0.0
25.0,19.0,12.98,4.97,5.0,15.0,12.0,3.0,15.66,1.22,100.0,2.0
25.0,5.0,9.19,4.16,5.0,8.0,5.0,4.0,12.02,1.6,65.43,1.0
42.0,4.0,8.67,8.26,4.0,8.0,13.0,4.0,12.69,1.19,40.02,1.0
35.0,17.0,12.61,4.69,5.0,2.0,14.0,3.0,13.93,0.16,75.74,2.0
23.0,14.0,13.53,8.45,3.0,6.0,10.0,2.0,17.88,1.22,49.9,1.0
30.0,5.0,8.23,8.57,2.0,19.0,4.0,2.0,11.88,1.53,38.31,1.0
43.0,18.0,5.72,6.3,0.0,17.0,1.0,4.0,8.39,0.38,52.71,1.0
42.0,0.0,12.16,8.03,1.0,9.0,6.0,9.0,16.63,1.47,62.99,1.0
28.0,0.0,8.03,5.82,3.0,0.0,14.0,5.0,9.77,1.76,18.23,0.0
42.0,12.0,13.36,8.29,0.0,11.0,5.0,0.0,15.42,1.02,52.97,1.0
22.0,2.0,13.5,8.12,2.0,15.0,13.0,3.0,15.05,0.82,76.8,2.0
38.0,9.0,5.15,4.39,1.0,11.0,3.0,9.0,7.68,0.05,57.83,1.0
27.0,2.0,13.57,6.91,2.0,9.0,2.0,9.0,18.52,0.84,82.37,2.0
24.0,8.0,7.68,7.2,2.0,8.0,10.0,5.0,9.32,1.32,40.73,1.0
23.0,7.0,10.46,4.0,1.0,17.0,28.0,1.0,14.78,1.78,59.97,1.0
43.0,2.0,4.35,8.9,5.0,3.0,0.0,9.0,7.96,1.88,50.01,1.0
25.0,12.0,12.89,6.03,4.0,7.0,13.0,4.0,13.95,1.82,51.95,1.0
21.0,5.0,10.42,6.59,2.0,3.0,5.0,8.0,15.2,1.32,27.67,0.0
39.0,12.0,10.44,4.97,5.0,15.0,28.0,2.0,15.32,1.37,74.39,2.0
30.0,10.0,13.02,7.05,6.0,7.0,22.0,2.0,17.72,0.0,69.79,1.0
23.0,19.0,9.08,8.05,1.0,6.0,26.0,8.0,12.09,0.73,52.89,1.0
34.0,11.0,8.11,6.93,2.0,12.0,16.0,2.0,9.99,1.81,9.22,0.0
25.0,12.0,12.66,7.94,4.0,7.0,26.0,3.0,15.23,1.38,37.31,1.0
41.0,1.0,11.42,7.66,6.0,6.0,16.0,8.0,14.88,0.94,65.31,1.0
36.0,15.0,13.49,5.19,1.0,4.0,22.0,3.0,16.01,0.21,73.43,2.0
43.0,5.0,13.4,6.46,7.0,17.0,10.0,4.0,17.23,0.49,81.66,2.0
25.0,18.0,7.82,4.74,0.0,18.0,27.0,1.0,12.0,1.11,58.08,1.0
38.0,12.0,8.47,4.21,0.0,9.0,21.0,7.0,10.31,1.8,53.05,1.0
44.0,16.0,6.56,4.32,7.0,10.0,6.0,8.0,9.18,0.19,74.16,2.0
21.0,8.0,10.61,8.71,5.0,7.0,12.0,9.0,15.44,0.31,67.4,1.0
34.0,16.0,7.65,8.92,0.0,9.0,7.0,3.0,9.65,1.31,14.84,0.0
30.0,1.0,11.86,4.47,3.0,10.0,7.0,2.0,14.25,0.59,70.25,2.0
27.0,18.0,5.22,5.68,7.0,15.0,8.0,3.0,6.36,0.34,65.72,1.0
38.0,18.0,5.16,4.57,2.0,3.0,28.0,6.0,7.49,0.36,34.07,0.0
32.0,6.0,6.04,8.17,2.0,1.0,24.0,0.0,8.52,0.99,8.74,0.0
31.0,9.0,4.84,6.48,1.0,12.0,6.0,1.0,6.24,1.17,17.03,0.0
24.0,9.0,10.2,7.11,3.0,6.0,24.0,9.0,11.21,1.81,69.69,1.0
25.0,19.0,5.47,6.7,2.0,16.0,21.0,4.0,8.77,1.02,40.89,1.0
41.0,8.0,5.6,7.55,1.0,12.0,8.0,8.0,7.81,1.38,38.66,1.0
23.0,16.0,4.14,5.6,4.0,9.0,10.0,5.0,5.21,0.36,19.74,0.0
38.0,14.0,11.82,4.69,2.0,12.0,1.0,2.0,16.26,1.43,58.16,1.0
39.0,1.0,12.12,4.09,5.0,9.0,26.0,2.0,15.46,1.3,64.73,1.0
20.0,3.0,5.62,6.23,2.0,6.0,17.0,6.0,7.3,0.43,16.94,0.0
39.0,18.0,11.4,8.54,4.0,9.0,29.0,2.0,15.86,1.34,53.795,1.0
36.0,16.0,8.34,5.53,4.0,15.0,21.0,9.0,10.35,0.42,89.35,2.0
31.0,10.0,6.4,4.98,4.0,2.0,2.0,2.0,8.31,1.19,28.1,0.0
34.0,6.0,10.21,8.63,4.0,3.0,17.0,9.0,14.79,1.34,33.98,0.0
20.0,17.0,5.78,6.46,1.0,3.0,15.0,6.0,7.5,1.39,46.46,1.0
33.0,6.0,11.57,4.26,2.0,3.0,7.0,8.0,16.09,1.82,74.1,2.0
25.0,16.0,4.48,8.4,2.0,15.0,22.0,8.0,8.69,1.9,58.1,1.0
24.0,6.0,13.59,7.5,0.0,8.0,7.0,2.0,15.83,1.62,62.92,1.0
30.0,3.0,4.72,6.11,5.0,5.0,5.0,7.0,5.86,1.76,50.28,1.0
23.0,7.0,9.79,7.76,2.0,9.0,24.0,0.0,11.12,0.04,43.9,1.0
32.0,12.0,13.02,7.71,6.0,3.0,24.0,7.0,14.46,0.73,61.85,1.0
30.0,3.0,4.12,4.2,0.0,11.0,1.0,1.0,8.68,0.08,31.01,0.0
22.0,5.0,8.99,7.38,4.0,9.0,15.0,3.0,11.61,1.02,25.8,0.0
20.0,4.0,7.5,7.2,5.0,11.0,25.0,6.0,8.63,0.76,53.29,1.0
25.0,11.0,9.8,8.82,5.0,18.0,20.0,5.0,13.03,1.74,65.57,1.0
37.0,3.0,6.25,8.83,4.0,18.0,8.0,8.0,8.08,1.02,68.48,1.0
43.0,8.0,4.65,6.46,1.0,0.0,18.0,7.0,6.59,1.3,18.26,0.0
29.0,3.0,10.26,6.95,7.0,3.0,20.0,1.0,11.9,0.73,38.44,1.0
24.0,18.0,8.17,4.71,7.0,12.0,14.0,3.0,12.22,1.21,48.98,1.0
32.0,4.0,6.11,6.16,2.0,13.0,1.0,5.0,8.87,0.6,48.67,1.0
31.0,17.0,7.39,7.45,0.0,15.0,14.0,3.0,8.74,1.02,29.81,0.0
21.0,9.0,9.62,6.84,4.0,1.0,21.0,7.0,12.83,0.43,23.37,0.0
32.0,18.0,9.93,6.15,4.0,7.0,10.0,1.0,12.31,1.84,40.73,1.0
27.0,11.0,7.72,8.09,6.0,12.0,19.0,7.0,8.83,0.06,58.28,1.0
21.0,17.0,6.8,7.97,7.0,0.0,11.0,1.0,9.64,1.09,8.82,0.0
39.0,16.0,6.74,7.66,1.0,11.0,14.0,7.0,10.02,1.97,39.85,1.0
20.0,10.0,5.75,4.39,7.0,16.0,15.0,0.0,7.74,1.22,46.53,1.0
24.0,2.0,7.25,7.98,5.0,6.0,29.0,1.0,11.31,1.11,34.55,0.0
28.0,16.0,5.99,8.6,5.0,15.0,27.0,4.0,8.47,1.36,33.38,0.0
36.0,0.0,10.34,4.3,4.0,13.0,5.0,0.0,14.34,0.58,57.38,1.0
28.0,14.0,9.69,6.01,0.0,9.0,2.0,4.0,13.01,0.11,46.28,1.0
30.0,8.0,7.83,8.94,5.0,2.0,5.0,4.0,12.31,0.5,28.66,0.0
34.0,14.0,7.26,7.0,6.0,11.0,22.0,6.0,10.45,0.35,60.17,1.0
43.0,2.0,8.99,6.57,6.0,7.0,25.0,1.0,8.12,1.85,19.77,0.0
25.0,10.0,9.35,4.89,2.0,15.0,2.0,1.0,13.64,1.7,55.56,1.0
42.0,12.0,13.19,6.83,2.0,0.0,20.0,5.0,17.32,0.64,58.24,1.0
22.0,10.0,10.86,6.2,0.0,16.0,12.0,9.0,15.75,1.67,86.14,2.0
24.0,0.0,12.34,6.32,7.0,0.0,7.0,7.0,15.7,0.4,61.54,1.0
31.0,16.0,7.52,4.82,1.0,14.0,1.0,2.0,10.49,1.54,38.75,1.0
37.0,12.0,4.63,7.65,2.0,12.0,6.0,9.0,8.31,0.65,46.93,1.0
33.0,0.0,10.23,8.87,0.0,5.0,28.0,3.0,15.15,0.13,41.27,1.0
40.0,9.0,5.89,6.35,0.0,12.0,16.0,6.0,9.02,1.44,40.36,1.0
43.0,14.0,9.69,7.16,4.0,3.0,6.0,0.0,13.43,1.98,20.04,0.0
30.0,6.0,11.4,6.15,5.0,0.0,0.0,0.0,13.79,1.13,31.05,0.0
28.0,17.0,11.84,4.69,4.0,9.0,3.0,8.0,14.04,1.02,95.86,2.0
21.0,15.0,7.02,8.85,5.0,3.0,14.0,5.0,9.36,0.75,14.67,0.0
31.0,10.0,9.12,4.65,1.0,12.0,3.0,4.0,10.27,1.3,53.75,1.0
22.0,17.0,10.21,4.56,1.0,3.0,11.0,1.0,12.35,1.4,51.21,1.0
22.0,6.0,12.19,6.3,1.0,15.0,15.0,1.0,13.88,1.77,73.59,2.0
20.0,16.0,11.61,7.29,0.0,8.0,20.0,6.0,14.44,1.82,55.79,1.0
27.0,17.0,13.88,5.77,0.0,3.0,17.0,5.0,16.72,1.72,53.86,1.0
41.0,11.0,4.08,4.96,7.0,19.0,13.0,7.0,8.14,1.3,64.53,1.0
27.0,7.0,8.37,8.09,4.0,7.0,13.0,2.0,11.38,0.9,33.85,0.0
30.0,1.0,6.56,5.82,2.0,3.0,27.0,2.0,9.41,1.36,39.8,1.0
28.0,6.0,5.2,4.97,6.0,8.0,10.0,4.0,7.13,1.33,49.71,1.0
24.0,3.0,13.12,5.83,5.0,10.0,27.0,9.0,17.53,0.44,100.0,2.0
33.0,17.0,13.98,5.07,5.0,4.0,15.0,3.0,15.34,1.02,69.97,1.0
22.0,5.0,5.81,6.6,1.0,8.0,14.0,7.0,10.74,0.42,34.59,0.0
40.0,8.0,4.38,7.34,7.0,7.0,21.0,5.0,7.28,1.8,24.57,0.0
24.0,8.0,6.75,8.0,5.0,3.0,5.0,7.0,8.49,0.65,45.46,1.0
24.0,13.0,12.35,5.14,3.0,19.0,29.0,6.0,14.77,1.61,100.0,2.0
38.0,7.0,6.94,4.83,1.0,0.0,23.0,1.0,8.0,0.75,8.1,0.0
33.0,18.0,4.57,4.1,6.0,19.0,12.0,8.0,6.24,1.53,49.83,1.0
23.0,2.0,4.52,5.14,5.0,12.0,25.0,5.0,6.86,0.44,46.33,1.0
44.0,17.0,8.27,4.12,4.0,4.0,27.0,5.0,11.49,1.53,58.83,1.0
32.0,4.0,13.32,5.73,5.0,19.0,16.0,1.0,14.84,0.36,87.17,2.0
29.0,13.0,6.86,4.73,0.0,9.0,3.0,8.0,12.02,0.98,57.01,1.0
44.0,3.0,8.27,6.9,4.0,15.0,11.0,0.0,12.65,0.23,53.795,1.0
37.0,6.0,5.02,5.92,4.0,7.0,17.0,5.0,8.31,1.06,30.18,0.0
27.0,19.0,8.94,4.47,4.0,11.0,26.0,7.0,11.13,1.64,61.73,1.0
27.0,11.0,10.97,6.0,3.0,2.0,7.0,1.0,12.46,1.51,34.77,0.0
26.0,1.0,6.71,5.05,3.0,3.0,11.0,2.0,7.77,0.1,32.88,0.0
27.0,10.0,6.97,7.4,5.0,16.0,3.0,9.0,10.9,0.98,76.26,2.0
33.0,13.0,12.42,5.82,4.0,19.0,29.0,9.0,15.93,1.7,93.13,2.0
38.0,15.0,4.1,4.74,7.0,12.0,7.0,6.0,7.01,1.3,39.68,1.0
25.0,19.0,10.36,5.75,5.0,5.0,28.0,0.0,11.77,0.12,32.99,0.0
20.0,5.0,7.94,6.46,5.0,2.0,1.0,4.0,9.77,0.65,52.79,1.0
34.0,14.0,10.58,8.92,7.0,6.0,29.0,9.0,13.5,0.35,73.63,2.0
20.0,0.0,12.35,4.13,5.0,2.0,3.0,6.0,17.2,1.36,54.51,1.0
44.0,6.0,8.99,7.45,7.0,5.0,11.0,9.0,14.58,1.27,78.45,2.0
36.0,11.0,4.31,5.32,6.0,12.0,24.0,9.0,8.51,0.4,89.11,2.0
20.0,9.0,8.61,4.33,0.0,13.0,20.0,6.0,10.64,1.1,67.52,1.0
34.0,4.0,8.63,4.07,4.0,14.0,21.0,2.0,10.55,1.62,57.88,1.0
42.0,11.0,9.44,8.41,2.0,15.0,9.0,6.0,11.45,0.75,76.2,2.0
21.0,17.0,10.71,5.77,6.0,0.0,14.0,0.0,15.66,0.49,35.06,1.0
33.0,9.0,4.19,8.97,1.0,14.0,14.0,3.0,6.53,1.4,17.57,0.0
40.0,5.0,9.02,6.21,1.0,6.0,8.0,6.0,12.85,0.14,23.9,0.0
27.0,11.0,9.88,4.94,4.0,8.0,8.0,6.0,14.72,1.67,62.52,1.0
27.0,6.0,7.43,7.89,1.0,14.0,6.0,3.0,11.71,1.89,46.71,1.0
38.0,17.0,10.68,8.63,4.0,13.0,26.0,0.0,14.07,1.93,38.63,1.0
26.0,1.0,6.28,8.08,1.0,18.0,1.0,7.0,7.96,0.87,49.29,1.0
38.0,9.0,7.17,7.73,5.0,17.0,6.0,3.0,8.87,1.25,47.32,1.0
25.0,14.0,13.63,5.67,0.0,8.0,8.0,1.0,16.6,1.71,75.55,2.0
25.0,11.0,7.48,4.32,6.0,0.0,17.0,3.0,12.29,0.45,41.14,1.0
26.0,3.0,9.96,6.23,1.0,9.0,11.0,7.0,11.62,0.77,57.98,1.0
38.0,6.0,13.71,8.78,6.0,6.0,6.0,4.0,15.86,1.77,70.86,2.0
27.0,8.0,13.83,7.61,1.0,13.0,18.0,1.0,17.19,1.01,56.6,1.0
29.0,18.0,9.8,8.14,7.0,0.0,21.0,6.0,12.71,1.06,55.72,1.0
39.0,6.0,4.01,5.39,7.0,14.0,23.0,2.0,5.49,1.02,38.42,1.0
34.0,1.0,13.01,7.42,7.0,0.0,15.0,5.0,15.49,1.15,70.33,2.0
34.0,5.0,9.7,8.31,2.0,12.0,25.0,8.0,14.52,0.11,63.02,1.0
20.0,17.0,7.66,6.46,6.0,19.0,7.0,4.0,12.47,1.12,77.28,2.0
39.0,5.0,12.29,6.15,0.0,1.0,29.0,8.0,15.53,1.3,61.75,1.0
26.0,12.0,8.0,7.6,6.0,2.0,18.0,3.0,11.54,1.28,27.6,0.0
23.0,18.0,4.34,6.8,5.0,3.0,5.0,8.0,6.23,1.46,40.89,1.0
25.0,1.0,12.21,8.97,0.0,15.0,1.0,0.0,16.18,1.04,62.93,1.0
44.0,11.0,9.46,6.13,6.0,11.0,29.0,3.0,10.67,1.8,50.33,1.0
20.0,14.0,7.38,4.88,0.0,3.0,1.0,0.0,9.26,0.93,11.56,0.0
24.0,10.0,6.51,6.36,6.0,11.0,28.0,8.0,7.53,1.04,57.49,1.0
42.0,5.0,9.94,5.18,1.0,6.0,7.0,7.0,12.48,1.56,53.2,1.0
20.0,17.0,6.08,6.81,3.0,19.0,26.0,7.0,10.48,1.67,70.2,2.0
23.0,4.0,7.24,4.63,7.0,2.0,9.0,6.0,12.17,1.3,50.77,1.0
41.0,17.0,10.37,8.75,1.0,4.0,20.0,8.0,14.04,0.25,40.61,1.0
21.0,2.0,12.82,8.3,4.0,11.0,20.0,2.0,16.8,0.66,55.07,1.0
29.0,2.0,9.33,4.78,7.0,11.0,14.0,6.0,11.38,0.04,82.46,2.0
24.0,9.0,11.59,4.86,6.0,19.0,19.0,5.0,14.67,0.59,100.0,2.0
29.0,18.0,11.63,6.56,2.0,6.0,26.0,4.0,15.58,1.14,69.86,1.0
20.0,2.0,10.64,7.86,0.0,11.0,25.0,8.0,13.63,1.61,61.43,1.0
32.0,11.0,6.46,5.1,4.0,1.0,19.0,3.0,7.81,1.17,23.81,0.0
25.0,15.0,12.67,4.3,5.0,13.0,23.0,2.0,16.63,0.08,85.51,2.0
32.0,16.0,8.36,6.73,7.0,15.0,2.0,2.0,10.24,0.52,54.99,1.0
34.0,6.0,4.44,7.46,4.0,6.0,26.0,1.0,5.83,1.16,8.78,0.0
23.0,12.0,6.45,5.22,7.0,3.0,15.0,0.0,9.36,1.42,53.795,0.0
32.0,1.0,11.66,7.7,3.0,19.0,2.0,2.0,12.02,1.73,64.76,1.0
43.0,3.0,4.69,8.75,6.0,4.0,7.0,7.0,8.21,1.94,25.7,0.0
39.0,9.0,5.47,4.69,0.0,13.0,18.0,5.0,9.03,1.78,26.29,0.0
43.0,6.0,10.94,6.56,1.0,9.0,11.0,1.0,12.97,0.93,25.65,0.0
34.0,16.0,12.93,4.28,0.0,4.0,17.0,7.0,17.79,1.49,59.57,1.0
27.0,19.0,10.34,5.03,7.0,1.0,12.0,4.0,14.64,0.48,65.1,1.0
34.0,18.0,4.53,6.02,4.0,2.0,28.0,0.0,8.52,0.11,11.43,0.0
23.0,4.0,10.15,8.1,4.0,9.0,12.0,0.0,12.56,0.48,25.45,0.0
31.0,9.0,4.47,6.89,4.0,7.0,20.0,3.0,8.47,0.08,30.51,0.0
32.0,8.0,10.13,5.11,1.0,9.0,26.0,8.0,14.33,1.7,51.33,1.0
21.0,12.0,6.26,4.2,1.0,1.0,2.0,9.0,7.87,0.98,29.79,0.0
38.0,18.0,13.05,6.77,1.0,13.0,5.0,9.0,16.7,1.62,72.1,2.0
38.0,5.0,8.75,4.66,5.0,3.0,26.0,5.0,13.2,1.88,35.41,1.0
23.0,2.0,12.53,6.55,2.0,19.0,2.0,7.0,13.85,1.87,95.41,2.0
30.0,2.0,6.54,8.52,5.0,13.0,24.0,8.0,7.65,1.43,32.99,0.0
24.0,3.0,7.07,4.41,7.0,15.0,25.0,1.0,8.51,0.88,44.59,1.0
39.0,4.0,12.34,7.34,5.0,4.0,0.0,5.0,13.36,1.2,60.15,1.0
30.0,7.0,7.09,4.07,5.0,15.0,13.0,6.0,9.4,1.63,70.7,2.0
27.0,2.0,7.48,6.76,0.0,2.0,19.0,4.0,12.02,1.91,33.7,0.0
25.0,11.0,5.16,8.06,3.0,0.0,6.0,4.0,8.76,1.46,0.0,0.0
25.0,7.0,4.39,6.66,7.0,3.0,24.0,2.0,9.36,1.08,25.2,0.0
27.0,12.0,11.25,5.76,6.0,8.0,8.0,1.0,15.85,1.94,62.64,1.0
42.0,3.0,10.45,5.21,0.0,0.0,0.0,0.0,12.46,1.92,53.795,1.0
34.0,13.0,6.82,4.43,7.0,15.0,9.0,5.0,10.9,0.96,95.04,2.0
33.0,13.0,6.96,6.67,1.0,2.0,12.0,6.0,11.71,1.3,32.56,0.0
30.0,12.0,13.45,8.44,7.0,5.0,11.0,1.0,18.08,1.62,52.75,1.0
31.0,5.0,13.88,6.57,2.0,12.0,3.0,1.0,18.42,0.87,73.34,2.0
32.0,16.0,8.73,7.7,7.0,16.0,6.0,4.0,12.88,1.66,68.7,1.0
27.0,3.0,12.02,5.49,5.0,14.0,9.0,5.0,14.19,0.22,68.44,1.0
37.0,7.0,11.37,6.24,0.0,11.0,21.0,2.0,12.7,0.96,40.11,1.0
44.0,16.0,6.97,5.62,6.0,7.0,24.0,2.0,9.92,0.97,49.27,1.0
20.0,2.0,4.59,4.55,4.0,15.0,28.0,0.0,5.81,1.37,49.57,1.0
34.0,16.0,5.43,6.08,6.0,2.0,6.0,5.0,10.42,0.23,38.55,1.0
27.0,8.0,12.38,7.82,5.0,3.0,14.0,8.0,14.81,1.02,67.44,1.0
30.0,1.0,11.31,5.97,6.0,6.0,18.0,1.0,16.14,1.8,53.94,1.0
31.0,12.0,10.64,7.25,0.0,14.0,6.0,0.0,14.73,0.61,44.57,1.0
31.0,19.0,5.31,7.79,4.0,10.0,25.0,8.0,7.96,0.65,62.53,1.0
23.0,1.0,10.4,5.61,7.0,15.0,13.0,4.0,11.87,1.55,73.93,2.0
35.0,19.0,11.72,7.99,0.0,13.0,20.0,7.0,13.67,0.83,61.67,1.0
23.0,10.0,12.61,5.69,7.0,12.0,13.0,3.0,16.3,1.67,77.34,2.0
24.0,14.0,4.13,5.28,0.0,8.0,17.0,7.0,8.45,0.8,28.62,0.0
43.0,10.0,10.84,5.11,7.0,17.0,9.0,4.0,15.76,1.02,85.44,2.0
24.0,2.0,4.19,5.0,5.0,2.0,2.0,5.0,5.72,1.05,33.72,0.0
27.0,2.0,11.07,7.69,7.0,19.0,5.0,5.0,12.69,1.87,83.51,2.0
29.0,11.0,10.36,8.44,0.0,4.0,28.0,5.0,11.53,0.65,31.87,0.0
36.0,4.0,5.48,5.15,1.0,1.0,21.0,1.0,7.52,0.73,3.61,0.0
28.0,19.0,11.66,4.43,6.0,16.0,22.0,9.0,15.94,1.94,96.52,2.0
41.0,6.0,4.68,5.57,4.0,15.0,21.0,9.0,6.47,1.48,39.27,1.0
38.0,6.0,12.26,7.29,7.0,19.0,8.0,8.0,15.45,1.55,100.0,2.0
33.0,12.0,6.62,5.84,2.0,12.0,13.0,6.0,9.41,0.59,58.96,1.0
27.0,8.0,10.89,6.75,3.0,19.0,20.0,2.0,13.19,1.06,87.73,2.0
28.0,12.0,13.24,7.72,6.0,10.0,20.0,1.0,16.71,0.63,70.98,2.0
41.0,11.0,7.4,6.04,5.0,7.0,23.0,3.0,10.41,0.52,28.18,0.0
30.0,12.0,9.03,9.0,4.0,4.0,7.0,7.0,11.37,1.07,42.32,1.0
42.0,9.0,8.63,5.49,1.0,1.0,0.0,8.0,12.39,1.98,41.13,1.0
20.0,0.0,5.58,8.89,4.0,3.0,2.0,9.0,7.7,0.43,38.61,1.0
33.0,7.0,9.9,5.02,2.0,2.0,28.0,1.0,13.47,0.49,55.95,1.0
24.0,15.0,11.43,6.46,5.0,1.0,21.0,5.0,16.26,0.49,51.15,1.0
40.0,12.0,13.17,7.75,4.0,2.0,5.0,7.0,17.09,1.58,65.62,1.0
33.0,2.0,12.51,7.51,6.0,15.0,0.0,2.0,15.18,1.02,73.73,2.0
23.0,2.0,9.1,8.06,1.0,19.0,17.0,8.0,13.09,0.77,99.1,2.0
41.0,4.0,11.19,5.72,5.0,8.0,9.0,3.0,15.43,1.69,68.44,1.0
44.0,6.0,8.99,4.6,5.0,14.0,16.0,6.0,12.75,0.78,91.94,2.0
20.0,9.0,8.99,4.15,3.0,4.0,25.0,4.0,7.89,0.15,31.94,0.0
41.0,9.0,8.38,5.5,2.0,8.0,20.0,3.0,12.65,0.24,54.5,1.0
42.0,19.0,12.42,7.99,3.0,5.0,0.0,3.0,14.6,0.27,49.93,1.0
38.0,1.0,9.97,7.36,6.0,2.0,21.0,4.0,14.72,0.69,45.71,1.0
27.0,2.0,11.24,6.18,6.0,12.0,22.0,2.0,14.54,1.05,80.96,2.0
34.0,7.0,8.99,5.28,6.0,14.0,7.0,8.0,8.26,0.0,68.46,1.0
40.0,10.0,13.64,4.3,0.0,10.0,28.0,1.0,16.32,0.38,41.75,1.0
34.0,12.0,8.04,5.69,6.0,9.0,11.0,6.0,10.43,0.35,68.13,1.0
28.0,6.0,10.54,6.3,1.0,14.0,18.0,3.0,12.12,0.51,78.78,2.0
40.0,12.0,4.19,7.44,3.0,5.0,13.0,7.0,5.46,0.33,42.39,1.0
28.0,1.0,5.27,7.23,1.0,13.0,29.0,6.0,7.56,0.39,34.32,0.0
29.0,5.0,11.82,8.74,5.0,10.0,18.0,7.0,14.65,1.97,49.35,1.0
39.0,8.0,13.68,4.5,7.0,19.0,14.0,3.0,16.13,1.19,100.0,2.0
44.0,19.0,7.2,5.68,1.0,9.0,16.0,1.0,8.26,1.53,38.29,1.0
40.0,1.0,4.37,6.41,0.0,15.0,27.0,6.0,7.69,1.64,33.82,0.0
28.0,17.0,7.61,7.35,1.0,11.0,15.0,8.0,9.19,1.34,30.05,0.0
22.0,15.0,4.17,6.48,5.0,6.0,18.0,5.0,6.01,1.41,30.55,0.0
39.0,11.0,5.92,8.56,4.0,6.0,4.0,6.0,7.4,1.26,43.38,1.0
44.0,6.0,11.52,7.04,5.0,17.0,21.0,5.0,14.6,1.3,97.77,2.0
30.0,6.0,13.37,4.2,3.0,14.0,18.0,1.0,14.75,1.86,57.13,1.0
25.0,16.0,4.87,4.57,6.0,5.0,3.0,8.0,6.9,0.37,61.67,1.0
21.0,12.0,9.58,7.77,2.0,18.0,4.0,4.0,12.39,0.55,67.93,1.0
26.0,10.0,6.54,7.58,4.0,7.0,4.0,2.0,8.21,0.19,22.83,0.0
37.0,5.0,5.39,4.77,7.0,19.0,24.0,3.0,8.17,1.67,44.04,1.0
21.0,13.0,6.19,4.29,3.0,14.0,23.0,3.0,8.56,0.9,33.74,0.0
36.0,5.0,9.78,6.89,7.0,3.0,0.0,8.0,14.22,1.81,48.61,1.0
30.0,5.0,4.65,7.18,0.0,17.0,17.0,4.0,8.83,0.82,28.28,0.0
31.0,1.0,8.34,4.68,4.0,12.0,27.0,1.0,13.31,0.89,52.47,1.0
38.0,19.0,5.35,6.37,1.0,0.0,14.0,5.0,8.47,0.9,28.58,0.0
41.0,14.0,6.73,5.53,3.0,7.0,20.0,6.0,10.03,1.22,42.73,1.0
43.0,16.0,8.99,8.66,4.0,9.0,27.0,7.0,10.7,1.53,36.84,1.0
44.0,7.0,12.83,5.1,6.0,16.0,18.0,4.0,15.43,0.7,86.07,2.0
26.0,4.0,11.08,7.67,6.0,9.0,22.0,7.0,14.3,1.26,72.77,2.0
39.0,16.0,12.68,6.59,3.0,0.0,13.0,5.0,15.2,0.41,54.47,1.0
25.0,19.0,7.83,4.06,6.0,0.0,26.0,3.0,11.01,1.02,37.2,1.0
40.0,0.0,7.13,6.58,1.0,4.0,5.0,6.0,8.45,1.09,43.41,1.0
43.0,17.0,7.81,4.5,5.0,0.0,17.0,8.0,11.95,1.78,52.65,1.0
20.0,14.0,4.19,7.3,3.0,19.0,7.0,9.0,9.13,1.79,48.31,1.0
36.0,4.0,11.25,6.83,0.0,12.0,4.0,3.0,12.51,0.97,47.26,1.0
30.0,6.0,7.5,4.05,4.0,8.0,21.0,8.0,11.7,0.05,88.74,2.0
41.0,17.0,7.13,5.02,4.0,15.0,7.0,3.0,9.1,1.69,47.12,1.0
37.0,5.0,9.98,7.88,4.0,7.0,28.0,0.0,11.77,0.0,64.29,1.0
40.0,4.0,8.36,5.38,3.0,13.0,5.0,3.0,12.13,0.96,72.67,2.0
36.0,18.0,13.81,6.5,1.0,16.0,9.0,1.0,14.99,0.04,78.95,2.0
26.0,9.0,7.56,5.56,3.0,3.0,2.0,5.0,10.41,0.71,26.81,0.0
36.0,14.0,10.14,8.61,3.0,6.0,12.0,7.0,11.15,1.27,49.29,1.0
39.0,9.0,7.12,6.68,6.0,16.0,6.0,5.0,10.34,0.74,77.35,2.0
28.0,15.0,13.91,7.48,5.0,15.0,29.0,8.0,16.76,1.85,90.58,2.0
36.0,11.0,8.45,4.42,4.0,13.0,3.0,5.0,13.11,1.28,54.0,1.0
39.0,17.0,10.34,6.46,1.0,15.0,12.0,6.0,14.22,1.29,72.86,2.0
41.0,0.0,8.99,5.3,2.0,1.0,5.0,4.0,6.77,0.75,23.3,0.0
41.0,15.0,11.33,5.55,7.0,14.0,15.0,7.0,13.75,0.08,100.0,2.0
27.0,5.0,6.69,7.44,1.0,10.0,21.0,1.0,11.42,1.48,22.1,0.0
36.0,2.0,8.49,6.85,6.0,12.0,26.0,1.0,12.39,1.43,42.24,1.0
26.0,1.0,12.83,5.87,3.0,3.0,20.0,7.0,16.21,1.06,67.15,1.0
20.0,1.0,13.71,7.27,0.0,0.0,28.0,5.0,16.95,0.83,45.72,1.0
32.0,12.0,8.25,4.82,1.0,14.0,0.0,1.0,10.84,1.08,50.92,1.0
42.0,8.0,12.35,4.32,4.0,11.0,29.0,5.0,15.69,1.49,84.65,2.0
38.0,15.0,4.53,8.27,0.0,8.0,14.0,7.0,8.62,1.43,16.98,0.0
43.0,4.0,12.48,6.82,2.0,6.0,12.0,5.0,13.99,1.32,51.1,1.0
38.0,6.0,10.3,6.46,2.0,2.0,29.0,8.0,15.18,1.81,53.795,1.0
36.0,12.0,8.89,5.54,7.0,15.0,25.0,5.0,10.85,1.22,78.17,2.0
32.0,19.0,12.9,5.86,0.0,3.0,1.0,2.0,15.69,0.03,60.07,1.0
35.0,12.0,12.45,4.41,6.0,13.0,19.0,8.0,13.54,1.24,92.99,2.0
27.0,6.0,6.97,8.28,2.0,12.0,28.0,9.0,10.17,1.23,49.68,1.0
38.0,9.0,11.91,6.96,0.0,19.0,27.0,4.0,14.44,0.14,73.38,2.0
37.0,14.0,4.99,4.42,4.0,18.0,18.0,5.0,6.99,0.86,74.11,2.0
20.0,5.0,12.23,8.02,0.0,1.0,5.0,3.0,17.17,1.3,22.74,0.0
33.0,4.0,10.75,6.22,3.0,9.0,10.0,2.0,13.46,1.41,41.74,1.0
38.0,1.0,4.88,7.83,7.0,18.0,16.0,9.0,7.54,1.79,61.81,1.0
34.0,14.0,10.83,4.06,6.0,14.0,8.0,5.0,13.68,1.68,69.84,1.0
37.0,15.0,9.81,4.14,4.0,6.0,4.0,2.0,11.27,0.23,71.46,2.0
21.0,18.0,9.95,4.85,4.0,14.0,4.0,1.0,12.52,1.22,49.15,1.0
41.0,8.0,6.91,5.05,2.0,16.0,15.0,5.0,9.26,1.19,57.02,1.0
32.0,18.0,6.66,7.82,5.0,15.0,3.0,7.0,9.52,0.61,55.8,1.0
37.0,6.0,11.63,7.53,5.0,16.0,19.0,2.0,16.06,0.37,77.19,2.0
25.0,3.0,6.57,7.08,0.0,15.0,28.0,5.0,8.34,0.4,39.51,1.0
38.0,2.0,8.46,8.42,6.0,17.0,12.0,8.0,11.89,0.36,79.4,2.0
23.0,19.0,10.95,5.24,7.0,16.0,16.0,0.0,12.1,1.61,63.13,1.0
20.0,10.0,4.8,8.52,3.0,3.0,8.0,2.0,7.07,0.3,0.0,0.0
27.0,0.0,9.95,8.55,4.0,1.0,24.0,1.0,12.84,1.02,23.64,0.0
42.0,5.0,9.89,6.17,6.0,16.0,12.0,7.0,11.19,0.44,86.53,2.0
26.0,10.0,10.84,4.47,4.0,16.0,15.0,8.0,12.02,1.43,90.36,2.0
22.0,0.0,7.7,7.63,4.0,1.0,14.0,9.0,9.94,0.32,39.5,1.0
29.0,6.0,8.49,5.68,2.0,1.0,9.0,5.0,12.02,0.05,54.13,1.0
29.0,5.0,7.3,7.97,4.0,14.0,9.0,2.0,10.82,0.75,45.89,1.0
38.0,13.0,12.08,4.82,7.0,15.0,19.0,9.0,14.06,0.61,100.0,2.0
32.0,1.0,5.31,6.7,5.0,9.0,27.0,7.0,6.72,0.8,57.49,1.0
21.0,3.0,13.63,6.54,7.0,1.0,15.0,9.0,14.79,1.51,63.84,1.0
20.0,10.0,10.35,4.5,1.0,7.0,22.0,6.0,11.71,0.02,88.44,2.0
42.0,14.0,12.87,5.82,2.0,11.0,19.0,1.0,16.59,0.08,52.88,1.0
42.0,17.0,8.26,4.42,0.0,13.0,0.0,6.0,12.68,0.51,77.38,2.0
37.0,0.0,7.32,6.32,1.0,13.0,10.0,0.0,8.95,1.78,13.62,0.0
26.0,2.0,13.01,8.21,2.0,11.0,12.0,7.0,15.62,0.34,76.87,2.0
27.0,2.0,4.99,5.35,6.0,1.0,24.0,4.0,7.41,1.99,13.42,0.0
20.0,6.0,5.17,7.82,2.0,13.0,17.0,8.0,8.75,1.61,55.79,1.0
44.0,0.0,6.99,4.92,7.0,11.0,4.0,2.0,8.72,0.91,60.43,1.0
42.0,10.0,13.6,7.37,3.0,8.0,3.0,6.0,18.41,1.5,68.15,1.0
43.0,19.0,9.54,5.62,1.0,19.0,5.0,0.0,14.36,1.13,62.39,1.0
42.0,2.0,11.05,8.5,7.0,15.0,14.0,5.0,13.16,1.16,81.47,2.0
27.0,18.0,8.17,6.53,5.0,9.0,22.0,1.0,11.52,1.3,37.26,1.0
41.0,1.0,11.58,5.58,1.0,6.0,1.0,7.0,15.51,0.12,63.04,1.0
44.0,17.0,7.93,8.48,4.0,14.0,3.0,5.0,11.77,1.23,28.87,0.0
34.0,11.0,12.26,4.16,5.0,8.0,13.0,2.0,13.35,1.43,66.07,1.0
24.0,9.0,6.67,4.14,4.0,3.0,3.0,3.0,11.66,0.62,42.03,1.0
22.0,4.0,6.78,7.0,4.0,5.0,27.0,6.0,11.49,1.96,22.09,0.0
38.0,8.0,9.22,7.98,5.0,11.0,28.0,8.0,10.7,0.29,67.97,1.0
20.0,1.0,8.31,7.76,0.0,14.0,17.0,9.0,11.48,1.82,67.55,1.0
34.0,1.0,10.48,4.4,6.0,18.0,25.0,1.0,12.74,1.35,79.94,2.0
27.0,5.0,7.64,8.75,5.0,1.0,19.0,8.0,12.16,1.33,25.16,0.0
21.0,9.0,6.31,7.52,0.0,18.0,15.0,5.0,10.1,1.75,52.95,1.0
22.0,17.0,8.7,8.75,5.0,19.0,8.0,1.0,10.59,1.66,53.39,1.0
43.0,11.0,9.61,5.65,0.0,19.0,7.0,7.0,10.75,0.69,82.9,2.0
33.0,3.0,8.99,7.47,4.0,1.0,10.0,3.0,7.6,1.02,4.93,0.0
43.0,16.0,9.57,8.3,6.0,14.0,13.0,7.0,10.72,0.1,62.55,1.0
33.0,14.0,7.19,5.9,6.0,11.0,16.0,6.0,8.76,0.93,62.13,1.0
30.0,5.0,7.92,8.82,5.0,0.0,12.0,6.0,11.46,1.88,26.6,0.0
35.0,15.0,8.99,5.32,3.0,13.0,7.0,6.0,10.77,0.55,52.75,1.0
23.0,16.0,13.31,5.58,5.0,3.0,13.0,1.0,16.18,0.1,64.29,1.0
39.0,2.0,10.83,8.6,0.0,10.0,10.0,7.0,14.23,1.17,64.25,1.0
24.0,9.0,8.99,8.85,6.0,6.0,8.0,1.0,8.24,0.71,10.99,0.0
41.0,4.0,10.45,5.43,2.0,12.0,7.0,5.0,12.72,0.76,64.95,1.0
40.0,13.0,12.49,4.68,4.0,13.0,13.0,9.0,16.34,1.16,97.93,2.0
33.0,12.0,8.02,7.8,3.0,6.0,14.0,6.0,10.48,1.24,48.3,1.0
42.0,5.0,12.3,8.65,4.0,10.0,25.0,6.0,14.7,0.87,75.32,2.0
35.0,11.0,5.54,7.0,7.0,19.0,0.0,6.0,7.32,1.02,53.795,1.0
37.0,7.0,12.23,7.17,2.0,19.0,23.0,3.0,15.61,1.99,73.49,2.0
26.0,4.0,9.4,7.81,4.0,10.0,11.0,4.0,13.64,1.91,43.97,1.0
29.0,14.0,6.23,4.77,5.0,8.0,4.0,6.0,9.11,1.41,38.44,1.0
26.0,15.0,8.07,8.87,1.0,3.0,24.0,7.0,9.53,0.32,36.21,1.0
20.0,0.0,13.88,5.82,3.0,1.0,13.0,2.0,18.23,0.72,57.13,1.0
42.0,15.0,11.84,7.14,5.0,1.0,24.0,5.0,13.13,1.77,41.24,1.0
40.0,4.0,9.75,6.34,4.0,8.0,21.0,8.0,12.64,0.85,47.48,1.0
38.0,2.0,5.15,6.34,1.0,18.0,15.0,9.0,7.19,1.91,61.35,1.0
35.0,19.0,8.18,7.51,7.0,14.0,18.0,4.0,12.93,0.98,56.4,1.0
38.0,14.0,6.63,8.97,4.0,17.0,27.0,3.0,10.58,1.72,46.51,1.0
23.0,12.0,4.71,7.3,4.0,15.0,15.0,8.0,7.98,0.07,42.36,1.0
37.0,15.0,9.42,7.97,2.0,1.0,6.0,3.0,13.09,0.87,26.59,0.0
21.0,10.0,12.89,4.14,6.0,11.0,14.0,2.0,16.02,1.4,80.57,2.0
20.0,1.0,10.76,8.05,5.0,0.0,22.0,6.0,12.35,1.73,53.795,1.0
34.0,5.0,6.5,5.5,7.0,1.0,7.0,4.0,10.34,1.22,48.2,1.0
24.0,5.0,9.74,4.63,4.0,13.0,20.0,0.0,12.71,0.35,64.04,1.0
39.0,13.0,13.43,4.57,5.0,6.0,20.0,7.0,16.97,1.77,65.71,1.0
30.0,10.0,11.23,7.4,1.0,16.0,13.0,0.0,12.41,1.15,50.79,1.0
29.0,7.0,10.89,8.99,2.0,14.0,19.0,8.0,12.46,0.22,57.26,1.0
21.0,7.0,13.68,7.33,1.0,16.0,2.0,0.0,17.04,0.93,82.58,2.0
22.0,0.0,11.99,5.31,1.0,8.0,27.0,3.0,14.83,1.4,61.17,1.0
42.0,6.0,8.99,5.02,2.0,12.0,23.0,5.0,7.28,0.9,55.67,1.0
32.0,5.0,7.48,6.63,5.0,1.0,10.0,3.0,9.44,1.74,9.07,0.0
31.0,7.0,13.65,4.33,1.0,14.0,21.0,8.0,17.18,0.85,100.0,2.0
39.0,18.0,8.9,6.0,0.0,19.0,13.0,0.0,10.14,1.17,63.14,1.0
24.0,19.0,5.12,7.33,5.0,10.0,21.0,9.0,7.86,1.02,57.1,1.0
24.0,7.0,8.59,6.46,6.0,18.0,1.0,8.0,11.68,1.03,79.96,2.0
25.0,13.0,10.97,6.13,6.0,13.0,3.0,3.0,13.2,0.45,89.42,2.0
28.0,17.0,13.98,5.0,4.0,3.0,20.0,6.0,18.26,0.45,94.93,2.0
21.0,15.0,7.24,8.09,2.0,10.0,26.0,5.0,8.47,0.56,50.12,1.0
40.0,8.0,9.14,7.72,6.0,15.0,25.0,6.0,13.6,0.09,80.26,2.0
31.0,14.0,12.8,8.3,2.0,1.0,4.0,1.0,16.69,0.33,55.29,1.0
22.0,9.0,7.55,5.07,5.0,1.0,18.0,5.0,10.34,1.02,30.18,0.0
39.0,15.0,5.09,6.02,0.0,8.0,9.0,5.0,9.79,0.26,35.85,1.0
41.0,3.0,13.49,8.91,7.0,3.0,20.0,2.0,17.3,0.27,46.24,1.0
31.0,19.0,8.88,4.79,0.0,7.0,20.0,3.0,13.6,1.94,34.8,0.0
43.0,12.0,9.03,7.36,0.0,17.0,1.0,5.0,11.92,0.85,73.84,2.0
36.0,4.0,10.21,5.19,0.0,14.0,20.0,5.0,13.02,0.81,60.8,1.0
29.0,6.0,4.04,6.5,3.0,1.0,2.0,0.0,7.16,0.54,10.4,0.0
43.0,8.0,13.31,8.0,7.0,10.0,14.0,9.0,14.57,1.02,84.38,2.0
33.0,7.0,7.61,6.44,2.0,16.0,18.0,7.0,12.24,1.19,74.33,2.0
42.0,15.0,7.97,8.03,1.0,6.0,20.0,8.0,11.64,0.84,53.795,1.0
36.0,5.0,5.74,6.13,2.0,7.0,24.0,1.0,9.21,0.79,12.17,0.0
37.0,15.0,7.78,6.46,6.0,9.0,29.0,3.0,12.02,1.4,41.28,1.0
38.0,5.0,12.04,6.18,7.0,2.0,1.0,5.0,17.01,1.9,70.08,2.0
36.0,13.0,12.0,4.75,2.0,12.0,24.0,1.0,13.65,1.76,58.87,1.0
33.0,0.0,13.36,6.01,2.0,16.0,2.0,6.0,17.36,0.24,100.0,2.0
28.0,10.0,8.03,7.71,7.0,9.0,28.0,5.0,11.35,1.3,43.86,1.0
27.0,12.0,11.09,8.24,0.0,18.0,14.0,7.0,13.93,0.01,100.0,2.0
32.0,18.0,9.07,6.3,0.0,8.0,22.0,6.0,13.98,1.27,40.35,1.0
32.0,16.0,12.04,6.97,3.0,15.0,27.0,9.0,16.44,0.93,87.78,2.0
44.0,10.0,11.13,8.22,5.0,4.0,13.0,0.0,14.92,0.98,34.54,0.0
26.0,7.0,7.68,8.07,2.0,8.0,16.0,9.0,10.21,1.18,48.04,1.0
28.0,4.0,7.37,7.29,4.0,8.0,15.0,9.0,11.03,1.49,55.72,1.0
41.0,9.0,6.52,8.08,7.0,5.0,16.0,4.0,9.65,1.46,33.3,0.0
41.0,6.0,9.77,6.88,5.0,9.0,23.0,5.0,11.77,0.09,52.78,1.0
30.0,9.0,13.64,4.02,6.0,17.0,8.0,6.0,16.44,1.47,96.28,2.0
33.0,3.0,6.0,4.21,7.0,10.0,2.0,3.0,7.85,1.66,64.84,1.0
23.0,8.0,4.95,8.9,3.0,14.0,21.0,8.0,7.95,0.14,58.03,1.0
32.0,13.0,5.19,4.72,7.0,6.0,13.0,0.0,9.07,0.65,16.8,0.0
21.0,1.0,11.83,6.02,6.0,13.0,2.0,2.0,12.98,1.58,75.13,2.0
42.0,8.0,7.5,8.67,0.0,7.0,5.0,9.0,12.02,1.02,47.0,1.0
24.0,0.0,6.24,4.98,6.0,18.0,22.0,1.0,7.32,1.39,75.96,2.0
30.0,9.0,7.53,8.22,2.0,14.0,14.0,1.0,10.6,1.0,30.02,0.0
25.0,10.0,10.45,8.09,0.0,18.0,18.0,0.0,13.74,1.96,56.31,1.0
37.0,19.0,9.47,8.93,7.0,17.0,14.0,2.0,13.51,1.87,63.55,1.0
40.0,2.0,11.44,5.41,5.0,16.0,12.0,9.0,12.02,0.56,94.88,2.0
29.0,5.0,7.39,5.58,1.0,2.0,4.0,4.0,10.06,0.77,25.33,0.0
23.0,5.0,8.52,8.51,0.0,2.0,0.0,5.0,9.79,0.86,15.75,0.0
28.0,1.0,5.02,5.17,0.0,6.0,11.0,7.0,8.79,0.21,39.98,1.0
25.0,17.0,4.73,6.74,3.0,9.0,14.0,3.0,7.77,0.81,10.19,0.0
21.0,1.0,8.62,7.54,1.0,16.0,24.0,0.0,10.95,1.55,37.01,1.0
36.0,11.0,7.02,6.46,5.0,14.0,18.0,8.0,8.96,1.69,63.64,1.0
24.0,4.0,10.13,8.69,7.0,7.0,1.0,2.0,11.61,1.77,20.6,0.0
44.0,19.0,4.43,7.33,4.0,16.0,2.0,7.0,6.61,0.03,56.76,1.0
25.0,6.0,5.22,4.24,4.0,2.0,6.0,3.0,8.05,1.58,29.01,0.0
31.0,15.0,12.65,4.68,7.0,3.0,27.0,2.0,15.56,1.01,50.99,1.0
42.0,19.0,9.66,4.95,4.0,7.0,10.0,2.0,12.99,0.41,54.48,1.0
40.0,0.0,11.12,5.22,2.0,12.0,27.0,3.0,13.57,1.0,52.96,1.0
29.0,0.0,12.42,7.65,4.0,0.0,9.0,3.0,17.1,1.69,41.27,1.0
41.0,16.0,8.64,4.44,2.0,17.0,7.0,6.0,11.62,0.87,88.78,2.0
40.0,0.0,11.61,5.75,5.0,10.0,1.0,1.0,14.3,1.98,53.07,1.0
44.0,19.0,9.25,8.56,5.0,5.0,13.0,7.0,10.44,1.23,43.92,1.0
25.0,12.0,6.23,6.78,0.0,15.0,12.0,1.0,9.63,0.98,53.27,1.0
27.0,8.0,7.38,5.33,7.0,18.0,6.0,0.0,10.79,0.59,55.18,1.0
21.0,14.0,8.9,8.79,4.0,16.0,26.0,7.0,12.23,0.02,60.88,1.0
31.0,2.0,7.17,5.22,3.0,17.0,20.0,3.0,11.72,1.22,57.82,1.0
32.0,13.0,7.36,8.53,5.0,10.0,8.0,5.0,11.41,1.15,66.1,1.0
44.0,10.0,7.37,7.63,1.0,13.0,6.0,0.0,11.84,1.03,31.71,0.0
40.0,11.0,5.23,7.7,1.0,11.0,0.0,2.0,6.47,1.08,13.37,0.0
26.0,12.0,4.85,7.82,7.0,19.0,0.0,6.0,7.12,1.69,60.48,1.0
29.0,12.0,4.46,6.53,7.0,6.0,5.0,5.0,6.73,0.63,44.48,1.0
36.0,9.0,7.44,8.18,0.0,4.0,0.0,1.0,10.23,1.36,16.51,0.0
40.0,2.0,9.94,5.8,7.0,13.0,15.0,6.0,14.05,0.42,91.76,2.0
33.0,3.0,5.88,6.0,6.0,12.0,2.0,3.0,8.42,1.85,39.86,1.0
21.0,15.0,12.88,8.44,1.0,11.0,12.0,5.0,14.77,1.47,61.0,1.0
41.0,7.0,12.08,6.62,7.0,13.0,20.0,3.0,14.24,0.11,53.795,2.0
30.0,15.0,9.21,8.33,1.0,8.0,3.0,8.0,10.94,1.73,21.64,0.0
20.0,16.0,11.24,7.13,6.0,3.0,16.0,0.0,13.03,1.86,10.46,0.0
32.0,18.0,7.66,6.97,0.0,18.0,9.0,0.0,9.53,1.59,32.49,0.0
40.0,14.0,4.37,4.15,6.0,0.0,3.0,4.0,5.43,0.85,21.57,0.0
23.0,15.0,13.04,5.39,0.0,12.0,19.0,4.0,16.9,1.99,76.63,2.0
38.0,14.0,5.28,6.51,4.0,5.0,26.0,7.0,7.88,0.25,25.31,0.0
40.0,1.0,13.48,6.94,3.0,0.0,11.0,6.0,14.57,1.07,70.01,2.0
30.0,10.0,9.72,7.15,0.0,16.0,25.0,2.0,12.2,0.34,53.795,1.0
27.0,0.0,7.06,7.58,0.0,2.0,12.0,7.0,11.68,0.88,17.78,0.0
30.0,14.0,8.96,7.28,0.0,16.0,3.0,3.0,12.0,1.85,60.06,1.0
23.0,18.0,9.02,8.24,5.0,1.0,15.0,2.0,13.97,1.59,24.96,0.0
36.0,3.0,4.23,5.48,7.0,6.0,18.0,1.0,7.39,1.56,7.45,0.0
26.0,10.0,7.55,7.21,7.0,0.0,6.0,8.0,12.4,0.71,51.01,1.0
27.0,4.0,11.4,4.26,4.0,14.0,0.0,6.0,13.21,1.02,92.25,2.0
22.0,2.0,9.1,6.4,5.0,3.0,15.0,4.0,11.26,0.74,31.43,0.0
41.0,12.0,6.44,6.46,4.0,5.0,1.0,8.0,10.24,0.08,53.51,1.0
21.0,9.0,7.35,5.9,3.0,12.0,0.0,2.0,12.3,1.28,48.8,1.0
42.0,10.0,12.63,5.77,3.0,12.0,13.0,5.0,16.93,0.73,64.77,1.0
34.0,17.0,8.99,4.3,7.0,19.0,19.0,7.0,12.47,0.31,100.0,2.0
43.0,1.0,9.28,6.33,7.0,0.0,4.0,8.0,10.62,1.87,42.85,1.0
41.0,6.0,13.61,8.97,1.0,1.0,26.0,3.0,16.07,1.27,30.17,0.0
41.0,8.0,7.21,5.49,6.0,5.0,14.0,0.0,8.56,1.88,23.85,0.0
24.0,9.0,8.8,7.68,6.0,10.0,9.0,7.0,11.05,1.17,67.42,1.0
43.0,17.0,12.12,6.74,5.0,17.0,20.0,9.0,14.16,0.13,100.0,2.0
20.0,6.0,11.59,5.63,4.0,12.0,1.0,2.0,14.14,0.06,89.78,2.0
23.0,6.0,6.66,4.45,3.0,11.0,10.0,5.0,11.01,1.8,40.57,1.0
34.0,2.0,5.51,5.08,3.0,19.0,15.0,3.0,7.11,0.08,63.5,1.0
39.0,11.0,11.01,7.91,7.0,6.0,18.0,5.0,13.23,1.23,65.08,1.0
38.0,6.0,6.58,5.4,5.0,19.0,3.0,2.0,8.62,0.6,67.15,1.0
22.0,16.0,13.23,4.72,1.0,6.0,9.0,6.0,15.41,1.38,62.57,1.0
39.0,0.0,5.29,5.66,7.0,6.0,21.0,1.0,7.73,0.57,32.53,0.0
30.0,4.0,7.18,6.92,7.0,1.0,21.0,4.0,9.16,1.02,39.08,1.0
36.0,15.0,4.55,7.52,0.0,10.0,11.0,2.0,9.32,1.46,5.09,0.0
32.0,14.0,11.03,5.94,4.0,0.0,1.0,4.0,13.71,0.62,49.12,1.0
30.0,1.0,12.91,6.49,1.0,12.0,14.0,2.0,14.37,1.1,67.18,1.0
21.0,8.0,10.36,6.27,6.0,11.0,8.0,8.0,13.23,1.55,63.44,1.0
32.0,6.0,13.38,4.05,7.0,12.0,11.0,7.0,15.12,1.41,100.0,2.0
21.0,3.0,5.29,5.98,6.0,6.0,1.0,1.0,7.15,0.7,27.17,0.0
40.0,19.0,4.88,6.94,2.0,11.0,17.0,7.0,7.02,1.5,17.23,0.0
28.0,17.0,12.38,6.85,1.0,16.0,15.0,7.0,13.88,1.85,77.25,2.0
28.0,3.0,12.56,7.75,1.0,7.0,18.0,9.0,16.44,1.22,69.94,1.0
27.0,12.0,12.31,7.35,0.0,2.0,14.0,2.0,16.48,1.41,27.91,0.0
36.0,0.0,11.99,5.38,3.0,6.0,24.0,9.0,14.57,1.73,77.9,2.0
20.0,2.0,7.62,5.28,4.0,18.0,29.0,4.0,11.38,1.69,61.65,1.0
44.0,15.0,6.17,6.32,1.0,19.0,15.0,1.0,8.73,0.7,55.32,1.0
30.0,3.0,13.29,7.66,0.0,7.0,14.0,9.0,14.95,1.98,69.62,1.0
27.0,15.0,7.07,4.47,6.0,13.0,26.0,5.0,9.66,0.06,89.21,2.0
29.0,18.0,7.98,8.74,2.0,13.0,14.0,1.0,11.21,1.97,13.67,0.0
44.0,0.0,11.0,6.72,5.0,1.0,11.0,3.0,12.16,0.49,49.87,1.0
26.0,4.0,8.99,5.53,6.0,5.0,21.0,2.0,10.55,0.88,36.3,1.0
22.0,18.0,12.19,7.47,7.0,15.0,11.0,0.0,16.16,1.77,70.43,2.0
22.0,10.0,4.7,4.22,5.0,8.0,9.0,7.0,9.14,0.49,64.26,1.0
24.0,19.0,10.02,6.43,5.0,18.0,14.0,0.0,11.02,1.29,70.01,2.0
31.0,4.0,9.73,4.81,1.0,14.0,22.0,5.0,11.02,1.41,53.795,2.0
31.0,3.0,8.58,8.19,2.0,11.0,26.0,0.0,13.28,0.01,26.99,0.0
38.0,3.0,6.77,7.98,1.0,8.0,3.0,8.0,10.83,0.9,53.795,1.0
25.0,3.0,8.64,4.76,5.0,15.0,9.0,0.0,12.98,0.98,59.87,1.0
21.0,3.0,8.5,5.82,4.0,5.0,25.0,2.0,11.57,1.02,33.09,0.0
38.0,17.0,6.82,8.24,7.0,14.0,22.0,0.0,9.01,0.31,51.15,1.0
24.0,17.0,4.78,5.62,5.0,12.0,13.0,1.0,9.15,0.65,38.35,1.0
31.0,15.0,5.45,6.2,7.0,9.0,9.0,3.0,9.77,1.43,32.03,0.0
36.0,8.0,10.99,5.62,4.0,13.0,16.0,6.0,13.56,1.02,67.78,1.0
36.0,17.0,4.22,5.55,5.0,2.0,21.0,7.0,6.54,1.18,19.86,0.0
44.0,3.0,10.94,7.74,2.0,0.0,26.0,0.0,12.04,1.36,30.37,0.0
42.0,11.0,11.68,6.46,4.0,15.0,26.0,4.0,16.12,1.8,70.52,2.0
36.0,6.0,12.36,7.29,0.0,9.0,10.0,7.0,15.14,1.01,89.94,2.0
34.0,14.0,5.23,6.56,3.0,8.0,17.0,0.0,8.0,0.99,14.58,0.0
35.0,16.0,9.05,4.33,5.0,0.0,10.0,5.0,12.63,1.27,42.62,1.0
43.0,15.0,12.86,5.92,2.0,9.0,7.0,0.0,14.92,1.61,53.4,1.0
38.0,18.0,12.87,7.75,2.0,6.0,18.0,2.0,17.64,1.29,53.795,1.0
27.0,8.0,4.24,8.57,5.0,9.0,24.0,0.0,9.19,0.44,18.53,0.0
40.0,13.0,7.83,4.15,0.0,11.0,15.0,3.0,10.93,0.57,48.75,1.0
36.0,16.0,9.26,5.84,6.0,10.0,3.0,8.0,12.51,1.33,78.35,2.0
42.0,10.0,10.78,5.12,6.0,8.0,13.0,4.0,14.0,0.91,52.9,1.0
24.0,1.0,6.86,8.08,4.0,4.0,21.0,2.0,9.8,0.81,13.69,0.0
41.0,19.0,6.52,8.23,5.0,3.0,16.0,9.0,11.3,0.04,39.28,1.0
35.0,15.0,7.81,5.03,7.0,19.0,10.0,6.0,9.79,1.77,77.53,2.0
25.0,13.0,9.01,7.55,2.0,12.0,25.0,5.0,10.44,1.77,30.67,0.0
27.0,13.0,13.51,7.66,0.0,7.0,25.0,8.0,18.23,0.92,79.26,2.0
44.0,0.0,11.62,4.89,6.0,15.0,2.0,3.0,13.47,1.4,67.85,1.0
37.0,2.0,8.29,6.17,0.0,0.0,3.0,3.0,12.29,0.36,17.65,0.0
32.0,6.0,4.54,7.1,6.0,16.0,20.0,8.0,6.36,1.01,56.97,1.0
32.0,14.0,5.69,4.13,1.0,14.0,12.0,1.0,10.53,0.88,60.95,1.0
34.0,18.0,8.56,6.02,0.0,14.0,16.0,9.0,12.72,1.31,66.64,1.0
28.0,10.0,12.14,4.77,4.0,17.0,29.0,1.0,16.81,0.94,84.4,2.0
32.0,1.0,7.81,6.71,7.0,5.0,14.0,8.0,12.61,1.0,40.37,1.0
34.0,18.0,8.99,8.21,2.0,1.0,20.0,6.0,10.72,0.59,26.76,0.0
29.0,8.0,12.92,6.62,3.0,4.0,19.0,4.0,15.65,0.1,56.66,1.0
35.0,18.0,13.14,4.18,6.0,18.0,9.0,4.0,16.73,1.83,94.49,2.0
26.0,4.0,6.16,4.15,0.0,6.0,25.0,8.0,10.37,0.02,60.27,1.0
36.0,17.0,4.44,7.03,0.0,8.0,22.0,9.0,6.41,0.56,28.79,0.0
42.0,15.0,7.05,5.64,7.0,1.0,23.0,4.0,11.71,0.9,42.27,1.0
40.0,3.0,10.96,6.86,3.0,6.0,11.0,8.0,12.84,0.64,58.45,1.0
41.0,11.0,13.51,4.82,1.0,13.0,7.0,7.0,17.97,1.1,88.97,2.0
26.0,6.0,4.77,7.88,0.0,14.0,2.0,5.0,7.82,0.92,6.74,0.0
33.0,13.0,4.28,8.3,3.0,11.0,28.0,4.0,7.34,0.51,24.94,0.0
34.0,11.0,12.84,8.45,3.0,19.0,14.0,4.0,15.34,0.18,85.36,2.0
40.0,2.0,11.48,5.52,7.0,3.0,9.0,4.0,12.89,0.28,63.98,1.0
26.0,4.0,13.92,7.3,4.0,12.0,23.0,0.0,16.31,0.97,83.2,2.0
28.0,16.0,7.97,6.46,1.0,8.0,6.0,4.0,10.68,1.69,39.15,1.0
38.0,9.0,8.16,7.81,4.0,11.0,29.0,2.0,11.08,0.2,17.34,0.0
35.0,9.0,5.72,4.6,3.0,9.0,24.0,5.0,9.68,1.35,30.25,0.0
27.0,10.0,5.16,7.81,7.0,8.0,28.0,8.0,7.57,1.58,40.23,1.0
37.0,16.0,9.79,6.2,7.0,6.0,9.0,5.0,12.42,0.55,52.6,1.0
42.0,4.0,7.64,8.28,2.0,11.0,6.0,0.0,12.26,1.02,16.25,0.0
37.0,12.0,4.8,7.69,4.0,15.0,17.0,7.0,8.81,1.37,35.18,1.0
39.0,9.0,12.87,5.88,7.0,14.0,19.0,8.0,13.96,1.42,100.0,2.0
26.0,8.0,5.98,8.52,7.0,6.0,27.0,9.0,10.23,1.78,49.82,1.0
32.0,16.0,11.49,5.42,2.0,7.0,13.0,3.0,16.45,0.8,70.02,2.0
37.0,0.0,6.82,8.83,2.0,6.0,11.0,9.0,11.58,0.49,33.05,0.0
29.0,3.0,12.13,7.84,5.0,10.0,7.0,4.0,16.47,1.09,72.84,2.0
26.0,3.0,5.18,8.95,4.0,3.0,24.0,2.0,8.7,0.13,0.0,0.0
36.0,17.0,11.56,4.27,0.0,17.0,6.0,7.0,13.67,1.02,88.21,2.0
33.0,8.0,4.98,5.37,1.0,18.0,4.0,2.0,8.6,1.77,33.06,0.0
43.0,17.0,8.47,7.71,4.0,6.0,0.0,3.0,12.25,1.06,32.7,0.0
22.0,13.0,11.34,8.61,5.0,12.0,14.0,9.0,13.47,0.87,80.06,2.0
31.0,14.0,5.73,4.14,7.0,8.0,8.0,6.0,7.75,0.53,55.73,1.0
32.0,5.0,6.86,4.0,1.0,17.0,11.0,1.0,9.45,0.5,43.52,1.0
21.0,9.0,12.65,5.28,7.0,6.0,21.0,0.0,12.02,0.47,58.34,1.0
22.0,14.0,12.85,8.26,0.0,19.0,17.0,3.0,15.02,1.66,75.09,2.0
24.0,10.0,4.45,7.84,1.0,15.0,10.0,7.0,7.67,1.97,37.59,1.0
30.0,17.0,5.68,5.7,1.0,4.0,9.0,0.0,10.28,1.07,26.18,0.0
27.0,17.0,5.17,4.01,1.0,6.0,9.0,9.0,7.35,0.16,53.13,1.0
42.0,16.0,5.8,6.77,3.0,5.0,17.0,2.0,10.66,1.5,31.3,0.0
42.0,11.0,13.7,5.19,3.0,1.0,25.0,3.0,16.59,1.75,41.51,1.0
31.0,6.0,9.52,7.73,1.0,6.0,0.0,3.0,10.92,1.86,36.29,1.0
26.0,15.0,8.68,6.23,0.0,8.0,27.0,2.0,9.9,1.26,41.76,1.0
34.0,10.0,13.84,7.39,7.0,12.0,19.0,2.0,16.19,1.01,83.44,2.0
43.0,13.0,9.57,8.26,6.0,16.0,25.0,6.0,11.61,1.24,58.6,1.0
36.0,2.0,10.61,6.68,0.0,16.0,10.0,7.0,14.98,0.03,82.35,2.0
23.0,18.0,8.99,5.68,0.0,14.0,28.0,9.0,11.28,1.31,58.77,1.0
41.0,17.0,7.82,7.85,0.0,17.0,1.0,3.0,12.36,1.42,49.38,1.0
44.0,9.0,9.94,5.33,7.0,14.0,25.0,7.0,13.3,1.44,83.31,2.0
32.0,10.0,4.7,8.46,5.0,10.0,10.0,7.0,7.44,1.13,29.32,0.0
37.0,12.0,6.56,4.36,5.0,11.0,24.0,5.0,8.64,1.4,78.18,2.0
20.0,9.0,5.97,8.18,2.0,16.0,1.0,0.0,9.3,1.28,19.3,0.0
35.0,17.0,4.16,4.46,1.0,11.0,26.0,6.0,7.63,0.23,46.6,1.0
32.0,19.0,9.37,4.28,6.0,6.0,8.0,6.0,11.94,1.8,68.25,1.0
29.0,15.0,9.61,5.82,6.0,6.0,0.0,4.0,14.36,1.25,51.59,1.0
31.0,5.0,7.84,8.78,1.0,9.0,29.0,5.0,11.4,1.46,43.17,1.0
21.0,12.0,6.69,8.92,2.0,15.0,22.0,8.0,11.04,0.69,60.95,1.0
42.0,3.0,10.52,5.01,0.0,10.0,5.0,2.0,14.0,1.84,32.49,0.0
22.0,13.0,5.35,4.74,4.0,15.0,21.0,3.0,7.62,1.01,55.93,1.0
29.0,0.0,9.19,5.76,4.0,1.0,1.0,8.0,13.14,1.36,67.84,1.0
21.0,10.0,11.68,5.69,7.0,1.0,14.0,9.0,13.6,1.9,61.52,1.0
42.0,10.0,5.64,7.8,2.0,17.0,0.0,1.0,9.03,1.83,15.08,0.0
32.0,7.0,8.99,6.22,6.0,4.0,25.0,8.0,14.14,1.29,67.3,1.0
32.0,11.0,11.61,7.9,4.0,13.0,23.0,4.0,13.21,0.33,70.48,2.0
37.0,1.0,4.6,7.74,3.0,7.0,23.0,2.0,7.25,1.9,8.85,0.0
32.0,11.0,4.19,6.89,1.0,5.0,17.0,7.0,6.43,1.97,27.01,0.0
26.0,4.0,13.74,8.17,4.0,8.0,3.0,8.0,15.19,0.21,76.03,2.0
33.0,4.0,5.93,4.98,7.0,5.0,28.0,0.0,10.23,0.9,34.54,0.0
39.0,12.0,12.22,4.81,5.0,16.0,12.0,4.0,15.21,1.1,98.07,2.0
36.0,8.0,9.62,7.75,7.0,7.0,3.0,8.0,12.01,0.18,69.22,1.0
40.0,9.0,6.64,5.22,5.0,2.0,14.0,1.0,9.66,0.38,21.18,0.0
31.0,0.0,5.3,4.01,6.0,11.0,1.0,0.0,9.32,1.08,27.49,0.0
44.0,2.0,8.97,8.56,6.0,12.0,26.0,7.0,10.04,1.93,42.6,1.0
35.0,17.0,8.07,7.11,3.0,17.0,8.0,5.0,11.26,0.06,51.91,1.0
43.0,11.0,10.99,6.22,7.0,10.0,11.0,1.0,13.91,1.82,41.87,1.0
31.0,2.0,13.04,7.63,1.0,1.0,13.0,2.0,17.61,1.8,50.93,1.0
34.0,8.0,12.05,5.67,7.0,13.0,19.0,4.0,15.27,1.71,79.21,2.0
44.0,1.0,6.74,8.77,3.0,0.0,3.0,0.0,8.29,0.76,21.25,0.0
32.0,2.0,12.79,4.34,1.0,14.0,14.0,1.0,15.34,0.98,78.37,2.0
44.0,13.0,12.33,7.2,1.0,17.0,3.0,0.0,15.81,0.81,49.44,1.0
26.0,3.0,13.29,7.89,6.0,17.0,4.0,6.0,14.47,1.9,87.41,2.0
39.0,18.0,8.59,6.35,4.0,16.0,9.0,6.0,13.13,1.04,76.61,2.0
24.0,12.0,11.69,7.77,7.0,0.0,11.0,9.0,12.96,0.16,70.68,2.0
20.0,6.0,8.99,8.63,5.0,13.0,11.0,4.0,11.04,0.55,55.96,1.0
36.0,11.0,7.11,7.72,2.0,19.0,7.0,9.0,8.12,0.92,77.96,2.0
32.0,8.0,4.38,6.81,7.0,3.0,2.0,2.0,7.2,1.14,16.67,0.0
33.0,1.0,5.62,8.56,6.0,5.0,26.0,1.0,7.03,1.39,19.8,0.0
43.0,8.0,12.93,6.25,0.0,15.0,0.0,9.0,17.35,0.18,91.99,2.0
37.0,11.0,4.61,7.41,3.0,19.0,17.0,8.0,6.42,1.75,57.59,1.0
23.0,11.0,12.87,6.33,6.0,5.0,19.0,1.0,12.02,1.08,57.33,1.0
37.0,14.0,11.15,4.61,7.0,14.0,24.0,0.0,12.86,1.84,72.07,2.0
24.0,1.0,4.37,4.29,0.0,0.0,13.0,8.0,9.08,0.89,28.38,0.0
44.0,17.0,8.29,8.76,1.0,6.0,16.0,7.0,12.32,1.37,31.57,0.0
35.0,12.0,11.54,7.06,6.0,10.0,5.0,7.0,15.44,0.94,91.62,2.0
20.0,13.0,9.83,4.52,4.0,0.0,5.0,6.0,11.01,0.29,58.16,1.0
40.0,4.0,13.36,8.29,7.0,7.0,9.0,8.0,16.45,0.54,88.44,2.0
33.0,9.0,12.68,6.61,0.0,13.0,18.0,2.0,15.98,0.13,79.64,2.0
34.0,11.0,7.33,7.86,0.0,4.0,9.0,7.0,9.86,0.88,35.69,1.0
28.0,9.0,4.85,4.63,5.0,12.0,24.0,0.0,7.14,1.3,23.7,0.0
34.0,10.0,13.44,8.53,6.0,14.0,29.0,0.0,17.85,0.49,53.795,2.0
36.0,1.0,9.17,6.95,0.0,8.0,25.0,5.0,10.26,0.98,46.68,1.0
44.0,4.0,4.74,7.69,5.0,7.0,2.0,7.0,8.24,0.92,26.31,0.0
43.0,6.0,12.17,4.16,5.0,18.0,0.0,7.0,14.75,1.07,100.0,2.0
23.0,5.0,12.69,5.58,1.0,16.0,17.0,9.0,16.35,0.37,89.98,2.0
31.0,2.0,10.39,5.34,7.0,18.0,14.0,0.0,12.18,1.07,69.72,1.0
24.0,12.0,8.48,8.75,5.0,17.0,19.0,0.0,10.43,0.73,43.55,1.0
24.0,2.0,10.62,4.93,1.0,17.0,14.0,8.0,13.97,0.57,77.77,2.0
30.0,5.0,11.07,7.54,5.0,3.0,17.0,8.0,12.02,1.17,59.16,1.0
25.0,10.0,12.93,4.21,5.0,1.0,9.0,6.0,17.83,0.3,69.67,1.0
26.0,16.0,13.56,4.99,6.0,4.0,21.0,0.0,15.56,1.8,61.1,1.0
43.0,9.0,9.14,5.69,6.0,16.0,21.0,9.0,10.55,1.87,100.0,2.0
33.0,11.0,11.98,7.97,1.0,6.0,18.0,1.0,15.34,1.32,38.03,1.0
43.0,16.0,13.65,7.95,0.0,15.0,16.0,7.0,16.33,0.61,89.22,2.0
30.0,3.0,5.51,8.76,3.0,0.0,14.0,7.0,9.56,1.25,13.07,0.0
32.0,1.0,4.18,8.58,4.0,11.0,24.0,4.0,7.29,1.2,19.42,0.0
21.0,10.0,12.69,4.41,4.0,18.0,3.0,1.0,15.73,0.78,96.22,2.0
44.0,6.0,5.95,8.15,1.0,8.0,24.0,2.0,9.54,0.57,8.91,0.0
26.0,1.0,4.42,6.26,0.0,15.0,4.0,4.0,5.93,0.34,47.33,1.0
39.0,17.0,5.6,8.33,6.0,6.0,6.0,2.0,9.31,0.43,14.79,0.0
23.0,10.0,7.84,4.45,6.0,14.0,18.0,9.0,10.79,1.31,95.33,2.0
27.0,7.0,6.19,8.11,3.0,11.0,18.0,0.0,10.47,1.77,13.99,0.0
39.0,19.0,7.05,6.46,2.0,3.0,14.0,5.0,8.6,0.77,28.95,0.0
41.0,13.0,13.75,5.67,4.0,5.0,0.0,4.0,15.95,0.24,79.89,2.0
40.0,11.0,11.04,4.14,1.0,5.0,23.0,2.0,15.84,0.03,40.76,1.0
32.0,10.0,4.95,6.23,4.0,2.0,18.0,5.0,9.67,0.47,41.22,1.0
33.0,7.0,11.32,8.09,4.0,1.0,16.0,7.0,15.08,0.65,63.76,1.0
29.0,1.0,11.39,7.87,6.0,4.0,8.0,6.0,16.1,0.48,55.19,1.0
30.0,14.0,10.6,5.18,3.0,7.0,19.0,1.0,12.87,1.33,61.38,1.0
21.0,8.0,6.28,4.76,7.0,18.0,22.0,9.0,7.64,1.28,78.83,2.0
44.0,18.0,8.23,5.95,3.0,15.0,15.0,4.0,12.44,1.82,58.07,1.0
28.0,19.0,12.46,8.42,2.0,18.0,8.0,4.0,16.68,1.4,75.53,2.0
36.0,7.0,10.7,4.46,7.0,15.0,18.0,5.0,14.18,0.33,100.0,2.0
22.0,18.0,11.33,6.71,4.0,5.0,15.0,5.0,14.65,1.5,68.15,1.0
43.0,4.0,9.87,4.44,4.0,0.0,20.0,2.0,14.53,0.36,41.76,1.0
25.0,10.0,8.5,6.35,3.0,17.0,25.0,3.0,12.02,1.12,84.85,2.0
24.0,10.0,11.59,4.63,3.0,7.0,26.0,0.0,15.06,0.15,58.11,1.0
24.0,7.0,4.68,4.4,7.0,4.0,12.0,0.0,5.88,0.09,53.795,0.0
41.0,18.0,10.73,4.95,4.0,11.0,18.0,4.0,12.29,0.93,74.52,2.0
34.0,7.0,13.97,5.28,6.0,17.0,4.0,3.0,16.72,0.21,98.47,2.0
42.0,18.0,11.8,5.38,4.0,9.0,26.0,6.0,16.08,0.61,82.27,2.0
36.0,17.0,6.91,7.23,0.0,12.0,1.0,6.0,10.84,0.68,43.27,1.0
28.0,9.0,6.78,4.27,5.0,11.0,3.0,3.0,11.68,1.54,56.59,1.0
22.0,6.0,10.67,4.4,3.0,15.0,11.0,9.0,11.85,0.67,67.98,1.0
39.0,8.0,12.96,4.94,2.0,13.0,17.0,1.0,15.49,0.99,74.4,2.0
36.0,0.0,9.78,8.36,6.0,10.0,2.0,9.0,11.42,1.55,63.35,1.0
29.0,18.0,9.27,7.14,1.0,9.0,20.0,3.0,10.42,0.41,43.45,1.0
32.0,4.0,5.6,7.65,1.0,9.0,24.0,7.0,7.66,1.61,18.77,0.0
37.0,18.0,11.15,5.85,4.0,15.0,18.0,1.0,13.13,1.66,63.22,1.0
37.0,0.0,11.02,5.07,5.0,18.0,25.0,4.0,13.7,1.98,84.76,2.0
36.0,14.0,13.67,4.19,6.0,9.0,21.0,6.0,15.23,0.89,91.57,2.0
43.0,15.0,7.0,6.44,6.0,3.0,3.0,9.0,9.95,0.74,56.51,1.0
22.0,6.0,11.56,6.87,2.0,7.0,3.0,5.0,16.24,1.4,56.96,1.0
22.0,11.0,8.34,8.49,0.0,10.0,15.0,8.0,12.33,0.12,57.51,1.0
25.0,7.0,9.58,8.41,7.0,5.0,10.0,1.0,13.95,0.08,50.63,1.0
32.0,4.0,12.16,6.12,3.0,3.0,28.0,3.0,16.38,0.67,64.54,1.0
43.0,9.0,6.22,6.12,0.0,4.0,25.0,6.0,8.78,1.46,21.5,0.0
34.0,4.0,7.43,4.81,6.0,17.0,25.0,7.0,11.27,0.23,79.79,2.0
44.0,16.0,11.73,5.29,2.0,2.0,12.0,4.0,15.75,1.27,67.18,1.0
28.0,4.0,8.99,8.63,0.0,6.0,20.0,4.0,11.52,0.54,26.1,0.0
23.0,14.0,4.92,4.71,4.0,11.0,14.0,3.0,9.36,1.3,34.06,0.0
33.0,12.0,8.3,8.84,1.0,2.0,6.0,8.0,11.13,0.91,29.98,0.0
24.0,0.0,9.87,6.52,4.0,16.0,26.0,5.0,10.94,0.23,80.55,2.0
21.0,10.0,13.1,6.28,3.0,2.0,13.0,3.0,16.67,0.49,58.06,1.0
30.0,0.0,5.88,4.87,4.0,10.0,3.0,2.0,9.59,0.44,53.87,1.0
28.0,10.0,12.06,7.31,2.0,5.0,7.0,8.0,15.27,0.33,48.28,1.0
43.0,17.0,5.31,6.3,6.0,10.0,11.0,6.0,7.16,0.94,41.49,1.0
22.0,17.0,6.42,5.85,2.0,3.0,12.0,8.0,9.35,1.91,34.34,0.0
28.0,15.0,6.43,5.32,3.0,16.0,24.0,3.0,9.03,1.32,66.92,1.0
22.0,12.0,12.77,4.33,3.0,0.0,8.0,2.0,17.67,1.67,35.24,1.0
44.0,6.0,5.99,6.6,1.0,11.0,8.0,9.0,10.29,1.96,53.44,1.0
21.0,0.0,11.87,5.56,0.0,2.0,1.0,7.0,15.92,1.08,55.08,1.0
31.0,15.0,8.62,6.46,1.0,15.0,2.0,3.0,10.34,0.48,53.16,1.0
29.0,0.0,13.99,7.62,4.0,2.0,20.0,9.0,16.31,1.86,81.45,2.0
28.0,16.0,12.39,5.66,0.0,13.0,11.0,2.0,14.91,1.4,62.99,1.0
34.0,5.0,11.4,7.35,3.0,16.0,16.0,3.0,14.37,1.92,64.67,1.0
27.0,1.0,12.71,5.29,2.0,18.0,3.0,1.0,13.83,1.3,80.24,2.0
32.0,16.0,10.34,7.64,4.0,6.0,26.0,3.0,13.71,1.55,44.4,1.0
24.0,5.0,12.44,4.08,7.0,10.0,29.0,6.0,14.87,1.78,78.09,2.0
30.0,13.0,6.61,4.76,1.0,15.0,13.0,2.0,9.86,1.52,46.03,1.0
21.0,17.0,4.98,5.23,6.0,18.0,20.0,0.0,6.02,1.13,50.67,1.0
43.0,5.0,10.16,7.86,5.0,4.0,8.0,9.0,12.45,0.94,43.52,1.0
34.0,9.0,8.35,4.33,5.0,0.0,7.0,7.0,12.42,1.65,55.82,1.0
25.0,17.0,8.26,4.94,3.0,9.0,0.0,5.0,11.26,1.54,61.99,1.0
27.0,8.0,9.27,5.79,6.0,17.0,29.0,2.0,13.43,0.73,74.07,2.0
24.0,7.0,7.61,4.05,0.0,9.0,12.0,7.0,11.41,1.0,42.4,1.0
35.0,9.0,10.26,7.81,4.0,0.0,27.0,5.0,14.68,1.27,32.22,0.0
37.0,16.0,4.31,6.8,0.0,12.0,2.0,0.0,5.34,0.06,0.0,0.0
25.0,5.0,13.7,8.5,2.0,3.0,29.0,8.0,15.75,0.5,62.42,1.0
24.0,13.0,13.25,4.16,3.0,11.0,13.0,8.0,16.45,0.5,89.98,2.0
35.0,5.0,13.35,5.36,7.0,15.0,18.0,8.0,18.11,1.77,100.0,2.0
32.0,6.0,7.65,7.66,3.0,18.0,26.0,5.0,11.37,0.66,71.32,2.0
24.0,11.0,9.32,7.38,4.0,11.0,5.0,5.0,12.15,1.09,51.61,1.0
32.0,2.0,13.54,5.22,4.0,5.0,3.0,3.0,15.06,1.66,69.63,1.0
36.0,13.0,13.02,6.98,6.0,15.0,19.0,7.0,15.99,0.52,96.7,2.0
37.0,18.0,11.9,7.97,0.0,11.0,0.0,8.0,14.66,0.25,63.33,1.0
27.0,15.0,8.07,4.17,7.0,9.0,27.0,6.0,12.18,1.9,78.26,2.0
32.0,6.0,9.64,7.59,5.0,4.0,9.0,6.0,12.29,1.41,55.06,1.0
38.0,7.0,11.93,5.26,5.0,18.0,12.0,1.0,14.21,0.35,74.77,2.0
22.0,17.0,6.73,8.74,1.0,11.0,11.0,1.0,8.09,1.64,21.97,0.0
43.0,12.0,10.26,6.69,7.0,7.0,10.0,9.0,11.45,1.57,69.61,1.0
27.0,8.0,12.28,4.17,0.0,3.0,3.0,1.0,15.04,1.68,50.45,1.0
21.0,10.0,11.07,6.02,5.0,6.0,16.0,3.0,13.46,0.55,46.11,1.0
27.0,8.0,8.79,8.83,4.0,4.0,14.0,8.0,12.01,0.9,40.65,1.0
32.0,14.0,8.99,7.65,4.0,10.0,20.0,4.0,13.7,1.39,55.24,1.0
32.0,19.0,13.89,5.5,7.0,16.0,28.0,1.0,15.05,0.78,81.67,2.0
20.0,1.0,10.02,6.88,4.0,2.0,2.0,3.0,13.0,0.14,45.47,1.0
25.0,12.0,11.86,7.0,0.0,1.0,28.0,6.0,16.31,0.27,46.6,1.0
43.0,10.0,11.27,4.12,3.0,18.0,9.0,4.0,14.09,1.19,88.36,2.0
38.0,18.0,11.01,4.89,6.0,1.0,20.0,7.0,14.09,0.75,76.94,2.0
35.0,1.0,11.16,6.76,1.0,13.0,13.0,0.0,14.11,0.01,83.78,2.0
27.0,2.0,8.54,6.01,1.0,0.0,18.0,4.0,11.1,1.53,25.79,0.0
20.0,5.0,8.74,4.95,4.0,15.0,20.0,3.0,10.18,0.83,64.87,1.0
35.0,2.0,8.68,7.86,2.0,14.0,3.0,2.0,10.19,0.63,66.12,1.0
28.0,10.0,4.33,6.44,7.0,17.0,24.0,6.0,6.05,1.43,66.08,1.0
32.0,5.0,6.41,5.55,0.0,1.0,13.0,9.0,10.58,0.91,52.06,1.0
30.0,15.0,5.55,4.81,7.0,10.0,5.0,0.0,7.65,1.39,37.94,1.0
32.0,16.0,12.86,7.06,5.0,16.0,11.0,5.0,12.02,0.03,100.0,2.0
44.0,18.0,6.75,7.33,7.0,12.0,29.0,7.0,10.99,0.02,63.81,1.0
32.0,2.0,5.38,7.35,5.0,11.0,25.0,1.0,9.12,1.12,27.46,0.0
29.0,17.0,5.2,5.1,7.0,1.0,1.0,5.0,9.08,1.96,27.91,0.0
23.0,6.0,11.0,6.98,7.0,17.0,16.0,0.0,12.19,0.54,76.54,2.0
25.0,8.0,4.06,8.53,6.0,9.0,0.0,5.0,7.33,1.37,25.07,0.0
26.0,19.0,8.71,5.77,3.0,11.0,16.0,5.0,13.47,0.34,75.66,2.0
24.0,11.0,5.19,5.05,4.0,16.0,24.0,4.0,6.35,0.62,60.41,1.0
30.0,4.0,12.5,7.86,2.0,13.0,4.0,6.0,14.66,0.16,80.27,2.0
32.0,2.0,13.58,4.88,4.0,18.0,15.0,4.0,14.79,1.76,97.19,2.0
44.0,10.0,13.59,6.46,7.0,12.0,13.0,7.0,16.87,0.62,98.52,2.0
38.0,3.0,8.42,4.5,7.0,2.0,19.0,1.0,9.88,0.46,31.95,0.0
42.0,4.0,10.45,5.34,2.0,7.0,9.0,5.0,13.37,1.46,66.6,1.0
29.0,0.0,10.0,6.05,1.0,4.0,20.0,4.0,13.88,0.4,55.76,1.0
29.0,10.0,7.5,4.32,2.0,11.0,24.0,9.0,9.16,0.48,59.75,1.0
30.0,11.0,8.44,8.36,1.0,0.0,2.0,1.0,12.46,0.21,1.86,0.0
40.0,12.0,4.64,6.57,1.0,15.0,2.0,6.0,5.88,1.93,44.27,1.0
26.0,8.0,11.96,6.94,7.0,11.0,27.0,3.0,13.56,0.5,71.34,2.0
37.0,1.0,6.41,5.86,0.0,16.0,17.0,5.0,8.53,1.99,35.76,1.0
23.0,4.0,8.61,7.35,6.0,8.0,23.0,4.0,12.79,0.35,35.85,1.0
21.0,12.0,8.81,6.16,2.0,12.0,22.0,3.0,13.21,0.04,51.59,1.0
33.0,15.0,9.61,7.81,3.0,3.0,17.0,1.0,11.49,1.79,24.17,0.0
32.0,15.0,12.18,8.11,3.0,3.0,3.0,6.0,13.56,1.16,49.83,1.0
31.0,2.0,10.92,7.36,2.0,14.0,6.0,4.0,15.31,0.7,52.4,1.0
26.0,3.0,10.63,6.46,6.0,9.0,0.0,2.0,14.23,1.03,52.28,1.0
21.0,10.0,9.27,7.91,4.0,5.0,15.0,5.0,10.9,0.52,42.66,1.0
32.0,13.0,8.99,6.46,3.0,2.0,16.0,7.0,8.19,1.27,39.4,1.0
33.0,2.0,8.02,4.56,4.0,14.0,7.0,9.0,12.51,1.23,79.18,2.0
36.0,15.0,13.57,4.58,3.0,5.0,5.0,9.0,14.85,0.16,100.0,2.0
28.0,14.0,13.96,6.46,7.0,10.0,1.0,1.0,15.29,1.82,69.95,1.0
27.0,8.0,6.28,8.08,1.0,1.0,9.0,3.0,9.89,0.39,19.51,0.0
21.0,10.0,5.02,5.23,1.0,0.0,16.0,2.0,6.73,0.61,20.37,0.0
43.0,15.0,8.15,6.15,1.0,10.0,18.0,6.0,12.42,1.73,42.66,1.0
32.0,9.0,12.57,7.27,7.0,4.0,27.0,9.0,16.57,0.77,79.1,2.0
22.0,16.0,11.22,4.79,0.0,5.0,3.0,7.0,14.46,1.12,56.69,1.0
35.0,18.0,12.84,7.69,1.0,2.0,12.0,7.0,14.3,1.9,38.37,1.0
25.0,1.0,10.16,7.45,6.0,9.0,20.0,3.0,15.11,1.3,83.73,2.0
38.0,1.0,5.3,6.72,1.0,4.0,26.0,9.0,8.26,1.35,45.9,1.0
26.0,5.0,5.15,6.83,0.0,19.0,25.0,5.0,7.96,0.5,36.32,1.0
29.0,18.0,4.48,4.53,7.0,8.0,18.0,5.0,9.46,1.34,37.24,1.0
32.0,7.0,9.67,6.18,4.0,18.0,15.0,2.0,14.13,0.79,80.36,2.0
21.0,2.0,6.43,4.43,3.0,4.0,12.0,7.0,9.26,1.82,52.09,1.0
34.0,13.0,11.34,5.54,0.0,11.0,29.0,2.0,12.02,0.26,52.58,1.0
24.0,15.0,10.86,6.46,0.0,11.0,4.0,1.0,12.24,0.57,43.85,1.0
41.0,0.0,7.18,6.87,2.0,15.0,11.0,8.0,11.89,0.13,85.56,2.0
23.0,2.0,5.77,7.71,1.0,6.0,6.0,8.0,10.15,0.76,50.42,1.0
39.0,17.0,5.02,6.87,5.0,13.0,26.0,8.0,7.26,0.3,46.88,1.0
23.0,8.0,11.37,4.97,4.0,8.0,8.0,2.0,15.38,1.02,44.61,1.0
37.0,5.0,8.5,6.97,5.0,14.0,4.0,1.0,12.55,1.85,49.88,1.0
36.0,9.0,12.57,4.69,4.0,3.0,9.0,1.0,16.02,0.21,67.23,1.0
31.0,5.0,9.94,8.08,1.0,10.0,15.0,7.0,11.96,0.68,62.43,1.0
41.0,11.0,8.99,6.78,5.0,9.0,10.0,9.0,13.34,1.93,64.97,1.0
36.0,3.0,11.43,4.02,7.0,5.0,28.0,0.0,13.05,0.27,59.48,1.0
29.0,12.0,12.16,6.6,1.0,16.0,8.0,1.0,15.84,1.11,59.52,1.0
41.0,16.0,10.86,5.98,1.0,8.0,23.0,5.0,13.16,0.71,67.87,1.0
41.0,19.0,7.79,7.86,4.0,5.0,24.0,9.0,9.28,0.57,32.99,0.0
37.0,6.0,11.04,8.23,7.0,10.0,8.0,2.0,14.56,0.65,78.27,2.0
33.0,11.0,12.9,8.54,0.0,2.0,16.0,7.0,15.56,1.32,49.08,1.0
34.0,1.0,13.16,8.56,1.0,17.0,27.0,5.0,16.93,0.21,68.25,1.0
31.0,13.0,6.78,4.57,1.0,15.0,21.0,9.0,9.75,1.05,81.56,2.0
23.0,4.0,5.88,6.28,5.0,15.0,10.0,1.0,8.11,0.75,43.04,1.0
32.0,8.0,6.61,4.0,2.0,11.0,20.0,4.0,8.19,1.07,48.1,1.0
39.0,10.0,11.51,6.53,4.0,13.0,5.0,3.0,12.02,1.71,54.25,1.0
31.0,4.0,7.7,8.62,3.0,8.0,25.0,9.0,11.24,1.95,48.37,1.0
26.0,2.0,5.73,5.0,4.0,6.0,15.0,8.0,9.69,1.51,46.66,1.0
30.0,16.0,4.98,7.2,3.0,13.0,18.0,3.0,6.62,1.53,30.24,0.0
32.0,1.0,7.27,7.22,3.0,19.0,13.0,7.0,10.93,1.06,76.55,2.0
25.0,0.0,5.36,4.8,4.0,19.0,2.0,0.0,7.08,0.19,63.24,1.0
34.0,6.0,5.56,5.19,5.0,9.0,9.0,4.0,7.45,1.33,43.6,1.0
34.0,13.0,10.84,6.31,1.0,10.0,20.0,8.0,13.97,0.3,78.85,2.0
38.0,4.0,4.2,4.94,3.0,6.0,22.0,2.0,6.36,0.49,26.26,0.0
30.0,18.0,5.18,6.92,5.0,9.0,3.0,5.0,8.83,1.42,68.84,1.0
42.0,10.0,12.44,6.42,2.0,18.0,21.0,9.0,17.26,1.31,87.9,2.0
21.0,1.0,12.45,6.6,2.0,10.0,20.0,5.0,14.05,0.63,60.84,1.0
33.0,7.0,7.29,4.67,3.0,5.0,1.0,5.0,10.57,1.54,29.19,0.0
21.0,8.0,4.88,6.59,1.0,7.0,12.0,3.0,9.57,1.88,18.81,0.0
23.0,2.0,11.05,4.25,3.0,0.0,10.0,6.0,12.76,1.09,55.67,1.0
36.0,1.0,7.6,8.41,2.0,7.0,11.0,2.0,10.07,1.36,10.5,0.0
22.0,6.0,4.45,5.72,6.0,4.0,0.0,5.0,5.94,0.54,29.74,0.0
32.0,4.0,5.58,8.28,2.0,9.0,21.0,9.0,9.15,1.94,55.65,1.0
28.0,4.0,5.37,7.51,4.0,9.0,20.0,4.0,9.05,0.55,20.33,0.0
26.0,19.0,9.89,7.83,6.0,3.0,8.0,2.0,13.55,1.77,53.795,1.0
34.0,12.0,12.98,5.57,1.0,1.0,11.0,1.0,16.15,1.86,27.29,0.0
42.0,19.0,11.93,5.14,4.0,14.0,6.0,0.0,15.92,1.44,70.81,2.0
30.0,5.0,9.47,6.03,6.0,19.0,16.0,7.0,10.61,1.62,91.26,2.0
39.0,19.0,8.22,4.12,5.0,9.0,28.0,0.0,13.05,0.92,54.94,1.0
21.0,17.0,10.19,8.59,6.0,1.0,9.0,4.0,12.08,1.84,30.86,0.0
34.0,1.0,8.44,5.94,5.0,5.0,14.0,4.0,9.93,1.49,52.86,1.0
33.0,5.0,6.46,8.94,5.0,13.0,26.0,0.0,11.22,0.65,34.21,0.0
39.0,8.0,10.79,7.81,6.0,4.0,6.0,8.0,15.11,0.07,67.24,1.0
41.0,2.0,12.73,4.4,6.0,1.0,18.0,4.0,16.79,1.08,62.37,1.0
30.0,0.0,7.73,7.3,0.0,13.0,13.0,8.0,9.15,1.68,36.2,1.0
32.0,0.0,12.42,5.35,6.0,12.0,24.0,5.0,16.65,1.72,63.93,1.0
36.0,18.0,8.31,5.22,5.0,1.0,26.0,6.0,11.75,1.67,35.59,1.0
31.0,4.0,8.01,5.28,3.0,8.0,29.0,6.0,11.94,0.43,53.795,1.0
43.0,12.0,4.28,8.58,4.0,2.0,29.0,1.0,9.19,0.85,0.0,0.0
40.0,18.0,10.95,6.5,5.0,14.0,10.0,4.0,12.73,1.23,76.04,2.0
34.0,11.0,12.08,7.35,1.0,2.0,1.0,1.0,15.1,1.34,41.53,1.0
35.0,15.0,10.64,5.4,7.0,11.0,0.0,3.0,14.65,0.67,60.74,1.0
24.0,18.0,5.51,6.61,6.0,5.0,25.0,2.0,8.24,1.39,27.65,0.0
39.0,2.0,5.03,5.75,5.0,18.0,14.0,5.0,6.25,1.18,56.98,1.0
32.0,11.0,9.73,5.61,3.0,16.0,11.0,4.0,11.18,1.13,53.33,1.0
38.0,4.0,8.02,5.23,7.0,5.0,8.0,0.0,11.43,1.33,45.61,1.0
44.0,1.0,8.99,6.05,6.0,18.0,22.0,1.0,10.43,1.21,52.84,1.0
24.0,6.0,13.68,7.3,3.0,16.0,25.0,6.0,15.23,0.33,100.0,2.0
22.0,12.0,11.24,5.11,7.0,15.0,28.0,8.0,13.6,1.75,100.0,2.0
20.0,14.0,8.12,8.83,7.0,7.0,10.0,0.0,9.92,0.48,29.46,0.0
25.0,2.0,4.19,4.62,3.0,18.0,0.0,3.0,5.29,1.49,46.0,1.0
34.0,19.0,4.34,6.4,3.0,7.0,19.0,2.0,5.95,0.35,6.44,0.0
21.0,4.0,10.85,4.43,3.0,19.0,9.0,4.0,15.38,1.32,100.0,2.0
22.0,7.0,12.38,4.11,1.0,14.0,28.0,4.0,13.43,1.79,70.02,2.0
36.0,0.0,11.08,8.61,0.0,7.0,18.0,9.0,15.18,0.02,62.28,1.0
44.0,7.0,8.06,8.05,2.0,2.0,26.0,5.0,12.07,1.96,26.88,0.0
43.0,17.0,4.31,7.47,0.0,15.0,22.0,1.0,7.57,0.06,28.98,0.0
31.0,19.0,13.67,8.33,2.0,2.0,20.0,4.0,15.5,0.02,54.72,1.0
34.0,17.0,9.49,7.24,6.0,7.0,10.0,0.0,12.39,1.42,42.03,1.0
31.0,19.0,4.71,8.24,3.0,8.0,2.0,0.0,6.4,0.21,26.58,0.0
35.0,11.0,9.41,5.95,4.0,11.0,26.0,0.0,12.13,1.87,44.39,1.0
27.0,12.0,12.92,6.76,4.0,17.0,15.0,7.0,14.7,1.34,71.95,2.0
33.0,12.0,10.8,7.88,6.0,16.0,21.0,2.0,13.3,0.22,75.14,2.0
32.0,9.0,11.2,4.42,2.0,7.0,9.0,8.0,14.19,1.72,56.95,1.0
36.0,6.0,4.85,8.29,1.0,19.0,1.0,9.0,7.29,0.96,39.6,1.0
40.0,13.0,5.07,4.78,4.0,10.0,18.0,1.0,8.7,0.56,17.7,0.0
27.0,15.0,5.27,8.32,7.0,6.0,3.0,8.0,10.01,1.65,41.88,1.0
34.0,14.0,13.04,5.56,5.0,13.0,15.0,8.0,15.43,1.48,81.04,2.0
33.0,11.0,9.26,5.63,4.0,9.0,5.0,3.0,12.02,1.25,66.4,1.0
37.0,8.0,11.92,4.37,7.0,14.0,10.0,3.0,15.87,1.8,92.23,2.0
39.0,7.0,5.15,8.43,6.0,11.0,16.0,3.0,8.27,1.72,17.8,0.0
26.0,17.0,13.28,4.87,7.0,19.0,14.0,0.0,16.0,0.45,100.0,2.0
22.0,17.0,12.21,7.15,4.0,16.0,21.0,4.0,16.47,1.76,87.43,2.0
31.0,12.0,6.25,7.22,0.0,7.0,3.0,5.0,10.81,0.75,21.8,0.0
32.0,17.0,12.74,5.41,7.0,13.0,23.0,3.0,16.1,0.86,99.08,2.0
43.0,14.0,6.63,8.93,3.0,14.0,24.0,7.0,8.37,1.94,44.42,1.0
22.0,10.0,6.05,4.32,7.0,10.0,7.0,2.0,8.92,1.52,38.48,1.0
39.0,16.0,6.64,7.04,1.0,11.0,23.0,8.0,9.66,0.64,58.1,1.0
33.0,4.0,13.1,6.4,3.0,19.0,28.0,6.0,15.83,1.3,88.14,2.0
34.0,15.0,13.16,5.23,5.0,15.0,28.0,7.0,15.21,1.08,100.0,2.0
44.0,8.0,7.29,4.82,5.0,19.0,17.0,6.0,10.18,0.23,70.5,2.0
33.0,9.0,11.05,7.69,4.0,17.0,13.0,8.0,13.84,1.78,94.68,2.0
26.0,17.0,10.76,8.58,7.0,9.0,25.0,1.0,12.6,1.64,48.46,1.0
36.0,16.0,12.07,4.54,0.0,18.0,1.0,3.0,16.68,1.56,86.51,2.0
31.0,17.0,6.97,4.97,4.0,17.0,15.0,1.0,11.51,1.12,50.43,1.0
39.0,6.0,9.1,8.93,1.0,0.0,21.0,7.0,12.02,0.44,34.5,0.0
23.0,3.0,10.68,4.08,2.0,3.0,14.0,1.0,13.28,1.77,53.795,0.0
28.0,4.0,4.26,6.54,5.0,6.0,20.0,7.0,6.74,0.71,36.78,1.0
25.0,15.0,7.77,6.58,0.0,0.0,5.0,5.0,11.64,0.04,14.2,0.0
35.0,2.0,10.96,5.32,5.0,7.0,8.0,6.0,14.39,1.96,73.2,2.0
44.0,17.0,6.53,7.32,1.0,16.0,11.0,5.0,9.93,1.72,38.42,1.0
41.0,13.0,13.58,8.72,1.0,7.0,9.0,8.0,15.08,1.25,61.33,1.0
41.0,14.0,4.3,6.25,7.0,4.0,6.0,3.0,7.77,0.02,15.76,0.0
40.0,16.0,13.58,7.75,5.0,0.0,4.0,0.0,18.19,0.46,46.44,1.0
40.0,0.0,6.17,7.23,4.0,14.0,25.0,8.0,7.51,0.9,48.96,1.0
21.0,16.0,4.49,6.36,5.0,3.0,22.0,9.0,6.85,1.26,33.18,0.0
43.0,10.0,6.92,4.25,7.0,6.0,14.0,7.0,9.96,1.42,54.23,1.0
27.0,16.0,11.86,7.71,4.0,13.0,26.0,0.0,15.6,1.58,44.31,1.0
30.0,13.0,11.52,5.82,5.0,11.0,11.0,9.0,12.88,1.11,83.88,2.0
32.0,19.0,6.09,5.12,4.0,2.0,0.0,5.0,10.58,1.31,24.51,0.0
36.0,18.0,5.97,8.74,7.0,19.0,9.0,9.0,7.13,1.62,75.49,2.0
27.0,6.0,10.43,7.87,2.0,17.0,10.0,3.0,14.86,1.44,71.84,2.0
40.0,12.0,8.58,8.81,3.0,7.0,26.0,1.0,9.69,1.91,7.92,0.0
37.0,17.0,11.92,5.28,3.0,1.0,22.0,2.0,13.53,1.75,45.67,1.0
37.0,13.0,4.24,8.18,4.0,5.0,19.0,8.0,8.44,0.34,25.98,0.0
33.0,0.0,10.1,7.04,4.0,6.0,4.0,4.0,14.54,1.89,36.1,1.0
34.0,6.0,11.31,8.91,6.0,6.0,12.0,6.0,16.24,0.41,62.32,1.0
25.0,10.0,13.93,8.73,6.0,12.0,17.0,1.0,15.39,1.98,68.52,1.0
30.0,17.0,8.99,8.86,2.0,0.0,9.0,7.0,13.9,1.4,9.89,0.0
32.0,8.0,6.32,8.76,7.0,7.0,20.0,2.0,7.63,1.26,34.31,0.0
44.0,0.0,5.08,4.04,3.0,12.0,24.0,0.0,6.71,0.65,43.1,1.0
20.0,16.0,8.99,7.71,2.0,19.0,16.0,7.0,12.11,0.27,82.6,2.0
25.0,18.0,9.23,5.36,6.0,18.0,18.0,8.0,10.48,0.25,86.68,2.0
28.0,5.0,12.99,7.53,6.0,16.0,3.0,7.0,17.56,1.02,96.07,2.0
27.0,2.0,11.27,8.9,1.0,12.0,8.0,0.0,12.78,0.86,35.9,1.0
30.0,4.0,9.1,4.2,5.0,15.0,17.0,6.0,12.62,1.12,93.8,2.0
41.0,1.0,8.04,6.83,6.0,14.0,15.0,6.0,11.54,1.86,70.56,2.0
38.0,19.0,8.04,7.67,3.0,10.0,6.0,3.0,9.83,1.02,42.17,1.0
43.0,3.0,6.26,5.27,4.0,11.0,24.0,7.0,11.25,1.53,45.52,1.0
28.0,9.0,4.17,5.13,7.0,2.0,11.0,4.0,6.56,0.94,30.59,0.0
36.0,9.0,9.75,4.3,0.0,8.0,25.0,3.0,14.37,0.43,62.32,1.0
31.0,10.0,6.12,4.47,6.0,13.0,3.0,4.0,10.91,1.71,50.83,1.0
44.0,15.0,6.08,7.28,1.0,6.0,20.0,1.0,10.88,1.36,15.59,0.0
33.0,16.0,5.25,6.53,5.0,10.0,27.0,3.0,9.26,0.19,33.38,0.0
34.0,15.0,5.9,4.15,0.0,9.0,11.0,9.0,7.92,1.08,35.08,1.0
35.0,6.0,4.32,6.46,2.0,2.0,11.0,7.0,5.8,1.7,0.0,0.0
41.0,15.0,10.74,7.28,5.0,18.0,14.0,6.0,14.02,0.13,89.49,2.0
41.0,2.0,8.01,6.58,2.0,1.0,3.0,7.0,10.45,0.83,51.81,1.0
39.0,15.0,9.62,5.36,2.0,16.0,11.0,6.0,13.94,1.61,62.94,1.0
32.0,7.0,10.37,7.29,4.0,1.0,22.0,6.0,14.35,1.72,34.04,0.0
29.0,11.0,13.72,5.82,2.0,15.0,7.0,6.0,15.83,1.55,92.57,2.0
32.0,10.0,4.68,7.51,6.0,16.0,23.0,1.0,5.75,0.61,37.68,1.0
20.0,17.0,6.46,4.46,1.0,3.0,29.0,0.0,9.73,1.48,20.24,0.0
32.0,10.0,8.99,8.55,7.0,10.0,2.0,1.0,10.09,0.31,44.92,1.0
20.0,3.0,13.2,6.43,6.0,16.0,15.0,9.0,16.83,1.19,100.0,2.0
20.0,15.0,11.24,5.96,4.0,11.0,1.0,5.0,14.93,1.44,58.89,1.0
28.0,16.0,10.62,8.78,1.0,9.0,5.0,1.0,12.3,1.7,28.3,0.0
20.0,5.0,10.71,7.61,3.0,3.0,16.0,7.0,14.14,0.66,57.52,1.0
32.0,19.0,4.32,7.28,5.0,2.0,11.0,8.0,7.23,1.08,27.87,0.0
39.0,1.0,9.86,4.83,4.0,8.0,8.0,6.0,14.67,1.4,56.26,1.0
41.0,8.0,9.54,8.96,2.0,5.0,15.0,2.0,10.97,1.46,16.52,0.0
26.0,5.0,7.47,6.32,4.0,11.0,6.0,0.0,10.1,0.51,28.78,0.0
21.0,2.0,6.02,5.97,3.0,0.0,7.0,3.0,10.55,0.03,2.72,0.0
25.0,19.0,12.08,8.6,7.0,13.0,6.0,9.0,14.63,1.39,83.36,2.0
26.0,5.0,4.54,6.65,0.0,9.0,20.0,2.0,7.24,1.82,7.1,0.0
33.0,6.0,4.7,7.53,6.0,9.0,4.0,2.0,8.37,1.6,39.23,1.0
37.0,0.0,8.41,8.23,0.0,12.0,22.0,1.0,12.07,1.24,40.29,1.0
34.0,0.0,6.53,5.18,5.0,8.0,6.0,9.0,7.62,1.96,48.87,1.0
21.0,4.0,11.45,4.85,0.0,18.0,17.0,2.0,14.27,0.87,87.99,2.0
29.0,5.0,10.34,4.34,7.0,3.0,17.0,4.0,12.67,1.05,66.24,1.0
42.0,12.0,11.73,8.49,6.0,2.0,15.0,3.0,15.24,0.02,63.81,1.0
31.0,1.0,7.25,5.0,6.0,5.0,6.0,0.0,10.47,1.89,17.41,0.0
36.0,14.0,11.41,5.54,7.0,8.0,20.0,0.0,15.01,1.02,70.77,2.0
27.0,14.0,8.99,5.43,3.0,9.0,1.0,0.0,16.24,0.78,54.73,1.0
30.0,12.0,7.45,5.52,1.0,8.0,16.0,9.0,9.47,0.09,51.77,1.0
25.0,6.0,13.0,8.77,3.0,9.0,26.0,8.0,15.48,0.01,69.38,1.0
28.0,13.0,4.5,5.65,3.0,5.0,7.0,8.0,6.47,0.65,40.94,1.0
25.0,9.0,7.5,6.04,2.0,15.0,1.0,9.0,11.23,1.9,73.25,2.0
28.0,16.0,5.19,7.86,7.0,16.0,17.0,5.0,8.6,0.31,52.9,1.0
26.0,13.0,4.29,6.16,0.0,10.0,18.0,3.0,6.16,1.09,19.8,0.0
28.0,7.0,5.13,8.63,4.0,19.0,19.0,9.0,9.67,0.37,74.08,2.0
37.0,3.0,8.31,6.52,6.0,6.0,8.0,6.0,11.15,1.57,53.9,1.0
31.0,15.0,10.87,5.74,5.0,3.0,11.0,2.0,12.38,1.12,46.34,1.0
27.0,12.0,6.89,8.86,1.0,9.0,21.0,9.0,8.74,0.4,42.73,1.0
32.0,19.0,12.5,6.13,6.0,13.0,18.0,2.0,15.66,1.73,64.49,1.0
37.0,17.0,8.38,5.16,4.0,16.0,29.0,3.0,10.73,1.57,52.77,1.0
39.0,13.0,13.68,4.89,2.0,13.0,7.0,5.0,18.08,1.9,79.79,2.0
34.0,17.0,13.54,8.98,4.0,19.0,21.0,0.0,16.52,0.0,73.25,2.0
26.0,4.0,11.73,7.76,2.0,12.0,7.0,2.0,16.39,0.91,45.56,1.0
30.0,8.0,13.32,6.04,1.0,1.0,9.0,4.0,14.73,2.0,39.27,1.0
39.0,2.0,11.07,8.13,4.0,8.0,27.0,3.0,14.74,1.62,58.48,1.0
35.0,7.0,12.96,6.73,1.0,2.0,17.0,7.0,17.5,1.66,48.49,1.0
23.0,19.0,6.36,5.59,1.0,3.0,14.0,8.0,8.53,1.24,43.49,1.0
25.0,9.0,7.45,7.72,0.0,11.0,23.0,7.0,8.99,1.43,35.82,1.0
41.0,18.0,11.53,7.73,7.0,14.0,10.0,8.0,14.36,1.61,86.57,2.0
22.0,2.0,8.25,6.5,4.0,19.0,20.0,7.0,13.1,0.18,73.21,2.0
28.0,10.0,12.37,4.23,0.0,7.0,25.0,9.0,15.9,1.39,80.94,2.0
29.0,10.0,12.78,4.39,6.0,17.0,13.0,0.0,16.36,1.63,100.0,2.0
33.0,16.0,7.0,7.94,0.0,4.0,14.0,6.0,10.69,0.08,21.86,0.0
30.0,15.0,12.23,8.12,6.0,1.0,13.0,8.0,13.39,0.59,60.78,1.0
37.0,6.0,5.54,7.39,5.0,8.0,11.0,0.0,8.32,0.65,9.01,0.0
41.0,3.0,7.34,8.2,0.0,13.0,3.0,5.0,8.65,1.71,59.34,1.0
31.0,18.0,9.18,7.6,3.0,0.0,2.0,0.0,11.44,1.56,26.29,0.0
42.0,11.0,6.26,8.48,2.0,19.0,11.0,9.0,10.55,1.31,50.51,1.0
31.0,14.0,9.79,4.75,2.0,3.0,24.0,1.0,13.42,1.61,33.33,0.0
32.0,10.0,9.79,5.94,3.0,16.0,25.0,4.0,14.77,0.91,74.85,2.0
44.0,4.0,6.07,6.32,6.0,9.0,6.0,7.0,7.76,1.75,47.99,1.0
32.0,10.0,11.96,5.49,6.0,1.0,6.0,7.0,14.55,0.47,61.24,1.0
38.0,14.0,10.32,7.63,7.0,5.0,21.0,9.0,14.56,1.41,55.36,1.0
38.0,17.0,7.18,8.56,1.0,18.0,24.0,3.0,9.04,0.48,33.94,0.0
42.0,10.0,6.32,6.06,4.0,8.0,18.0,6.0,7.93,0.08,59.2,1.0
33.0,10.0,12.79,8.71,4.0,18.0,13.0,6.0,15.5,0.57,94.89,2.0
23.0,1.0,12.36,6.58,4.0,18.0,0.0,8.0,14.89,0.99,100.0,2.0
32.0,19.0,6.3,6.61,0.0,8.0,6.0,8.0,11.22,1.69,26.53,0.0
27.0,14.0,4.36,7.0,4.0,2.0,24.0,2.0,7.19,1.02,9.7,0.0
42.0,19.0,12.05,5.34,4.0,9.0,21.0,7.0,16.49,0.36,77.45,2.0
40.0,3.0,10.16,5.92,6.0,5.0,9.0,4.0,14.71,1.99,54.88,1.0
42.0,17.0,5.01,6.77,4.0,16.0,17.0,4.0,6.64,0.54,53.37,1.0
38.0,5.0,9.87,8.71,2.0,12.0,12.0,7.0,13.73,1.97,85.63,2.0
31.0,18.0,8.52,7.21,3.0,12.0,7.0,5.0,10.63,1.87,80.99,2.0
32.0,10.0,11.75,5.67,5.0,6.0,8.0,9.0,13.13,1.08,83.26,2.0
25.0,1.0,6.09,6.46,6.0,8.0,25.0,9.0,10.59,0.18,84.5,2.0
37.0,7.0,8.53,8.91,1.0,17.0,14.0,0.0,10.7,1.39,27.44,0.0
38.0,10.0,5.56,6.46,3.0,0.0,7.0,3.0,7.94,1.69,7.52,0.0
41.0,4.0,13.58,8.69,4.0,19.0,24.0,8.0,15.88,0.89,90.72,2.0
24.0,17.0,11.79,6.75,1.0,12.0,0.0,4.0,13.59,1.02,70.07,2.0
43.0,17.0,11.37,7.03,1.0,7.0,2.0,3.0,14.11,1.61,50.94,1.0
28.0,13.0,10.9,7.56,3.0,8.0,18.0,9.0,13.61,1.09,90.8,2.0
32.0,9.0,8.23,5.6,3.0,0.0,29.0,0.0,10.87,0.4,13.44,0.0
29.0,2.0,13.23,7.49,3.0,8.0,8.0,8.0,17.9,1.9,85.95,2.0
38.0,8.0,4.73,6.63,6.0,19.0,18.0,7.0,7.09,1.9,54.5,1.0
22.0,2.0,12.03,7.36,6.0,10.0,14.0,2.0,13.15,0.73,59.48,1.0
32.0,10.0,6.15,8.18,5.0,19.0,13.0,8.0,7.86,0.13,67.02,1.0
34.0,11.0,7.24,4.92,3.0,3.0,25.0,0.0,11.13,1.26,42.03,1.0
20.0,11.0,9.19,7.07,5.0,15.0,0.0,3.0,12.55,0.63,43.91,1.0
26.0,2.0,11.83,4.26,0.0,13.0,2.0,4.0,16.64,0.13,83.98,2.0
31.0,6.0,12.39,4.51,7.0,19.0,1.0,3.0,16.17,1.78,100.0,2.0
36.0,13.0,9.84,7.37,2.0,17.0,24.0,3.0,11.62,2.0,47.05,1.0
40.0,10.0,8.03,4.35,7.0,8.0,29.0,8.0,9.51,0.7,78.58,2.0
43.0,6.0,13.47,6.98,5.0,0.0,0.0,4.0,16.55,1.49,46.75,1.0
39.0,9.0,6.47,5.1,2.0,2.0,26.0,0.0,10.13,0.13,38.93,1.0
24.0,10.0,12.03,5.52,4.0,19.0,17.0,6.0,13.69,0.74,85.48,2.0
23.0,14.0,10.12,4.65,0.0,0.0,0.0,5.0,13.53,0.22,51.69,1.0
31.0,18.0,7.77,5.24,1.0,2.0,8.0,8.0,12.23,0.11,43.02,1.0
39.0,15.0,4.01,8.11,4.0,13.0,6.0,3.0,7.92,1.18,21.31,0.0
43.0,19.0,8.47,7.19,4.0,13.0,29.0,5.0,12.13,1.6,63.7,1.0
37.0,11.0,6.77,8.75,1.0,12.0,12.0,5.0,10.93,0.91,46.4,1.0
36.0,17.0,5.04,4.24,6.0,0.0,16.0,9.0,6.46,1.05,43.94,1.0
38.0,12.0,4.75,7.96,2.0,14.0,12.0,6.0,6.57,0.54,25.15,0.0
28.0,4.0,7.48,7.5,1.0,19.0,12.0,3.0,8.63,1.47,52.86,1.0
23.0,3.0,10.15,5.3,7.0,6.0,9.0,8.0,11.73,0.72,78.77,2.0
40.0,13.0,12.38,7.65,3.0,15.0,27.0,0.0,17.03,0.13,77.17,2.0
21.0,7.0,5.84,7.58,3.0,19.0,5.0,0.0,7.73,0.33,44.71,1.0
23.0,8.0,8.25,6.3,7.0,0.0,4.0,2.0,11.9,0.26,19.67,0.0
21.0,10.0,7.92,7.44,5.0,14.0,9.0,5.0,11.69,0.87,79.38,2.0
34.0,2.0,9.13,6.22,5.0,9.0,13.0,4.0,12.71,0.13,91.67,2.0
21.0,4.0,12.1,5.68,6.0,14.0,10.0,0.0,15.32,1.61,75.09,2.0
23.0,17.0,9.54,6.33,2.0,18.0,4.0,4.0,12.48,1.82,68.31,1.0
25.0,0.0,12.47,8.48,3.0,5.0,3.0,5.0,15.15,0.5,60.81,1.0
26.0,7.0,9.19,5.92,0.0,5.0,2.0,3.0,13.86,0.97,48.11,1.0
29.0,10.0,10.04,6.02,4.0,0.0,13.0,6.0,11.08,1.04,60.67,1.0
38.0,16.0,8.37,7.04,2.0,15.0,12.0,2.0,9.58,1.97,49.31,1.0
38.0,16.0,12.23,7.76,2.0,17.0,23.0,4.0,12.02,0.13,85.95,2.0
41.0,10.0,13.24,7.67,1.0,12.0,22.0,5.0,15.56,1.34,71.96,2.0
31.0,1.0,10.39,4.1,2.0,11.0,4.0,6.0,13.02,0.69,100.0,2.0
22.0,5.0,12.21,7.44,6.0,17.0,11.0,9.0,17.2,1.0,79.04,2.0
32.0,13.0,4.59,6.25,7.0,9.0,24.0,1.0,8.69,0.43,24.34,0.0
37.0,2.0,13.06,6.62,4.0,13.0,27.0,4.0,17.57,0.32,75.41,2.0
32.0,11.0,5.89,6.81,0.0,19.0,22.0,6.0,12.02,0.49,76.94,2.0
40.0,3.0,6.57,7.66,1.0,10.0,9.0,6.0,8.53,0.14,39.48,1.0
34.0,11.0,4.53,8.16,4.0,17.0,14.0,2.0,8.6,0.56,15.37,0.0
20.0,12.0,13.65,7.23,7.0,11.0,6.0,7.0,17.88,1.38,53.795,2.0
22.0,1.0,12.52,6.82,4.0,16.0,6.0,0.0,15.72,1.3,80.57,2.0
27.0,1.0,13.13,5.87,5.0,2.0,3.0,3.0,17.71,1.11,60.12,1.0
23.0,14.0,12.47,4.69,2.0,0.0,11.0,2.0,17.34,0.0,52.76,1.0
35.0,16.0,8.8,8.79,6.0,0.0,27.0,3.0,11.68,0.25,30.83,0.0
42.0,6.0,13.24,6.31,3.0,5.0,23.0,5.0,15.13,1.69,84.12,2.0
29.0,13.0,13.69,6.83,5.0,18.0,3.0,7.0,16.76,0.54,100.0,2.0
31.0,11.0,9.03,7.76,3.0,3.0,6.0,3.0,13.99,1.82,18.05,0.0
33.0,16.0,5.76,4.34,4.0,12.0,19.0,7.0,7.93,1.75,58.84,1.0
33.0,13.0,10.59,8.28,0.0,11.0,12.0,0.0,14.06,0.31,55.98,1.0
21.0,5.0,13.75,7.99,3.0,7.0,7.0,7.0,17.53,1.8,71.14,2.0
42.0,18.0,12.72,7.87,6.0,19.0,13.0,9.0,14.58,1.26,97.1,2.0
24.0,5.0,12.62,4.11,4.0,6.0,29.0,1.0,15.97,1.26,52.09,1.0
24.0,17.0,13.34,6.63,1.0,6.0,2.0,5.0,15.6,1.71,63.18,1.0
25.0,4.0,12.94,4.27,2.0,6.0,1.0,5.0,17.36,0.81,72.62,2.0
32.0,5.0,11.76,6.75,0.0,13.0,9.0,2.0,15.62,1.47,54.32,1.0
28.0,1.0,11.18,7.59,7.0,17.0,5.0,4.0,15.49,1.34,81.15,2.0
41.0,7.0,6.65,4.61,6.0,18.0,22.0,1.0,8.45,1.54,51.36,1.0
34.0,14.0,10.21,7.47,6.0,19.0,6.0,7.0,11.35,1.32,98.49,2.0
33.0,14.0,8.99,6.25,0.0,18.0,15.0,7.0,13.61,0.16,76.54,2.0
43.0,10.0,12.62,8.06,1.0,17.0,5.0,4.0,15.17,0.59,95.77,2.0
26.0,0.0,8.92,6.67,0.0,5.0,15.0,6.0,10.64,1.88,46.85,1.0
44.0,17.0,5.28,5.68,4.0,15.0,26.0,7.0,6.65,0.45,59.67,1.0
39.0,11.0,4.05,5.66,0.0,2.0,23.0,3.0,7.12,0.94,0.0,0.0
21.0,11.0,10.78,8.49,0.0,1.0,11.0,1.0,12.38,0.71,28.02,0.0
26.0,10.0,9.5,6.26,0.0,14.0,21.0,4.0,12.77,0.17,66.34,1.0
36.0,6.0,5.69,4.2,4.0,10.0,21.0,3.0,8.83,0.57,34.34,0.0
44.0,1.0,8.67,5.82,5.0,18.0,2.0,3.0,13.28,0.93,70.29,2.0
44.0,10.0,5.0,8.25,2.0,17.0,27.0,3.0,6.62,1.75,32.59,0.0
24.0,19.0,8.66,6.07,0.0,3.0,14.0,9.0,13.16,0.85,59.72,1.0
24.0,9.0,8.67,4.98,1.0,5.0,22.0,7.0,13.4,1.74,41.37,1.0
20.0,17.0,6.57,8.77,6.0,11.0,5.0,7.0,9.17,1.33,65.08,1.0
27.0,13.0,12.5,6.99,1.0,3.0,16.0,6.0,14.72,0.18,42.97,1.0
31.0,17.0,7.56,7.77,4.0,11.0,1.0,0.0,9.68,0.96,24.63,0.0
43.0,7.0,6.3,7.57,2.0,9.0,1.0,7.0,10.74,1.65,12.04,0.0
23.0,9.0,5.76,8.37,0.0,1.0,16.0,3.0,9.49,1.47,1.18,0.0
32.0,12.0,7.23,8.75,4.0,11.0,18.0,0.0,11.75,1.81,26.09,0.0
42.0,7.0,4.68,4.16,3.0,12.0,14.0,0.0,6.15,0.46,51.99,1.0
34.0,3.0,4.33,8.88,2.0,15.0,3.0,2.0,7.23,1.95,18.52,0.0
30.0,3.0,10.05,8.35,2.0,3.0,27.0,2.0,13.75,0.57,38.47,1.0
29.0,4.0,10.19,5.91,4.0,7.0,17.0,9.0,14.78,0.1,64.93,1.0
22.0,0.0,9.3,8.19,5.0,4.0,7.0,0.0,11.83,0.99,12.98,0.0
41.0,16.0,11.62,7.68,6.0,13.0,8.0,7.0,13.87,0.22,53.795,2.0
33.0,1.0,4.39,7.97,1.0,14.0,23.0,3.0,9.04,1.36,31.68,0.0
35.0,7.0,13.36,5.1,5.0,10.0,22.0,3.0,14.55,1.8,78.79,2.0
29.0,6.0,4.95,7.24,2.0,9.0,25.0,5.0,7.87,1.84,14.83,0.0
29.0,14.0,10.74,4.13,1.0,9.0,17.0,8.0,13.57,1.21,99.44,2.0
31.0,4.0,5.33,8.24,2.0,5.0,21.0,8.0,6.91,1.07,34.63,0.0
28.0,1.0,12.8,8.76,7.0,15.0,10.0,7.0,15.38,1.99,77.1,2.0
20.0,6.0,9.11,7.31,6.0,3.0,15.0,0.0,13.0,1.16,29.04,0.0
24.0,10.0,4.82,6.56,2.0,8.0,15.0,9.0,7.29,1.85,21.02,0.0
39.0,6.0,10.17,7.63,2.0,9.0,3.0,9.0,12.41,1.83,61.4,1.0
27.0,6.0,4.09,5.63,3.0,4.0,20.0,1.0,12.02,0.58,7.39,0.0
30.0,13.0,11.76,7.13,1.0,9.0,8.0,2.0,16.71,0.03,80.0,2.0
31.0,17.0,10.51,7.59,3.0,15.0,12.0,4.0,14.63,1.02,73.41,2.0
20.0,5.0,8.99,4.71,1.0,10.0,24.0,4.0,10.52,1.72,11.92,0.0
44.0,3.0,7.75,4.7,6.0,5.0,19.0,9.0,12.51,1.67,79.01,2.0
41.0,9.0,4.08,7.58,6.0,6.0,7.0,7.0,8.29,1.21,33.07,0.0
39.0,17.0,10.94,6.16,7.0,9.0,10.0,1.0,15.86,0.31,82.91,2.0
44.0,11.0,7.23,8.45,3.0,12.0,20.0,1.0,11.22,0.22,37.03,1.0
30.0,15.0,9.72,5.56,3.0,9.0,8.0,7.0,13.37,1.91,77.33,2.0
24.0,6.0,13.57,4.21,3.0,8.0,17.0,0.0,17.34,0.84,60.46,1.0
34.0,5.0,6.99,7.25,6.0,7.0,19.0,8.0,11.59,1.3,55.98,1.0
24.0,4.0,13.9,7.42,6.0,15.0,2.0,1.0,17.63,1.81,86.66,2.0
24.0,11.0,6.42,7.42,3.0,4.0,29.0,2.0,8.28,1.13,8.57,0.0
36.0,14.0,8.37,6.62,7.0,12.0,17.0,5.0,13.02,1.02,53.795,1.0
36.0,9.0,11.4,7.46,5.0,17.0,18.0,7.0,14.19,1.47,100.0,2.0
43.0,19.0,8.46,4.22,5.0,15.0,8.0,7.0,10.1,0.7,94.13,2.0
31.0,18.0,4.69,5.84,2.0,13.0,23.0,5.0,8.89,1.25,35.25,1.0
43.0,15.0,5.69,5.05,0.0,10.0,17.0,8.0,8.12,0.05,62.76,1.0
34.0,10.0,11.91,4.5,3.0,17.0,21.0,6.0,13.65,1.65,77.62,2.0
34.0,7.0,10.48,5.17,0.0,7.0,15.0,1.0,12.51,2.0,41.77,1.0
31.0,6.0,5.68,8.87,2.0,18.0,18.0,7.0,7.04,0.72,44.91,1.0
39.0,6.0,12.38,5.43,0.0,19.0,27.0,0.0,15.75,1.06,72.8,2.0
37.0,13.0,13.61,5.15,7.0,1.0,28.0,7.0,18.07,0.47,87.13,2.0
33.0,1.0,4.41,8.17,6.0,8.0,21.0,8.0,7.2,0.61,49.86,1.0
21.0,9.0,4.78,6.1,0.0,8.0,29.0,0.0,8.28,0.91,0.0,0.0
28.0,18.0,12.85,6.11,6.0,13.0,14.0,6.0,17.09,1.49,86.65,2.0
24.0,8.0,12.16,6.22,6.0,14.0,20.0,4.0,14.59,0.04,78.53,2.0
39.0,15.0,10.18,6.08,5.0,10.0,25.0,7.0,13.8,0.79,79.1,2.0
20.0,18.0,13.45,5.63,6.0,12.0,3.0,3.0,15.85,1.11,81.11,2.0
22.0,8.0,6.16,8.41,1.0,5.0,6.0,6.0,8.03,0.16,12.93,0.0
25.0,15.0,11.29,4.81,7.0,4.0,10.0,6.0,16.2,1.08,67.07,1.0
24.0,12.0,10.46,4.91,3.0,0.0,25.0,7.0,11.76,1.28,73.3,2.0
40.0,9.0,13.86,6.86,7.0,17.0,6.0,8.0,16.88,1.28,100.0,2.0
24.0,19.0,6.14,5.72,7.0,7.0,19.0,5.0,8.29,0.71,58.09,1.0
20.0,13.0,9.98,6.11,3.0,16.0,2.0,2.0,13.38,0.47,56.54,1.0
36.0,11.0,11.8,8.03,0.0,9.0,14.0,4.0,14.51,0.44,41.81,1.0
38.0,18.0,7.39,8.52,2.0,10.0,1.0,2.0,9.62,0.08,46.52,1.0
33.0,6.0,7.8,7.95,1.0,2.0,19.0,9.0,9.8,0.37,46.41,1.0
31.0,14.0,12.88,5.17,2.0,7.0,14.0,8.0,14.61,1.64,73.34,2.0
29.0,15.0,8.04,8.9,2.0,7.0,19.0,4.0,12.17,0.01,50.89,1.0
39.0,7.0,10.25,5.82,0.0,2.0,11.0,6.0,12.14,0.09,43.31,1.0
40.0,9.0,12.89,4.85,4.0,9.0,20.0,9.0,16.98,0.25,88.24,2.0
37.0,3.0,6.1,6.5,0.0,18.0,16.0,6.0,9.04,0.84,54.45,1.0
43.0,18.0,13.82,7.63,5.0,13.0,17.0,6.0,15.11,0.67,86.52,2.0
30.0,18.0,11.02,4.42,4.0,17.0,7.0,9.0,12.68,0.36,93.02,2.0
21.0,14.0,8.96,7.17,6.0,2.0,23.0,3.0,13.53,0.22,38.85,1.0
44.0,13.0,8.31,8.29,1.0,19.0,7.0,3.0,11.72,1.88,50.51,1.0
37.0,0.0,13.54,5.31,4.0,13.0,4.0,2.0,15.28,1.82,85.66,2.0
44.0,15.0,6.06,7.47,0.0,10.0,23.0,5.0,9.88,1.54,48.3,1.0
26.0,9.0,7.12,6.0,0.0,9.0,8.0,8.0,11.41,0.5,63.35,1.0
43.0,18.0,7.08,6.07,2.0,13.0,29.0,4.0,9.4,0.65,39.28,1.0
34.0,2.0,6.89,5.4,0.0,0.0,19.0,5.0,10.12,1.33,48.43,1.0
30.0,4.0,8.69,7.12,6.0,15.0,19.0,3.0,10.86,0.58,63.58,1.0
37.0,8.0,13.89,5.8,5.0,5.0,22.0,0.0,15.21,1.02,64.27,1.0
32.0,17.0,12.89,8.15,0.0,17.0,4.0,6.0,15.49,1.3,70.56,2.0
31.0,10.0,7.28,8.81,3.0,15.0,26.0,5.0,11.29,1.04,49.87,1.0
25.0,15.0,8.99,8.68,3.0,18.0,9.0,5.0,11.06,0.83,59.03,1.0
39.0,1.0,10.69,4.82,2.0,15.0,0.0,3.0,13.31,0.7,80.48,2.0
42.0,11.0,4.17,4.07,4.0,4.0,23.0,9.0,6.63,1.56,48.85,1.0
32.0,5.0,12.2,6.19,4.0,11.0,3.0,7.0,15.04,1.48,76.05,2.0
39.0,10.0,12.8,7.64,3.0,5.0,23.0,7.0,15.07,1.39,75.41,2.0
35.0,7.0,12.57,8.89,5.0,1.0,15.0,0.0,16.02,0.75,30.09,0.0
37.0,11.0,7.75,7.92,1.0,15.0,17.0,8.0,9.0,1.55,66.48,1.0
29.0,1.0,8.62,6.9,6.0,10.0,27.0,7.0,12.85,1.92,52.32,1.0
42.0,8.0,4.12,4.13,7.0,11.0,11.0,1.0,5.81,1.38,24.85,0.0
27.0,14.0,7.99,8.13,6.0,10.0,19.0,8.0,11.52,0.82,56.35,1.0
37.0,1.0,8.6,4.89,6.0,19.0,14.0,3.0,11.4,1.59,72.02,2.0
40.0,10.0,13.07,4.28,5.0,18.0,17.0,9.0,17.16,1.22,100.0,2.0
20.0,9.0,12.94,8.25,3.0,7.0,4.0,5.0,17.24,1.76,54.11,1.0
42.0,1.0,13.66,6.83,6.0,17.0,25.0,1.0,15.48,1.43,77.41,2.0
27.0,11.0,12.85,4.64,4.0,4.0,25.0,9.0,16.56,1.54,83.02,2.0
25.0,7.0,4.08,5.93,1.0,11.0,13.0,3.0,5.84,1.33,28.5,0.0
24.0,10.0,8.99,4.43,4.0,9.0,23.0,1.0,11.91,0.18,61.61,1.0
34.0,0.0,4.68,7.19,3.0,14.0,26.0,8.0,9.4,0.97,38.45,1.0
41.0,14.0,6.73,5.41,7.0,4.0,6.0,8.0,8.39,0.11,53.82,1.0
34.0,5.0,9.78,8.33,0.0,16.0,10.0,4.0,11.69,0.9,64.99,1.0
21.0,11.0,11.01,5.79,6.0,3.0,14.0,2.0,12.53,1.43,42.11,1.0
20.0,7.0,10.55,6.47,1.0,11.0,20.0,2.0,13.43,0.84,43.06,1.0
42.0,12.0,4.49,4.32,4.0,17.0,10.0,0.0,9.17,0.0,25.79,0.0
42.0,18.0,5.04,5.38,1.0,7.0,6.0,7.0,7.1,0.74,30.14,0.0
30.0,0.0,5.29,7.38,4.0,19.0,20.0,2.0,8.46,0.14,56.48,1.0
29.0,10.0,4.91,7.68,5.0,16.0,22.0,3.0,7.56,1.56,29.72,0.0
37.0,19.0,5.78,5.21,2.0,7.0,19.0,1.0,8.12,1.57,20.85,0.0
37.0,0.0,10.88,6.52,6.0,12.0,19.0,7.0,14.17,1.61,72.37,2.0
36.0,7.0,12.31,8.09,0.0,2.0,25.0,2.0,15.55,0.06,33.39,0.0
27.0,4.0,8.09,5.9,6.0,2.0,3.0,1.0,10.53,0.06,48.68,1.0
34.0,16.0,10.93,4.67,3.0,9.0,26.0,0.0,15.33,1.81,43.43,1.0
27.0,7.0,6.0,6.16,7.0,17.0,23.0,9.0,7.21,0.25,66.56,1.0
36.0,9.0,13.73,7.0,5.0,6.0,0.0,1.0,15.07,1.34,43.68,1.0
31.0,1.0,7.5,4.04,1.0,1.0,25.0,1.0,12.46,1.59,9.81,0.0
27.0,8.0,12.46,5.74,7.0,6.0,20.0,3.0,16.45,0.9,58.11,1.0
44.0,2.0,13.45,7.04,6.0,1.0,27.0,0.0,17.67,1.09,56.25,1.0
33.0,17.0,12.65,8.76,4.0,6.0,25.0,0.0,16.06,0.45,43.88,1.0
23.0,6.0,4.67,6.04,1.0,13.0,1.0,5.0,7.35,1.02,33.6,0.0
20.0,14.0,10.5,4.81,5.0,14.0,25.0,4.0,14.02,0.6,77.75,2.0
20.0,19.0,5.2,6.67,3.0,15.0,3.0,0.0,6.57,0.44,31.1,0.0
38.0,17.0,4.06,5.43,7.0,7.0,14.0,5.0,8.09,1.05,45.75,1.0
35.0,2.0,4.52,5.07,0.0,15.0,23.0,7.0,7.68,0.38,61.58,1.0
33.0,13.0,13.16,6.95,1.0,6.0,1.0,4.0,17.99,1.37,75.04,2.0
40.0,1.0,13.08,8.58,6.0,10.0,1.0,2.0,16.63,1.03,55.15,1.0
35.0,13.0,6.26,8.18,4.0,3.0,17.0,2.0,7.87,0.3,17.17,0.0
24.0,10.0,9.47,4.91,7.0,17.0,29.0,1.0,12.38,0.13,80.01,2.0
28.0,15.0,13.55,7.83,4.0,12.0,23.0,8.0,14.78,0.27,100.0,2.0
21.0,7.0,8.97,5.15,7.0,16.0,27.0,8.0,12.95,0.27,85.95,2.0
37.0,6.0,7.94,5.45,4.0,11.0,14.0,6.0,10.95,0.63,72.21,2.0
25.0,10.0,8.83,8.6,2.0,17.0,2.0,0.0,11.31,1.67,33.3,0.0
28.0,2.0,11.9,6.46,4.0,9.0,20.0,0.0,16.77,0.11,60.45,1.0
20.0,16.0,8.77,4.84,2.0,6.0,17.0,3.0,13.53,0.26,49.12,1.0
28.0,13.0,11.83,4.32,0.0,11.0,21.0,1.0,12.02,0.61,53.39,1.0
44.0,5.0,8.32,5.47,3.0,9.0,9.0,2.0,10.2,1.11,46.99,1.0
35.0,7.0,6.52,6.91,2.0,12.0,5.0,1.0,10.43,1.53,34.45,0.0
32.0,4.0,7.26,8.38,1.0,0.0,1.0,0.0,12.04,1.84,0.0,0.0
28.0,7.0,8.99,4.59,5.0,6.0,19.0,2.0,8.06,0.82,38.54,1.0
40.0,1.0,8.97,6.07,6.0,15.0,10.0,6.0,10.83,0.21,64.86,1.0
32.0,14.0,5.48,5.36,1.0,15.0,17.0,9.0,9.75,0.43,60.63,1.0
28.0,11.0,12.12,4.07,6.0,15.0,13.0,8.0,16.64,0.57,100.0,2.0
30.0,16.0,8.21,7.94,3.0,15.0,25.0,9.0,12.02,1.57,37.16,1.0
23.0,0.0,11.65,8.07,7.0,13.0,19.0,8.0,13.82,1.37,76.97,2.0
21.0,14.0,13.54,5.11,4.0,10.0,12.0,7.0,15.3,0.42,98.34,2.0
32.0,13.0,12.49,4.76,5.0,18.0,28.0,5.0,12.02,1.68,100.0,2.0
33.0,19.0,13.51,4.72,1.0,10.0,26.0,0.0,16.44,1.72,70.3,2.0
23.0,15.0,9.68,6.32,5.0,1.0,6.0,7.0,13.36,1.76,56.37,1.0
25.0,8.0,5.65,5.23,2.0,6.0,20.0,7.0,7.1,0.55,20.0,0.0
38.0,0.0,13.35,6.56,3.0,8.0,25.0,8.0,14.89,0.27,82.15,2.0
25.0,16.0,12.69,5.92,1.0,8.0,19.0,9.0,15.14,0.21,100.0,2.0
21.0,12.0,12.64,5.05,4.0,13.0,9.0,5.0,14.68,0.8,97.98,2.0
37.0,4.0,10.93,7.76,5.0,9.0,25.0,2.0,14.41,0.86,48.19,1.0
32.0,9.0,10.25,4.75,4.0,15.0,18.0,5.0,12.72,1.74,77.69,2.0
28.0,5.0,4.15,7.99,5.0,17.0,28.0,7.0,7.89,0.54,60.89,1.0
42.0,18.0,11.48,6.81,1.0,0.0,28.0,5.0,15.56,1.25,53.45,1.0
38.0,12.0,4.92,8.16,3.0,1.0,12.0,7.0,6.67,1.58,11.8,0.0
32.0,0.0,6.6,4.02,0.0,19.0,21.0,2.0,11.28,0.54,55.77,1.0
30.0,19.0,9.51,7.75,1.0,3.0,1.0,7.0,13.66,0.53,47.32,1.0
20.0,14.0,8.52,4.26,4.0,1.0,19.0,4.0,12.03,1.34,50.61,1.0
43.0,13.0,4.16,8.75,0.0,3.0,11.0,6.0,8.8,1.45,0.0,0.0
41.0,7.0,12.24,7.51,7.0,5.0,7.0,3.0,14.3,1.92,36.06,1.0
26.0,9.0,12.79,5.6,3.0,3.0,17.0,2.0,15.48,1.7,50.25,1.0
40.0,16.0,9.41,8.31,3.0,4.0,1.0,8.0,12.23,1.38,64.24,1.0
34.0,8.0,13.61,8.51,5.0,10.0,15.0,3.0,16.64,0.24,62.28,1.0
20.0,2.0,5.2,8.46,1.0,12.0,7.0,8.0,8.66,1.62,32.88,0.0
31.0,10.0,11.38,8.04,3.0,2.0,15.0,2.0,12.64,1.87,24.29,0.0
26.0,11.0,5.28,8.1,4.0,18.0,7.0,5.0,6.41,0.78,43.92,1.0
34.0,9.0,7.82,6.86,1.0,19.0,22.0,4.0,10.5,0.63,68.85,1.0
40.0,16.0,9.85,4.14,6.0,10.0,29.0,8.0,11.61,1.04,94.02,2.0
38.0,16.0,11.37,4.43,4.0,10.0,12.0,5.0,15.41,1.91,79.14,2.0
44.0,10.0,4.04,7.25,4.0,1.0,25.0,1.0,7.71,0.1,13.38,0.0
20.0,3.0,6.61,6.01,6.0,14.0,5.0,3.0,8.91,1.42,45.65,1.0
36.0,6.0,9.38,6.84,6.0,7.0,0.0,4.0,10.56,1.63,38.43,1.0
36.0,13.0,9.33,5.16,0.0,1.0,1.0,8.0,11.06,1.58,53.795,1.0
22.0,6.0,10.38,7.25,2.0,7.0,6.0,0.0,14.15,1.13,39.56,1.0
25.0,0.0,9.41,6.3,3.0,14.0,26.0,9.0,11.72,0.27,69.15,1.0
30.0,3.0,5.9,6.39,4.0,15.0,3.0,0.0,10.11,0.49,27.94,0.0
22.0,11.0,5.87,4.89,7.0,12.0,8.0,0.0,10.34,0.61,42.01,1.0
27.0,2.0,9.77,8.38,5.0,16.0,18.0,3.0,10.96,0.02,58.5,1.0
33.0,19.0,5.2,8.33,3.0,13.0,2.0,1.0,8.06,0.32,36.07,1.0
29.0,5.0,5.23,5.31,6.0,0.0,22.0,0.0,10.09,1.45,34.19,0.0
21.0,10.0,9.65,4.86,7.0,0.0,1.0,3.0,12.8,0.83,67.41,1.0
33.0,3.0,6.7,4.09,0.0,2.0,15.0,7.0,8.64,1.41,42.99,1.0
28.0,19.0,7.92,4.47,3.0,14.0,9.0,5.0,12.82,0.59,63.17,1.0
22.0,15.0,8.01,4.74,3.0,4.0,27.0,4.0,9.98,0.26,52.86,1.0
40.0,6.0,5.79,4.39,4.0,4.0,11.0,0.0,10.32,0.26,6.54,0.0
27.0,10.0,4.01,8.48,0.0,3.0,17.0,2.0,5.7,0.41,2.69,0.0
35.0,0.0,12.53,8.56,6.0,13.0,1.0,6.0,16.23,0.23,86.92,2.0
21.0,6.0,11.15,8.69,5.0,19.0,13.0,9.0,13.8,0.44,94.56,2.0
25.0,10.0,10.91,8.8,3.0,6.0,11.0,2.0,15.8,1.16,29.73,0.0
40.0,6.0,9.47,6.46,5.0,14.0,19.0,4.0,11.21,0.51,76.9,2.0
44.0,6.0,11.01,6.46,2.0,10.0,23.0,5.0,13.65,0.69,54.1,1.0
31.0,9.0,13.36,4.65,0.0,13.0,23.0,8.0,16.92,0.11,100.0,2.0
32.0,15.0,10.66,4.69,0.0,5.0,23.0,2.0,15.57,1.78,47.65,1.0
21.0,7.0,6.65,7.86,0.0,9.0,7.0,5.0,8.87,0.28,37.7,1.0
35.0,8.0,9.71,8.28,6.0,6.0,22.0,1.0,12.3,0.7,29.09,0.0
24.0,8.0,8.42,7.92,7.0,9.0,21.0,8.0,11.27,0.76,56.1,1.0
31.0,12.0,9.18,5.38,4.0,4.0,6.0,6.0,13.45,0.97,61.93,1.0
23.0,12.0,12.59,6.33,7.0,0.0,12.0,8.0,13.96,0.77,72.14,2.0
34.0,3.0,10.52,6.3,0.0,18.0,14.0,3.0,14.34,1.39,60.08,1.0
30.0,11.0,5.89,8.98,4.0,7.0,13.0,9.0,9.03,1.19,35.22,1.0
35.0,16.0,4.63,8.75,6.0,18.0,4.0,0.0,6.6,0.16,45.85,1.0
42.0,1.0,8.24,6.99,2.0,16.0,7.0,0.0,11.21,0.63,34.7,0.0
25.0,12.0,4.16,4.69,1.0,18.0,17.0,1.0,8.48,1.96,28.86,0.0
33.0,17.0,7.18,5.29,4.0,15.0,4.0,9.0,9.96,0.97,59.09,1.0
37.0,14.0,7.68,5.82,3.0,3.0,22.0,2.0,9.17,0.85,18.35,0.0
31.0,7.0,7.76,8.37,0.0,7.0,8.0,1.0,8.92,0.3,18.31,0.0
30.0,14.0,13.79,4.85,7.0,3.0,9.0,3.0,17.9,1.68,80.99,2.0
32.0,0.0,7.04,5.1,1.0,12.0,16.0,7.0,9.36,0.27,66.87,1.0
40.0,19.0,6.65,5.75,4.0,6.0,26.0,2.0,11.37,0.21,45.1,1.0
42.0,9.0,5.29,8.63,7.0,0.0,24.0,3.0,8.76,0.88,17.16,0.0
30.0,11.0,9.11,6.52,7.0,8.0,2.0,1.0,11.86,0.87,38.51,1.0
42.0,4.0,5.54,7.23,5.0,3.0,0.0,0.0,8.8,1.96,21.93,0.0
35.0,8.0,10.16,5.94,4.0,13.0,6.0,7.0,12.99,0.26,92.16,2.0
34.0,7.0,5.55,4.94,5.0,8.0,14.0,6.0,10.17,0.97,65.11,1.0
40.0,15.0,9.77,5.11,3.0,2.0,18.0,9.0,12.6,0.4,80.15,2.0
34.0,13.0,12.26,6.46,1.0,14.0,7.0,1.0,13.68,1.4,54.35,1.0
44.0,12.0,4.43,8.47,2.0,4.0,10.0,7.0,7.82,0.78,12.48,0.0
23.0,12.0,8.2,6.47,4.0,0.0,1.0,9.0,11.69,1.3,21.27,0.0
30.0,4.0,8.61,5.78,5.0,10.0,14.0,2.0,12.67,0.68,54.19,1.0
38.0,15.0,11.91,8.04,5.0,18.0,27.0,6.0,16.64,1.13,85.35,2.0
34.0,10.0,8.68,7.37,4.0,4.0,1.0,0.0,11.45,0.94,18.83,0.0
23.0,4.0,9.68,4.2,5.0,9.0,10.0,2.0,12.09,0.75,70.86,2.0
40.0,12.0,11.91,5.75,2.0,18.0,19.0,8.0,14.87,1.08,100.0,2.0
32.0,10.0,9.6,7.41,7.0,16.0,27.0,3.0,14.2,0.77,53.795,1.0
41.0,18.0,7.58,6.87,5.0,4.0,16.0,0.0,12.5,1.61,33.18,0.0
38.0,2.0,4.86,8.89,4.0,19.0,28.0,5.0,9.74,0.99,53.54,1.0
21.0,14.0,11.3,8.33,0.0,8.0,9.0,0.0,13.22,1.81,26.56,0.0
33.0,6.0,12.71,4.3,5.0,5.0,4.0,9.0,15.7,0.45,90.34,2.0
23.0,6.0,13.7,7.63,4.0,12.0,2.0,0.0,15.74,0.22,72.06,2.0
35.0,5.0,13.27,5.68,7.0,10.0,8.0,1.0,15.74,0.76,84.98,2.0
40.0,2.0,8.99,7.41,7.0,0.0,19.0,5.0,13.1,0.37,68.65,1.0
39.0,12.0,10.43,7.09,0.0,16.0,21.0,1.0,12.07,0.79,49.58,1.0
33.0,6.0,11.81,6.52,5.0,5.0,24.0,7.0,14.4,0.41,85.56,2.0
34.0,4.0,8.32,8.26,5.0,2.0,1.0,5.0,10.78,1.74,26.64,0.0
22.0,17.0,9.95,7.54,4.0,15.0,22.0,0.0,12.07,1.14,47.91,1.0
27.0,7.0,7.49,8.45,3.0,12.0,18.0,5.0,9.41,1.0,41.07,1.0
35.0,16.0,7.27,5.41,3.0,11.0,16.0,0.0,11.27,1.58,45.64,1.0
29.0,19.0,11.57,5.74,1.0,10.0,24.0,8.0,13.75,0.26,73.87,2.0
23.0,0.0,8.54,7.11,3.0,1.0,24.0,2.0,12.37,1.71,20.78,0.0
37.0,13.0,6.12,8.83,2.0,18.0,11.0,0.0,8.59,0.97,25.3,0.0
21.0,16.0,6.02,5.86,7.0,7.0,26.0,0.0,10.23,0.27,29.03,0.0
36.0,9.0,12.59,4.16,1.0,12.0,19.0,1.0,14.26,1.64,80.62,2.0
32.0,11.0,10.78,6.23,7.0,9.0,8.0,5.0,12.41,0.92,79.27,2.0
23.0,15.0,9.46,6.72,3.0,14.0,22.0,0.0,13.18,1.21,41.71,1.0
44.0,13.0,8.01,8.0,0.0,16.0,3.0,6.0,12.67,1.79,53.795,1.0
30.0,15.0,8.31,7.64,6.0,14.0,27.0,3.0,9.88,1.78,53.88,1.0
26.0,7.0,4.57,8.82,4.0,9.0,17.0,6.0,5.86,1.02,22.1,0.0
31.0,9.0,8.55,7.91,7.0,0.0,15.0,3.0,13.29,0.83,29.98,0.0
29.0,16.0,11.95,5.49,3.0,11.0,28.0,3.0,13.42,1.5,64.3,1.0
26.0,17.0,7.88,7.21,0.0,8.0,20.0,3.0,9.88,0.47,43.65,1.0
32.0,19.0,7.84,7.36,6.0,4.0,23.0,9.0,12.56,1.66,54.23,1.0
26.0,15.0,4.16,8.99,1.0,14.0,9.0,9.0,8.37,0.68,36.19,1.0
43.0,16.0,8.58,4.69,4.0,2.0,25.0,7.0,10.95,0.93,53.79,1.0
36.0,15.0,4.25,4.96,7.0,18.0,21.0,1.0,9.07,1.78,37.36,1.0
29.0,18.0,9.7,4.78,3.0,9.0,11.0,7.0,12.97,1.61,59.59,1.0
29.0,10.0,9.07,6.95,1.0,6.0,29.0,9.0,10.36,1.91,42.1,1.0
23.0,5.0,9.82,7.28,4.0,1.0,10.0,6.0,12.97,0.3,43.45,1.0
39.0,10.0,7.23,8.02,1.0,1.0,4.0,6.0,10.52,1.82,14.56,0.0
23.0,3.0,9.16,6.16,7.0,9.0,19.0,5.0,14.14,0.99,68.64,1.0
41.0,11.0,11.0,6.8,3.0,4.0,10.0,3.0,12.61,1.78,44.89,1.0
26.0,11.0,4.94,8.56,6.0,3.0,15.0,4.0,8.57,1.46,24.06,0.0
41.0,16.0,10.21,6.85,0.0,6.0,14.0,0.0,13.04,1.75,34.69,0.0
20.0,14.0,13.17,5.04,4.0,15.0,5.0,1.0,15.26,1.31,85.65,2.0
31.0,8.0,6.99,5.72,6.0,2.0,12.0,9.0,10.76,1.62,43.45,1.0
43.0,6.0,10.27,6.65,7.0,1.0,14.0,6.0,13.94,0.24,60.43,1.0
32.0,9.0,12.21,4.77,0.0,16.0,26.0,1.0,16.64,1.94,84.62,2.0
29.0,15.0,9.12,7.06,4.0,8.0,2.0,7.0,13.64,0.36,59.59,1.0
34.0,11.0,11.18,9.0,3.0,19.0,17.0,6.0,14.43,0.05,82.94,2.0
32.0,6.0,7.11,7.26,2.0,7.0,0.0,9.0,9.41,1.06,47.64,1.0
42.0,17.0,7.06,5.86,6.0,11.0,24.0,7.0,10.18,1.42,58.72,1.0
41.0,14.0,10.68,5.66,2.0,6.0,16.0,3.0,13.12,1.43,61.49,1.0
41.0,5.0,11.05,8.66,4.0,13.0,26.0,0.0,13.16,0.68,46.79,1.0
40.0,11.0,13.37,8.36,7.0,15.0,19.0,6.0,16.58,1.51,98.66,2.0
41.0,10.0,6.25,6.36,4.0,0.0,5.0,0.0,9.88,1.69,13.06,0.0
28.0,19.0,8.68,5.77,2.0,9.0,8.0,6.0,12.04,1.22,53.61,1.0
28.0,2.0,6.51,7.55,4.0,10.0,3.0,8.0,11.33,0.77,46.39,1.0
34.0,1.0,4.8,5.57,4.0,6.0,6.0,4.0,6.99,1.23,27.24,0.0
29.0,5.0,8.03,4.6,7.0,17.0,22.0,1.0,10.52,1.72,75.74,2.0
43.0,4.0,7.74,5.55,3.0,18.0,28.0,0.0,11.41,1.8,60.27,1.0
44.0,17.0,6.7,6.17,0.0,13.0,29.0,7.0,10.1,0.06,63.52,1.0
29.0,15.0,6.97,5.28,5.0,16.0,21.0,3.0,7.98,0.24,62.67,1.0
27.0,7.0,7.6,5.08,7.0,18.0,24.0,7.0,9.85,0.01,89.07,2.0
43.0,19.0,13.89,4.03,1.0,12.0,10.0,1.0,15.91,0.98,83.69,2.0
35.0,10.0,11.83,7.15,7.0,2.0,25.0,2.0,16.19,0.87,47.83,1.0
36.0,9.0,4.71,7.07,2.0,1.0,22.0,2.0,9.17,1.09,10.2,0.0
24.0,11.0,12.72,4.94,1.0,8.0,2.0,3.0,14.86,1.37,65.51,1.0
23.0,5.0,10.33,8.72,2.0,9.0,15.0,8.0,11.74,0.73,63.26,1.0
37.0,19.0,12.91,6.05,2.0,13.0,5.0,8.0,14.73,0.42,78.11,2.0
43.0,4.0,7.42,4.13,0.0,4.0,6.0,4.0,9.13,0.79,30.56,0.0
38.0,8.0,8.65,5.1,6.0,19.0,11.0,6.0,10.6,0.02,87.42,2.0
23.0,15.0,12.96,7.46,6.0,14.0,6.0,8.0,14.9,1.66,94.79,2.0
26.0,13.0,6.73,6.46,2.0,19.0,28.0,0.0,9.65,0.77,48.0,1.0
29.0,7.0,13.16,4.27,2.0,0.0,21.0,1.0,15.44,1.25,71.27,2.0
44.0,19.0,12.28,7.09,0.0,19.0,18.0,5.0,15.52,0.65,70.6,2.0
32.0,18.0,13.81,6.59,4.0,6.0,21.0,2.0,16.19,1.23,72.74,2.0
38.0,13.0,7.24,7.81,6.0,4.0,15.0,6.0,11.5,1.08,49.86,1.0
23.0,6.0,6.36,7.86,5.0,3.0,17.0,4.0,11.16,0.42,31.24,0.0
29.0,4.0,7.31,8.8,7.0,10.0,9.0,9.0,9.93,1.25,52.94,1.0
20.0,17.0,13.55,4.29,1.0,18.0,28.0,7.0,14.75,0.22,100.0,2.0
42.0,1.0,7.33,4.19,2.0,5.0,0.0,0.0,9.29,0.96,37.26,1.0
37.0,10.0,9.65,8.94,0.0,19.0,7.0,8.0,11.06,1.44,51.3,1.0
24.0,7.0,8.04,7.22,2.0,17.0,2.0,9.0,10.42,1.1,64.48,1.0
34.0,0.0,7.96,7.58,6.0,4.0,29.0,5.0,11.54,1.49,31.65,0.0
36.0,11.0,5.93,4.48,0.0,19.0,15.0,4.0,12.02,0.55,64.43,1.0
22.0,1.0,9.37,4.35,1.0,14.0,23.0,7.0,11.34,0.1,90.84,2.0
31.0,17.0,12.49,4.8,3.0,19.0,2.0,3.0,16.56,0.11,100.0,2.0
21.0,6.0,4.49,6.14,6.0,5.0,1.0,8.0,6.02,0.54,22.55,0.0
20.0,16.0,12.89,4.55,4.0,3.0,11.0,4.0,14.8,0.82,57.87,1.0
42.0,10.0,10.65,6.23,7.0,16.0,7.0,0.0,14.35,1.08,65.51,1.0
40.0,6.0,10.17,6.81,7.0,14.0,18.0,7.0,11.96,1.52,84.57,2.0
36.0,10.0,10.26,4.0,3.0,17.0,23.0,8.0,13.98,1.68,98.54,2.0
41.0,5.0,6.96,4.57,0.0,5.0,17.0,4.0,11.87,1.39,19.78,0.0
35.0,19.0,8.15,5.88,2.0,19.0,19.0,4.0,12.48,0.93,70.34,2.0
24.0,1.0,11.99,4.27,4.0,18.0,24.0,5.0,13.63,0.53,73.62,2.0
34.0,16.0,7.06,4.67,6.0,11.0,14.0,8.0,10.14,0.86,73.24,2.0
22.0,11.0,8.7,5.16,1.0,8.0,16.0,4.0,11.39,0.55,49.85,1.0
26.0,11.0,4.2,6.15,7.0,7.0,17.0,1.0,9.17,1.25,20.15,0.0
30.0,16.0,11.34,7.57,6.0,14.0,17.0,2.0,16.2,1.64,60.3,1.0
29.0,9.0,8.18,4.66,5.0,0.0,8.0,9.0,9.69,1.04,53.16,1.0
28.0,2.0,9.25,7.69,4.0,1.0,25.0,2.0,13.88,0.09,34.26,0.0
33.0,19.0,5.15,8.28,7.0,2.0,4.0,8.0,6.92,1.88,41.84,1.0
32.0,17.0,8.99,7.26,2.0,18.0,10.0,7.0,16.2,0.59,85.76,2.0
44.0,12.0,7.02,4.22,7.0,9.0,28.0,5.0,9.43,1.83,53.34,1.0
44.0,11.0,10.35,6.2,7.0,13.0,3.0,4.0,12.5,1.63,76.21,2.0
21.0,16.0,9.81,7.3,3.0,18.0,25.0,9.0,14.22,0.83,84.1,2.0
22.0,3.0,11.85,8.89,0.0,10.0,9.0,5.0,14.17,0.11,47.38,1.0
26.0,9.0,6.94,8.76,3.0,5.0,3.0,8.0,11.21,1.9,24.29,0.0
40.0,10.0,11.56,5.98,6.0,18.0,22.0,9.0,16.54,1.32,100.0,2.0
37.0,5.0,7.83,7.08,4.0,13.0,2.0,7.0,12.19,0.5,41.61,1.0
22.0,5.0,8.11,8.45,5.0,7.0,24.0,4.0,10.49,1.07,27.47,0.0
29.0,8.0,10.73,8.16,2.0,1.0,15.0,5.0,14.58,1.27,55.21,1.0
41.0,14.0,11.84,6.4,0.0,17.0,20.0,8.0,14.98,0.45,77.06,2.0
32.0,1.0,10.67,5.31,2.0,3.0,10.0,0.0,14.82,0.19,32.44,0.0
28.0,3.0,13.0,4.69,2.0,2.0,8.0,3.0,12.02,0.53,52.71,1.0
36.0,4.0,6.85,6.44,5.0,1.0,0.0,4.0,10.4,0.1,26.58,0.0
30.0,16.0,13.01,7.61,4.0,9.0,9.0,8.0,17.1,0.14,71.72,2.0
26.0,7.0,5.31,8.85,3.0,17.0,11.0,4.0,9.35,0.31,52.39,1.0
43.0,7.0,10.6,8.31,4.0,10.0,29.0,4.0,15.45,0.32,58.93,1.0
33.0,11.0,9.48,5.02,6.0,8.0,23.0,2.0,10.71,0.5,56.46,1.0
38.0,7.0,8.95,7.6,6.0,7.0,1.0,7.0,11.33,1.87,69.49,1.0
23.0,18.0,7.11,5.45,2.0,7.0,14.0,6.0,10.02,1.15,39.83,1.0
25.0,2.0,9.04,7.42,2.0,4.0,29.0,7.0,11.28,0.85,44.85,1.0
29.0,17.0,5.62,7.33,0.0,12.0,23.0,3.0,7.86,1.13,27.32,0.0
26.0,18.0,7.69,5.36,2.0,6.0,19.0,7.0,9.39,0.01,62.43,1.0
32.0,18.0,4.99,5.17,6.0,4.0,15.0,9.0,12.02,1.79,30.81,0.0
33.0,14.0,9.72,4.52,2.0,12.0,1.0,3.0,14.35,1.06,51.98,1.0
23.0,5.0,4.96,4.25,7.0,19.0,12.0,0.0,6.29,0.9,64.73,1.0
27.0,15.0,5.6,8.29,7.0,15.0,17.0,3.0,7.22,1.88,56.29,1.0
24.0,7.0,4.85,4.25,4.0,13.0,28.0,4.0,6.76,1.46,42.31,1.0
20.0,15.0,7.81,4.44,6.0,4.0,21.0,9.0,10.85,0.67,52.32,1.0
23.0,17.0,12.42,5.19,2.0,18.0,18.0,7.0,16.58,1.87,81.09,2.0
22.0,19.0,13.07,8.44,5.0,3.0,10.0,9.0,14.36,1.02,76.45,2.0
28.0,15.0,4.72,5.66,7.0,10.0,13.0,5.0,8.27,1.91,23.54,0.0
27.0,10.0,10.35,4.96,5.0,1.0,29.0,9.0,11.95,0.19,70.6,2.0
20.0,6.0,10.84,7.58,6.0,12.0,25.0,4.0,15.73,1.91,60.57,1.0
25.0,16.0,9.34,5.6,2.0,15.0,2.0,2.0,13.94,1.09,52.1,1.0
28.0,16.0,10.67,5.67,5.0,8.0,8.0,3.0,15.47,1.34,50.39,1.0
26.0,11.0,6.34,6.46,4.0,15.0,14.0,5.0,7.76,0.42,58.8,1.0
23.0,12.0,8.9,5.26,0.0,6.0,13.0,5.0,11.85,0.28,56.83,1.0
32.0,9.0,7.91,8.48,5.0,15.0,6.0,5.0,9.57,0.16,71.5,2.0
36.0,6.0,4.9,6.81,6.0,12.0,11.0,1.0,8.3,0.84,36.9,1.0
21.0,13.0,10.26,6.69,5.0,4.0,20.0,7.0,12.19,0.44,61.42,1.0
24.0,0.0,8.95,5.32,3.0,14.0,17.0,7.0,13.03,1.02,79.3,2.0
31.0,16.0,6.75,8.18,4.0,6.0,10.0,5.0,10.33,1.91,36.39,1.0
40.0,3.0,8.74,6.86,5.0,17.0,26.0,3.0,12.03,1.47,44.83,1.0
27.0,4.0,11.75,4.78,0.0,19.0,23.0,1.0,16.05,1.04,79.87,2.0
25.0,19.0,12.02,5.03,3.0,1.0,8.0,5.0,15.02,1.49,49.75,1.0
27.0,6.0,10.5,6.34,6.0,7.0,10.0,5.0,12.58,1.22,65.8,1.0
37.0,9.0,8.68,7.9,6.0,9.0,17.0,9.0,12.16,0.36,56.69,1.0
22.0,16.0,9.76,8.7,2.0,9.0,1.0,2.0,14.59,1.27,44.15,1.0
41.0,6.0,7.85,7.32,4.0,10.0,19.0,1.0,11.25,1.36,40.05,1.0
31.0,0.0,5.27,6.53,7.0,7.0,12.0,3.0,8.79,0.47,27.83,0.0
22.0,6.0,7.86,5.25,5.0,15.0,14.0,7.0,12.6,0.64,71.43,2.0
41.0,10.0,9.3,7.36,2.0,15.0,7.0,4.0,12.36,0.77,53.62,1.0
25.0,8.0,9.99,8.91,4.0,16.0,4.0,2.0,14.98,1.21,54.83,1.0
32.0,11.0,13.36,6.38,6.0,5.0,4.0,4.0,15.0,0.25,94.33,2.0
42.0,2.0,11.77,4.81,3.0,17.0,6.0,8.0,14.92,1.49,77.98,2.0
31.0,3.0,5.52,4.52,5.0,16.0,11.0,7.0,7.37,0.69,72.33,2.0
21.0,3.0,5.74,5.35,6.0,11.0,19.0,9.0,8.55,1.38,65.71,1.0
25.0,12.0,5.0,6.85,7.0,14.0,11.0,6.0,6.68,1.87,42.94,1.0
36.0,18.0,11.38,8.73,0.0,6.0,8.0,3.0,13.27,1.74,17.54,0.0
22.0,9.0,11.06,5.5,7.0,13.0,3.0,1.0,12.9,1.48,66.89,1.0
21.0,4.0,13.86,5.53,4.0,3.0,7.0,8.0,16.14,0.39,71.05,2.0
42.0,6.0,9.22,6.41,6.0,16.0,18.0,2.0,10.76,1.46,68.72,1.0
39.0,15.0,12.26,8.59,6.0,10.0,21.0,5.0,16.5,1.27,53.77,1.0
27.0,0.0,9.76,6.1,7.0,5.0,0.0,6.0,11.64,1.55,58.15,1.0
41.0,11.0,12.74,5.12,0.0,9.0,22.0,2.0,15.41,1.74,50.81,1.0
31.0,1.0,11.21,4.82,7.0,14.0,10.0,2.0,12.27,0.62,92.84,2.0
23.0,6.0,10.43,6.29,7.0,5.0,22.0,2.0,11.85,1.29,66.24,1.0
24.0,10.0,9.65,8.0,2.0,15.0,12.0,2.0,14.24,0.55,49.91,1.0
32.0,12.0,11.23,5.46,6.0,11.0,17.0,2.0,15.58,0.69,60.35,1.0
34.0,1.0,8.99,6.56,2.0,18.0,20.0,6.0,12.56,1.04,84.29,2.0
44.0,6.0,4.97,7.02,3.0,15.0,19.0,4.0,7.62,0.87,39.06,1.0
42.0,14.0,4.4,6.25,3.0,13.0,9.0,3.0,5.97,1.2,35.14,1.0
35.0,10.0,8.79,4.96,1.0,5.0,12.0,5.0,10.22,1.52,42.3,1.0
29.0,1.0,9.99,8.61,1.0,8.0,24.0,7.0,13.41,1.21,46.4,1.0
44.0,6.0,4.79,6.83,3.0,0.0,11.0,1.0,9.1,1.94,0.0,0.0
42.0,3.0,6.87,7.65,5.0,7.0,12.0,2.0,11.47,1.48,7.46,0.0
35.0,10.0,7.22,7.18,7.0,6.0,1.0,1.0,9.37,1.97,44.2,1.0
31.0,1.0,9.63,8.99,2.0,13.0,2.0,6.0,11.91,1.49,54.72,1.0
36.0,15.0,6.78,6.28,0.0,7.0,28.0,1.0,8.18,1.02,19.86,0.0
32.0,6.0,4.96,6.12,6.0,10.0,16.0,4.0,9.06,0.82,49.5,1.0
31.0,12.0,5.65,5.8,7.0,8.0,25.0,9.0,7.75,1.47,49.11,1.0
27.0,4.0,5.74,5.81,6.0,18.0,14.0,8.0,8.66,1.37,74.31,2.0
39.0,16.0,12.43,5.38,3.0,6.0,18.0,7.0,17.15,1.34,65.23,1.0
22.0,11.0,6.84,8.9,7.0,5.0,11.0,7.0,10.85,1.44,32.95,0.0
32.0,6.0,9.68,5.58,7.0,4.0,19.0,0.0,10.71,0.46,48.53,1.0
42.0,5.0,13.77,5.53,0.0,18.0,19.0,1.0,17.92,1.13,76.82,2.0
38.0,7.0,6.73,4.52,1.0,10.0,21.0,6.0,9.94,1.21,56.83,1.0
27.0,12.0,5.58,8.39,0.0,4.0,9.0,3.0,9.46,0.59,0.62,0.0
41.0,4.0,4.52,5.86,3.0,8.0,22.0,9.0,6.15,1.98,29.12,0.0
24.0,1.0,6.41,6.86,2.0,7.0,22.0,4.0,10.9,1.57,22.23,0.0
39.0,8.0,10.84,8.5,7.0,10.0,14.0,0.0,14.93,0.64,48.7,1.0
27.0,10.0,4.85,6.04,3.0,5.0,29.0,1.0,9.41,0.72,12.17,0.0
43.0,5.0,6.45,8.03,6.0,14.0,26.0,8.0,8.81,1.44,52.66,1.0
31.0,6.0,12.55,6.15,6.0,5.0,7.0,5.0,14.65,0.02,84.09,2.0
20.0,6.0,9.83,7.5,4.0,10.0,18.0,6.0,11.44,0.93,75.54,2.0
44.0,18.0,4.7,6.16,5.0,14.0,4.0,4.0,9.42,0.69,44.1,1.0
40.0,5.0,4.48,5.96,5.0,11.0,11.0,8.0,6.19,1.71,51.93,1.0
32.0,10.0,4.61,8.95,5.0,8.0,9.0,9.0,6.09,1.58,25.0,0.0
25.0,10.0,13.42,7.06,4.0,9.0,21.0,4.0,15.19,0.66,72.61,2.0
41.0,6.0,12.5,5.84,4.0,14.0,13.0,5.0,16.59,1.73,86.12,2.0
37.0,1.0,12.45,5.29,2.0,16.0,27.0,9.0,17.01,1.83,86.53,2.0
27.0,18.0,13.24,4.2,5.0,15.0,21.0,8.0,17.48,1.1,100.0,2.0
26.0,3.0,9.05,7.53,3.0,7.0,11.0,4.0,12.3,0.32,38.26,1.0
20.0,5.0,6.47,5.86,4.0,16.0,23.0,3.0,11.45,1.54,60.42,1.0
40.0,16.0,8.01,8.11,3.0,10.0,12.0,4.0,9.29,0.64,50.91,1.0
35.0,4.0,11.19,5.82,1.0,10.0,20.0,4.0,15.66,1.05,72.58,2.0
31.0,6.0,12.76,5.87,5.0,5.0,20.0,4.0,15.47,0.09,82.11,2.0
25.0,8.0,8.35,7.9,4.0,1.0,16.0,0.0,11.17,1.0,34.48,0.0
39.0,0.0,9.35,6.45,4.0,0.0,0.0,4.0,10.86,0.76,42.22,1.0
33.0,18.0,5.07,6.95,3.0,5.0,9.0,0.0,7.34,0.08,53.795,0.0
23.0,5.0,12.62,5.2,2.0,4.0,25.0,3.0,14.32,1.25,52.47,1.0
20.0,17.0,5.59,6.84,2.0,8.0,4.0,7.0,8.52,1.54,20.24,0.0
42.0,9.0,8.84,4.02,3.0,4.0,10.0,3.0,10.43,0.03,63.76,1.0
37.0,10.0,6.18,5.56,1.0,17.0,9.0,6.0,12.02,1.5,52.1,1.0
32.0,0.0,10.03,5.04,3.0,18.0,5.0,5.0,14.54,0.26,70.78,2.0
21.0,0.0,9.59,7.27,1.0,14.0,14.0,4.0,14.28,1.4,47.42,1.0
28.0,12.0,7.8,4.68,2.0,14.0,8.0,8.0,12.66,0.91,94.38,2.0
40.0,4.0,12.63,5.45,1.0,8.0,7.0,7.0,16.35,1.1,88.52,2.0
21.0,19.0,10.6,5.66,5.0,13.0,22.0,4.0,14.68,0.67,82.3,2.0
44.0,0.0,11.21,4.02,1.0,4.0,22.0,5.0,15.55,0.49,80.83,2.0
28.0,19.0,5.51,4.23,7.0,16.0,5.0,6.0,9.15,1.02,64.9,1.0
20.0,2.0,12.83,5.56,1.0,14.0,5.0,8.0,15.15,1.73,77.47,2.0
30.0,17.0,5.67,5.11,7.0,19.0,16.0,6.0,7.3,1.22,77.39,2.0
22.0,8.0,6.23,4.58,4.0,16.0,11.0,2.0,8.18,1.97,64.86,1.0
39.0,13.0,5.28,4.77,4.0,8.0,6.0,9.0,9.64,1.7,39.66,1.0
42.0,16.0,8.4,8.18,6.0,12.0,4.0,4.0,12.18,1.74,47.61,1.0
23.0,13.0,12.88,7.42,2.0,12.0,15.0,8.0,15.7,1.2,83.06,2.0
37.0,3.0,6.52,6.42,3.0,4.0,22.0,8.0,7.64,0.16,39.31,1.0
42.0,4.0,7.74,8.54,1.0,13.0,5.0,7.0,9.8,1.83,42.63,1.0
25.0,16.0,12.46,4.15,5.0,6.0,7.0,5.0,16.38,0.24,71.21,2.0
22.0,1.0,10.18,5.72,4.0,4.0,14.0,6.0,13.23,1.03,59.96,1.0
41.0,4.0,11.52,8.12,3.0,11.0,7.0,6.0,14.26,1.71,64.29,1.0
30.0,3.0,8.99,7.14,5.0,2.0,28.0,0.0,8.39,0.94,17.6,0.0
34.0,3.0,11.16,8.91,1.0,8.0,6.0,7.0,14.59,0.33,55.47,1.0
41.0,5.0,6.28,8.72,3.0,9.0,14.0,5.0,11.15,0.75,38.9,1.0
24.0,19.0,13.87,4.85,6.0,0.0,18.0,6.0,18.47,1.98,73.44,2.0
39.0,12.0,9.6,8.86,7.0,13.0,25.0,5.0,10.72,2.0,81.91,2.0
29.0,4.0,10.96,8.73,7.0,0.0,19.0,9.0,13.88,1.42,51.13,1.0
31.0,6.0,5.18,5.87,4.0,9.0,13.0,1.0,7.5,1.78,33.95,0.0
34.0,19.0,6.51,8.91,0.0,10.0,24.0,6.0,9.55,0.09,32.22,0.0
36.0,0.0,5.4,4.18,5.0,19.0,27.0,7.0,8.82,0.55,82.95,2.0
29.0,13.0,7.9,7.3,5.0,1.0,5.0,4.0,9.7,0.74,43.89,1.0
25.0,3.0,6.84,5.33,4.0,1.0,6.0,0.0,10.97,0.02,28.53,0.0
37.0,16.0,11.33,4.65,7.0,10.0,29.0,5.0,14.23,0.75,81.26,2.0
32.0,13.0,5.09,6.89,3.0,7.0,4.0,2.0,10.06,0.19,17.68,0.0
22.0,15.0,11.52,5.53,1.0,2.0,18.0,4.0,12.62,1.03,58.04,1.0
43.0,13.0,4.46,7.33,1.0,8.0,20.0,8.0,6.22,0.01,53.795,0.0
29.0,15.0,6.02,6.7,0.0,15.0,27.0,6.0,9.78,0.54,58.5,1.0
33.0,19.0,11.92,5.96,6.0,15.0,6.0,7.0,15.7,1.73,78.16,2.0
25.0,7.0,8.99,4.91,5.0,9.0,8.0,5.0,14.76,1.02,83.1,2.0
22.0,2.0,8.76,7.01,3.0,5.0,11.0,8.0,13.65,0.13,51.43,1.0
35.0,18.0,4.5,8.15,6.0,19.0,24.0,2.0,7.16,0.5,26.74,0.0
26.0,0.0,10.1,7.0,2.0,19.0,14.0,0.0,12.77,1.66,48.46,1.0
39.0,1.0,8.07,7.05,4.0,19.0,14.0,9.0,12.71,1.17,75.43,2.0
32.0,14.0,7.17,6.56,6.0,10.0,27.0,3.0,10.32,1.17,64.01,1.0
28.0,9.0,10.4,5.94,1.0,7.0,23.0,7.0,12.81,0.0,35.28,1.0
34.0,17.0,8.37,6.29,4.0,19.0,20.0,5.0,12.25,0.94,63.66,1.0
40.0,13.0,4.92,8.95,7.0,0.0,15.0,6.0,8.4,0.53,14.66,0.0
22.0,16.0,13.16,7.75,1.0,5.0,22.0,8.0,15.39,0.67,57.75,1.0
21.0,12.0,11.78,6.15,1.0,7.0,19.0,1.0,12.02,1.2,43.42,1.0
21.0,0.0,4.56,6.29,4.0,13.0,25.0,5.0,7.14,1.75,53.795,1.0
22.0,4.0,9.25,6.5,2.0,2.0,14.0,3.0,10.54,0.36,28.75,0.0
37.0,12.0,4.83,7.3,0.0,1.0,4.0,5.0,9.6,1.54,10.82,0.0
33.0,10.0,12.37,6.33,2.0,0.0,11.0,7.0,14.1,0.1,76.85,2.0
39.0,2.0,10.13,7.43,4.0,10.0,3.0,1.0,11.91,0.65,48.18,1.0
37.0,14.0,5.72,5.65,3.0,5.0,2.0,6.0,9.31,0.44,30.93,0.0
29.0,18.0,4.21,6.05,0.0,7.0,14.0,7.0,8.11,1.83,21.6,0.0
44.0,16.0,4.32,8.32,0.0,6.0,26.0,0.0,8.27,0.36,0.0,0.0
21.0,2.0,9.07,5.64,3.0,5.0,28.0,9.0,11.57,1.16,70.96,2.0
44.0,15.0,11.34,8.82,5.0,17.0,0.0,4.0,15.83,0.33,71.13,2.0
41.0,13.0,5.21,4.86,1.0,11.0,12.0,8.0,8.39,0.95,54.73,1.0
20.0,11.0,6.21,5.21,7.0,7.0,4.0,1.0,8.96,0.83,39.95,1.0
23.0,11.0,7.27,6.32,7.0,18.0,11.0,5.0,11.51,0.08,76.74,2.0
33.0,10.0,6.18,7.99,4.0,4.0,1.0,1.0,8.15,1.65,0.0,0.0
20.0,16.0,7.91,7.66,3.0,18.0,5.0,2.0,12.35,1.56,42.97,1.0
33.0,7.0,9.6,4.87,7.0,8.0,4.0,5.0,12.76,0.56,68.82,1.0
35.0,16.0,10.85,5.18,2.0,11.0,26.0,4.0,15.45,1.23,53.47,1.0
41.0,19.0,13.64,6.88,2.0,14.0,17.0,3.0,15.45,0.73,68.23,1.0
33.0,10.0,13.31,5.48,5.0,12.0,23.0,6.0,18.05,1.54,84.13,2.0
39.0,1.0,9.7,6.11,3.0,12.0,4.0,2.0,13.45,1.38,56.58,1.0
22.0,9.0,11.34,6.43,4.0,4.0,17.0,9.0,14.81,0.18,87.16,2.0
22.0,9.0,13.51,6.97,5.0,1.0,15.0,6.0,16.2,1.69,63.89,1.0
28.0,10.0,4.83,5.26,5.0,18.0,16.0,8.0,9.66,0.36,72.58,2.0
25.0,5.0,4.06,4.82,5.0,7.0,1.0,1.0,6.84,0.35,26.97,0.0
44.0,3.0,4.3,5.99,7.0,13.0,16.0,4.0,7.29,1.47,38.78,1.0
32.0,11.0,9.63,4.41,7.0,5.0,9.0,0.0,13.76,0.37,51.71,1.0
40.0,10.0,11.63,6.63,0.0,6.0,25.0,6.0,13.77,0.24,66.06,1.0
21.0,12.0,7.67,8.2,0.0,13.0,14.0,1.0,9.84,0.67,40.66,1.0
27.0,4.0,9.45,4.59,1.0,5.0,13.0,4.0,13.55,1.68,20.09,0.0
40.0,5.0,9.16,4.56,7.0,15.0,18.0,0.0,10.67,0.35,77.03,2.0
21.0,0.0,4.95,4.4,4.0,3.0,11.0,0.0,9.24,0.68,14.8,0.0
23.0,5.0,7.22,8.24,2.0,6.0,14.0,3.0,10.72,0.57,30.24,0.0
44.0,17.0,8.99,4.4,2.0,15.0,0.0,6.0,7.35,0.71,55.4,1.0
34.0,8.0,5.11,8.92,1.0,3.0,6.0,6.0,7.03,1.43,7.4,0.0
23.0,14.0,12.12,5.79,2.0,6.0,25.0,7.0,16.27,0.81,75.65,2.0
32.0,7.0,12.29,5.64,5.0,1.0,6.0,8.0,16.51,1.52,70.14,2.0
31.0,18.0,12.02,4.46,4.0,7.0,12.0,3.0,14.95,1.28,72.48,2.0
32.0,15.0,11.27,6.93,1.0,9.0,8.0,1.0,13.83,0.72,46.94,1.0
33.0,5.0,11.93,6.93,1.0,1.0,4.0,9.0,13.91,0.86,48.76,1.0
39.0,5.0,10.71,6.47,3.0,5.0,3.0,9.0,14.73,1.41,63.76,1.0
37.0,2.0,10.7,5.56,0.0,3.0,4.0,2.0,14.26,1.07,18.0,0.0
25.0,9.0,10.67,5.84,4.0,0.0,23.0,8.0,12.5,1.74,53.795,1.0
30.0,0.0,9.14,5.6,4.0,5.0,23.0,7.0,13.32,1.87,60.44,1.0
21.0,13.0,7.63,6.13,0.0,11.0,27.0,5.0,12.16,1.44,28.94,0.0
42.0,3.0,11.3,5.71,5.0,13.0,19.0,2.0,12.54,1.98,62.99,1.0
38.0,11.0,6.99,7.38,4.0,14.0,11.0,9.0,11.08,1.19,76.67,2.0
38.0,5.0,9.43,5.48,2.0,17.0,7.0,5.0,13.84,0.08,100.0,2.0
24.0,10.0,8.33,5.75,2.0,16.0,12.0,1.0,13.3,1.01,51.63,1.0
38.0,11.0,6.77,6.18,4.0,8.0,3.0,3.0,8.72,0.46,40.45,1.0
21.0,9.0,13.75,4.02,6.0,14.0,19.0,3.0,16.23,0.67,97.61,2.0
29.0,17.0,6.59,6.46,6.0,17.0,10.0,8.0,11.45,0.98,73.72,2.0
44.0,6.0,7.09,6.46,7.0,17.0,14.0,7.0,8.47,0.59,92.74,2.0
21.0,6.0,8.99,4.28,3.0,4.0,23.0,6.0,8.71,0.62,39.91,1.0
30.0,10.0,12.23,8.56,4.0,15.0,13.0,3.0,15.26,0.8,56.2,1.0
37.0,3.0,9.87,5.61,1.0,8.0,17.0,6.0,13.3,0.57,62.63,1.0
32.0,19.0,10.13,6.13,5.0,2.0,19.0,0.0,12.45,0.34,34.58,0.0
34.0,0.0,12.21,8.14,7.0,11.0,0.0,7.0,16.91,1.53,66.64,1.0
28.0,12.0,7.43,4.83,7.0,13.0,0.0,7.0,9.51,0.79,63.68,1.0
42.0,17.0,5.94,8.25,1.0,0.0,10.0,8.0,9.54,1.66,13.3,0.0
38.0,8.0,5.98,5.21,0.0,8.0,28.0,8.0,8.96,1.77,46.48,1.0
28.0,8.0,11.33,6.46,5.0,8.0,28.0,0.0,13.4,1.5,53.06,1.0
22.0,8.0,10.14,7.43,5.0,19.0,28.0,9.0,11.9,0.79,100.0,2.0
40.0,9.0,6.06,8.53,2.0,12.0,23.0,6.0,10.89,1.44,27.41,0.0
28.0,1.0,5.45,7.04,5.0,7.0,19.0,0.0,8.7,0.31,17.84,0.0
38.0,14.0,10.28,6.86,4.0,13.0,5.0,4.0,14.41,0.81,73.12,2.0
26.0,2.0,4.0,5.01,1.0,15.0,4.0,1.0,5.32,1.31,23.2,0.0
35.0,10.0,4.18,7.45,2.0,10.0,12.0,2.0,8.04,1.51,6.68,0.0
35.0,5.0,7.9,4.93,7.0,18.0,9.0,7.0,9.56,1.13,89.84,2.0
20.0,2.0,10.91,6.79,7.0,9.0,5.0,1.0,14.87,1.28,64.78,1.0
23.0,10.0,10.95,6.46,6.0,7.0,3.0,3.0,12.52,0.43,56.26,1.0
23.0,14.0,8.3,8.49,7.0,10.0,3.0,2.0,12.63,1.19,53.795,1.0
26.0,12.0,10.91,6.25,2.0,7.0,6.0,6.0,14.63,0.92,60.98,1.0
27.0,19.0,9.21,7.88,3.0,19.0,15.0,7.0,11.75,0.86,68.71,1.0
36.0,9.0,13.77,4.84,3.0,9.0,0.0,3.0,16.21,0.82,85.74,2.0
24.0,5.0,5.62,4.78,3.0,16.0,8.0,5.0,7.22,0.62,56.61,1.0
26.0,14.0,10.01,6.62,3.0,10.0,25.0,2.0,14.63,0.61,37.36,1.0
39.0,17.0,8.91,6.98,6.0,11.0,18.0,6.0,10.38,1.4,53.795,1.0
39.0,17.0,5.94,7.16,1.0,9.0,14.0,7.0,8.83,1.12,13.97,0.0
25.0,14.0,6.76,5.47,2.0,16.0,8.0,3.0,12.02,0.1,69.41,1.0
26.0,17.0,7.82,7.11,2.0,2.0,20.0,9.0,11.16,1.14,26.76,0.0
37.0,17.0,7.75,4.94,6.0,6.0,27.0,8.0,9.35,1.69,52.64,1.0
24.0,19.0,6.44,6.46,5.0,2.0,19.0,9.0,10.11,0.09,54.64,1.0
39.0,8.0,8.31,4.34,4.0,16.0,27.0,7.0,13.28,1.01,96.14,2.0
22.0,1.0,8.73,7.74,2.0,9.0,21.0,5.0,12.15,1.7,44.43,1.0
26.0,7.0,11.44,6.53,2.0,18.0,0.0,1.0,14.27,0.01,76.24,2.0
32.0,19.0,11.65,5.19,4.0,13.0,25.0,9.0,13.82,0.55,93.86,2.0
33.0,1.0,5.59,6.78,1.0,4.0,0.0,6.0,6.96,1.02,24.41,0.0
26.0,10.0,9.93,5.77,7.0,18.0,15.0,8.0,11.84,0.16,100.0,2.0
24.0,6.0,12.96,8.19,5.0,12.0,4.0,8.0,16.17,1.21,84.33,2.0
41.0,5.0,5.09,6.64,2.0,17.0,20.0,8.0,9.11,1.01,55.04,1.0
24.0,9.0,8.73,4.15,0.0,9.0,26.0,8.0,13.24,0.3,65.08,1.0
42.0,4.0,11.5,8.93,2.0,11.0,8.0,5.0,15.67,0.08,75.25,2.0
21.0,10.0,10.11,4.37,7.0,7.0,0.0,0.0,11.61,1.01,39.1,1.0
40.0,0.0,5.01,7.48,4.0,11.0,18.0,5.0,9.1,1.02,35.87,1.0
41.0,1.0,7.97,6.19,4.0,0.0,15.0,4.0,11.3,0.35,33.51,0.0
25.0,0.0,9.07,5.25,5.0,17.0,2.0,6.0,11.95,1.38,59.77,1.0
34.0,18.0,13.96,7.38,5.0,1.0,3.0,7.0,17.25,1.09,64.05,1.0
40.0,1.0,5.79,4.63,3.0,11.0,11.0,0.0,6.82,0.72,24.64,0.0
29.0,19.0,13.82,8.29,1.0,18.0,28.0,9.0,15.09,1.33,83.96,2.0
42.0,3.0,7.76,5.25,7.0,6.0,6.0,3.0,10.86,0.38,43.07,1.0
43.0,11.0,6.0,5.81,4.0,6.0,14.0,3.0,7.69,0.91,43.66,1.0
24.0,17.0,10.14,4.01,0.0,17.0,14.0,3.0,12.56,0.92,80.51,2.0
20.0,0.0,6.13,6.36,3.0,7.0,25.0,5.0,10.76,0.8,27.19,0.0
32.0,10.0,6.91,8.47,1.0,9.0,4.0,5.0,11.71,1.48,22.08,0.0
37.0,3.0,13.99,5.94,5.0,14.0,24.0,1.0,18.59,1.28,82.39,2.0
32.0,4.0,7.18,7.3,2.0,14.0,22.0,6.0,12.12,1.78,53.12,1.0
40.0,10.0,5.49,8.68,0.0,3.0,1.0,7.0,9.31,1.99,12.49,0.0
40.0,12.0,11.93,4.94,0.0,9.0,11.0,8.0,16.77,1.13,68.16,1.0
37.0,15.0,10.0,6.66,6.0,7.0,18.0,8.0,13.57,0.7,77.26,2.0
24.0,12.0,5.0,5.17,0.0,13.0,26.0,3.0,9.24,1.56,25.43,0.0
32.0,1.0,13.47,8.27,0.0,12.0,22.0,2.0,15.0,0.28,65.53,1.0
23.0,15.0,4.78,7.61,6.0,16.0,4.0,4.0,8.51,1.03,30.57,0.0
36.0,5.0,10.25,8.01,4.0,6.0,22.0,5.0,14.97,1.05,46.4,1.0
22.0,13.0,8.24,8.72,1.0,5.0,24.0,7.0,11.4,1.97,34.64,0.0
36.0,0.0,9.57,5.16,2.0,8.0,24.0,2.0,11.32,1.98,44.34,1.0
30.0,16.0,6.13,4.24,4.0,19.0,2.0,5.0,9.24,1.6,58.51,1.0
40.0,10.0,10.88,5.45,1.0,19.0,23.0,4.0,14.71,0.95,85.27,2.0
39.0,18.0,13.6,6.0,3.0,7.0,28.0,6.0,17.68,1.09,68.77,1.0
42.0,2.0,8.58,7.13,0.0,13.0,5.0,8.0,11.67,0.64,43.71,1.0
40.0,10.0,9.23,7.99,2.0,19.0,12.0,6.0,11.1,1.66,76.22,2.0
23.0,4.0,6.4,5.75,1.0,2.0,19.0,5.0,11.11,1.49,12.51,0.0
21.0,16.0,12.92,6.37,7.0,12.0,14.0,8.0,17.01,1.54,100.0,2.0
35.0,9.0,11.86,5.13,0.0,8.0,19.0,3.0,16.11,0.8,66.24,1.0
37.0,10.0,9.43,5.09,3.0,10.0,6.0,0.0,11.82,1.07,39.59,1.0
32.0,2.0,13.57,6.95,4.0,5.0,21.0,7.0,15.82,0.25,90.35,2.0
22.0,19.0,5.54,6.18,3.0,11.0,17.0,5.0,9.99,0.74,36.83,1.0
28.0,9.0,8.78,8.74,4.0,3.0,20.0,5.0,13.27,0.17,34.35,0.0
39.0,9.0,9.38,5.79,3.0,3.0,20.0,4.0,11.97,1.92,16.58,0.0
25.0,13.0,8.92,7.8,4.0,16.0,21.0,9.0,9.96,1.5,56.7,1.0
29.0,11.0,12.02,6.92,7.0,6.0,6.0,2.0,13.77,1.24,65.8,1.0
40.0,14.0,10.7,4.27,5.0,5.0,11.0,5.0,15.34,0.41,62.7,1.0
29.0,9.0,5.27,4.42,4.0,19.0,10.0,0.0,9.86,0.67,31.7,0.0
32.0,9.0,7.46,5.02,6.0,7.0,23.0,6.0,10.27,0.29,53.53,1.0
36.0,18.0,7.39,4.72,6.0,6.0,11.0,5.0,9.61,1.07,57.1,1.0
28.0,0.0,9.66,5.65,3.0,7.0,25.0,4.0,11.87,1.64,37.54,1.0
36.0,9.0,6.91,6.89,1.0,8.0,29.0,2.0,11.5,0.04,41.15,1.0
43.0,1.0,5.17,7.01,3.0,0.0,14.0,7.0,7.47,0.21,18.25,0.0
28.0,16.0,10.54,6.94,3.0,2.0,7.0,3.0,13.59,0.46,37.79,1.0
28.0,6.0,12.51,4.59,1.0,17.0,10.0,8.0,16.43,1.43,89.29,2.0
20.0,6.0,13.32,7.0,0.0,18.0,20.0,8.0,15.16,1.79,70.85,2.0
21.0,19.0,13.73,6.05,2.0,10.0,17.0,4.0,15.75,1.51,69.79,1.0
35.0,8.0,11.81,8.52,5.0,15.0,9.0,6.0,14.24,1.05,76.75,2.0
20.0,1.0,5.4,8.56,7.0,17.0,14.0,5.0,9.02,0.21,53.795,1.0
37.0,16.0,8.0,7.52,3.0,1.0,2.0,3.0,11.19,0.21,9.32,0.0
27.0,0.0,11.3,4.57,0.0,3.0,19.0,9.0,12.83,0.7,84.65,2.0
40.0,8.0,9.31,4.42,2.0,4.0,11.0,7.0,12.09,0.62,60.37,1.0
30.0,19.0,12.29,6.46,6.0,13.0,16.0,9.0,13.8,0.72,89.06,2.0
42.0,18.0,8.26,6.14,0.0,0.0,2.0,2.0,9.61,0.66,29.72,0.0
21.0,3.0,4.62,6.26,2.0,13.0,19.0,4.0,7.98,1.54,22.37,0.0
27.0,7.0,9.57,8.24,7.0,12.0,17.0,0.0,14.39,0.34,39.57,1.0
27.0,3.0,13.66,4.9,7.0,3.0,11.0,8.0,17.76,1.72,100.0,2.0
36.0,8.0,9.27,5.06,4.0,5.0,21.0,3.0,13.18,0.98,33.82,0.0
34.0,8.0,9.54,4.03,3.0,8.0,14.0,8.0,14.13,0.21,75.88,2.0
36.0,17.0,13.07,7.55,2.0,0.0,15.0,6.0,17.08,1.15,54.43,1.0
42.0,11.0,10.25,6.43,5.0,16.0,27.0,9.0,13.76,1.64,90.38,2.0
43.0,9.0,7.03,8.75,3.0,3.0,21.0,7.0,9.49,0.58,26.68,0.0
32.0,10.0,6.96,7.57,4.0,5.0,9.0,8.0,8.36,1.68,28.43,0.0
32.0,6.0,9.02,4.52,6.0,15.0,18.0,0.0,11.86,1.35,41.04,1.0
24.0,8.0,12.67,4.81,0.0,6.0,8.0,6.0,17.37,1.97,83.85,2.0
31.0,5.0,11.95,6.51,3.0,4.0,14.0,7.0,15.28,1.65,75.92,2.0
20.0,18.0,13.63,8.62,0.0,8.0,19.0,1.0,15.37,0.4,43.45,1.0
42.0,15.0,4.72,6.46,0.0,18.0,13.0,9.0,8.32,0.9,60.71,1.0
24.0,14.0,6.68,8.13,3.0,0.0,21.0,8.0,9.54,0.21,23.11,0.0
27.0,6.0,4.8,5.56,2.0,7.0,3.0,0.0,9.53,0.14,15.43,0.0
32.0,15.0,11.51,5.35,2.0,19.0,14.0,2.0,13.15,1.41,75.02,2.0
27.0,4.0,5.41,8.51,3.0,3.0,19.0,8.0,9.26,1.83,7.06,0.0
44.0,15.0,5.0,4.24,2.0,16.0,26.0,0.0,8.73,1.95,32.92,0.0
42.0,0.0,9.62,7.3,1.0,0.0,1.0,3.0,14.55,0.54,27.69,0.0
30.0,18.0,8.11,4.22,4.0,1.0,25.0,9.0,11.37,0.4,33.63,0.0
20.0,4.0,11.15,8.0,3.0,13.0,17.0,5.0,15.64,1.12,57.31,1.0
32.0,6.0,8.87,8.15,5.0,1.0,1.0,5.0,9.97,0.4,53.795,0.0
38.0,18.0,8.25,8.47,4.0,0.0,17.0,3.0,9.74,0.59,53.795,0.0
43.0,4.0,8.26,4.93,7.0,12.0,7.0,9.0,10.64,1.67,75.22,2.0
22.0,16.0,12.72,4.62,6.0,7.0,9.0,9.0,16.2,1.62,87.84,2.0
43.0,7.0,7.95,6.52,3.0,9.0,19.0,9.0,10.75,1.79,51.62,1.0
36.0,0.0,7.33,5.36,3.0,19.0,3.0,9.0,9.14,0.96,100.0,2.0
24.0,1.0,7.39,7.03,0.0,1.0,9.0,0.0,10.75,1.13,7.71,0.0
39.0,14.0,5.97,6.57,4.0,16.0,9.0,4.0,9.24,1.54,51.14,1.0
40.0,19.0,12.61,4.72,0.0,5.0,26.0,4.0,12.02,0.48,64.39,1.0
27.0,17.0,5.47,7.7,5.0,2.0,29.0,2.0,6.83,1.65,0.0,0.0
33.0,10.0,13.09,8.02,6.0,19.0,2.0,2.0,12.02,0.04,87.4,2.0
23.0,9.0,6.83,8.82,7.0,16.0,20.0,3.0,10.2,1.6,45.38,1.0
30.0,3.0,12.99,5.98,7.0,5.0,3.0,2.0,15.05,1.55,70.13,2.0
39.0,4.0,11.91,5.69,2.0,7.0,22.0,2.0,15.66,0.6,46.18,1.0
34.0,3.0,9.82,4.96,3.0,13.0,9.0,2.0,12.09,1.46,53.77,1.0
38.0,12.0,10.69,4.9,0.0,9.0,6.0,6.0,13.71,0.43,56.32,1.0
26.0,12.0,7.26,5.61,7.0,19.0,21.0,8.0,9.62,1.15,76.91,2.0
38.0,17.0,9.74,8.91,6.0,9.0,22.0,0.0,14.26,1.4,32.59,0.0
38.0,1.0,6.92,4.46,5.0,14.0,11.0,5.0,11.9,1.43,56.13,1.0
30.0,15.0,8.02,5.3,5.0,7.0,6.0,9.0,12.02,1.97,67.81,1.0
24.0,0.0,11.65,4.43,6.0,10.0,12.0,0.0,12.74,0.36,60.36,1.0
24.0,18.0,6.44,5.37,7.0,15.0,7.0,8.0,8.32,0.96,80.31,2.0
41.0,8.0,12.39,4.46,7.0,2.0,26.0,7.0,15.75,1.76,69.35,1.0
27.0,2.0,7.76,6.54,4.0,14.0,12.0,5.0,12.02,1.12,46.85,1.0
29.0,6.0,9.32,6.19,3.0,12.0,0.0,5.0,13.57,1.75,66.18,1.0
25.0,9.0,13.42,4.87,5.0,10.0,15.0,9.0,16.05,0.87,100.0,2.0
34.0,0.0,10.81,4.87,6.0,13.0,18.0,6.0,14.25,1.59,86.82,2.0
35.0,9.0,10.46,7.13,2.0,6.0,27.0,7.0,13.28,1.74,34.44,0.0
36.0,8.0,11.12,5.94,7.0,18.0,18.0,6.0,15.73,1.69,100.0,2.0
27.0,14.0,13.18,4.28,0.0,14.0,20.0,0.0,14.32,1.74,82.43,2.0
27.0,14.0,6.49,8.6,0.0,5.0,25.0,9.0,10.41,0.44,29.89,0.0
44.0,2.0,10.13,6.02,1.0,19.0,29.0,3.0,13.74,0.88,61.2,1.0
28.0,4.0,8.0,6.96,2.0,6.0,12.0,3.0,11.6,0.35,53.795,0.0
21.0,8.0,4.12,8.43,5.0,13.0,28.0,8.0,6.78,0.36,41.73,1.0
34.0,8.0,5.25,6.01,6.0,3.0,6.0,8.0,6.31,0.98,28.04,0.0
37.0,6.0,7.25,8.1,1.0,8.0,14.0,2.0,12.02,1.92,15.69,0.0
22.0,11.0,9.65,8.57,5.0,6.0,25.0,8.0,13.97,1.18,48.15,1.0
36.0,8.0,12.81,4.87,5.0,14.0,5.0,4.0,14.15,1.71,72.3,2.0
23.0,5.0,11.91,8.46,3.0,2.0,3.0,5.0,14.68,1.87,34.26,0.0
23.0,1.0,9.53,4.6,4.0,4.0,21.0,6.0,11.18,0.17,62.91,1.0
33.0,8.0,4.74,5.38,6.0,16.0,22.0,2.0,8.18,0.32,41.11,1.0
28.0,16.0,6.86,8.04,5.0,0.0,19.0,3.0,11.0,0.58,14.37,0.0
28.0,0.0,7.67,8.5,0.0,0.0,10.0,4.0,11.34,1.23,18.8,0.0
44.0,18.0,10.22,7.42,5.0,15.0,23.0,0.0,12.49,0.12,52.96,1.0
42.0,5.0,4.65,4.52,1.0,13.0,20.0,7.0,6.21,1.57,36.69,1.0
37.0,4.0,9.3,6.61,6.0,10.0,18.0,6.0,13.48,0.13,70.28,2.0
29.0,1.0,13.01,6.86,7.0,13.0,1.0,1.0,15.31,0.32,90.3,2.0
40.0,8.0,11.05,5.41,5.0,7.0,16.0,6.0,12.14,0.76,75.8,2.0
23.0,13.0,11.97,8.96,6.0,18.0,14.0,8.0,15.26,1.12,83.36,2.0
31.0,3.0,10.82,5.68,7.0,1.0,19.0,4.0,12.81,1.76,43.5,1.0
27.0,3.0,6.07,5.05,7.0,9.0,17.0,5.0,10.43,1.93,42.29,1.0
21.0,14.0,5.1,4.55,0.0,4.0,11.0,4.0,6.67,1.77,14.83,0.0
41.0,7.0,12.29,5.89,0.0,14.0,2.0,0.0,15.03,0.21,89.47,2.0
32.0,3.0,10.96,7.46,1.0,0.0,16.0,5.0,12.97,1.26,36.58,1.0
40.0,15.0,9.75,5.16,0.0,1.0,13.0,6.0,13.51,0.88,61.59,1.0
35.0,3.0,5.89,7.85,2.0,18.0,28.0,4.0,9.08,0.25,57.0,1.0
21.0,15.0,10.03,6.46,2.0,16.0,5.0,2.0,14.19,1.11,42.56,1.0
30.0,11.0,4.31,6.2,4.0,14.0,3.0,5.0,7.14,0.71,39.07,1.0
29.0,15.0,5.19,7.51,6.0,17.0,20.0,6.0,6.21,0.69,55.73,1.0
34.0,18.0,7.12,4.68,2.0,7.0,7.0,9.0,8.98,0.19,62.56,1.0
36.0,7.0,8.44,6.99,1.0,9.0,26.0,9.0,13.44,1.96,60.08,1.0
27.0,5.0,5.21,6.46,5.0,7.0,19.0,8.0,7.83,1.45,17.58,0.0
42.0,4.0,11.26,6.56,4.0,18.0,2.0,2.0,15.88,1.83,70.43,2.0
28.0,17.0,9.7,8.19,6.0,12.0,7.0,0.0,10.78,1.9,38.15,1.0
44.0,9.0,9.34,8.93,3.0,4.0,12.0,6.0,12.98,1.62,47.58,1.0
27.0,9.0,8.52,4.91,3.0,9.0,18.0,7.0,10.67,1.32,61.38,1.0
33.0,6.0,13.77,7.46,7.0,6.0,14.0,0.0,15.89,0.75,68.92,1.0
44.0,17.0,4.5,4.4,1.0,8.0,22.0,4.0,6.4,0.87,37.02,1.0
37.0,0.0,5.81,4.21,4.0,13.0,6.0,7.0,10.1,0.91,61.94,1.0
41.0,6.0,10.48,5.4,2.0,5.0,2.0,9.0,12.97,1.9,73.32,2.0
32.0,0.0,5.36,8.85,4.0,9.0,18.0,6.0,6.63,1.52,23.13,0.0
39.0,14.0,9.89,6.76,0.0,0.0,25.0,1.0,11.28,0.58,21.96,0.0
40.0,3.0,9.68,5.34,4.0,10.0,9.0,3.0,11.27,1.25,58.45,1.0
31.0,19.0,13.71,4.66,7.0,7.0,27.0,5.0,18.31,1.19,78.48,2.0
38.0,9.0,12.83,8.6,2.0,5.0,26.0,6.0,15.54,1.62,42.03,1.0
33.0,8.0,13.46,5.81,1.0,16.0,15.0,6.0,18.12,0.19,82.21,2.0
36.0,1.0,5.14,5.53,0.0,3.0,13.0,2.0,9.41,1.4,0.0,0.0
43.0,13.0,12.68,8.29,4.0,5.0,7.0,7.0,17.03,0.66,64.56,1.0
40.0,15.0,5.29,7.02,3.0,14.0,10.0,6.0,7.44,0.26,52.12,1.0
22.0,0.0,10.33,4.84,7.0,9.0,18.0,3.0,12.42,1.46,53.39,1.0
42.0,1.0,11.2,6.11,2.0,16.0,1.0,9.0,14.44,0.66,91.79,2.0
26.0,10.0,5.61,8.64,1.0,9.0,4.0,3.0,8.28,1.46,12.62,0.0
36.0,9.0,10.33,8.51,5.0,4.0,10.0,3.0,13.37,0.32,52.28,1.0
31.0,19.0,4.52,4.35,7.0,18.0,6.0,4.0,5.73,1.97,52.3,1.0
28.0,0.0,6.93,5.34,2.0,6.0,7.0,1.0,11.82,1.61,40.09,1.0
34.0,12.0,13.21,4.77,4.0,18.0,16.0,8.0,14.44,0.58,100.0,2.0
37.0,0.0,5.72,6.67,6.0,9.0,11.0,5.0,7.44,1.48,36.19,1.0
40.0,4.0,4.65,7.75,1.0,18.0,17.0,7.0,8.36,1.02,44.42,1.0
32.0,15.0,8.44,5.48,3.0,10.0,28.0,0.0,10.06,1.31,48.59,1.0
40.0,14.0,12.51,7.79,0.0,2.0,6.0,5.0,13.94,0.12,53.795,1.0
27.0,16.0,4.77,7.34,4.0,10.0,8.0,5.0,6.38,0.67,34.52,0.0
33.0,15.0,7.56,7.64,1.0,5.0,18.0,7.0,8.81,1.96,25.33,0.0
27.0,12.0,13.0,8.74,0.0,9.0,13.0,5.0,15.01,0.24,33.27,0.0
33.0,10.0,5.18,6.12,6.0,14.0,23.0,4.0,7.26,1.19,35.24,1.0
26.0,16.0,7.11,5.71,1.0,2.0,29.0,2.0,10.1,0.14,37.7,1.0
42.0,16.0,11.78,7.42,5.0,10.0,25.0,5.0,14.53,1.34,63.57,1.0
31.0,1.0,9.43,8.04,4.0,7.0,18.0,8.0,12.32,0.56,59.54,1.0
30.0,12.0,12.32,4.96,1.0,7.0,19.0,9.0,15.78,0.62,86.57,2.0
41.0,13.0,5.12,8.23,3.0,15.0,17.0,2.0,7.04,0.68,44.85,1.0
41.0,10.0,13.21,4.29,6.0,2.0,24.0,8.0,14.75,0.41,81.25,2.0
30.0,9.0,13.35,4.03,1.0,9.0,29.0,8.0,17.87,1.88,58.2,1.0
44.0,2.0,5.55,4.79,7.0,7.0,14.0,0.0,9.09,1.81,28.45,0.0
41.0,16.0,4.34,8.89,4.0,12.0,20.0,1.0,5.58,1.74,17.43,0.0
32.0,10.0,13.9,6.62,1.0,0.0,20.0,3.0,18.74,0.21,47.56,1.0
37.0,8.0,8.82,4.23,7.0,9.0,3.0,6.0,12.59,0.47,80.31,2.0
21.0,9.0,9.72,8.99,0.0,4.0,12.0,1.0,11.33,1.22,17.55,0.0
40.0,7.0,10.16,7.72,7.0,4.0,4.0,6.0,15.04,1.94,46.71,1.0
34.0,12.0,11.9,8.19,0.0,16.0,11.0,4.0,14.36,1.21,77.95,2.0
39.0,10.0,12.12,5.06,6.0,13.0,29.0,9.0,17.06,0.65,98.9,2.0
37.0,4.0,5.94,4.53,5.0,5.0,16.0,6.0,7.35,1.63,58.0,1.0
34.0,5.0,6.37,6.58,2.0,13.0,9.0,8.0,8.01,1.02,58.51,1.0
38.0,16.0,12.77,7.86,6.0,11.0,29.0,8.0,16.4,1.76,73.29,2.0
42.0,10.0,12.2,7.19,5.0,19.0,25.0,2.0,13.29,1.95,57.43,1.0
43.0,19.0,10.18,7.16,6.0,0.0,11.0,2.0,11.25,1.94,42.47,1.0
31.0,15.0,13.95,7.79,2.0,4.0,5.0,6.0,18.12,0.3,76.64,2.0
32.0,8.0,11.35,5.14,3.0,17.0,26.0,4.0,13.02,1.1,90.65,2.0
41.0,1.0,6.16,7.31,0.0,13.0,19.0,4.0,10.84,1.17,46.56,1.0
30.0,4.0,8.99,5.96,2.0,6.0,27.0,4.0,15.17,0.39,82.53,2.0
24.0,0.0,8.15,4.35,1.0,14.0,19.0,8.0,12.64,1.09,50.51,1.0
20.0,3.0,4.36,5.01,3.0,8.0,11.0,3.0,7.03,1.29,8.61,0.0
43.0,10.0,7.21,7.97,4.0,14.0,12.0,5.0,10.33,0.66,49.06,1.0
22.0,2.0,11.64,8.48,2.0,15.0,20.0,5.0,13.91,0.63,79.92,2.0
41.0,8.0,13.6,5.41,6.0,8.0,29.0,6.0,17.23,0.12,94.65,2.0
38.0,11.0,6.76,4.95,5.0,9.0,16.0,1.0,9.03,1.91,32.36,0.0
42.0,9.0,6.47,4.13,2.0,6.0,19.0,5.0,8.36,1.61,34.33,0.0
26.0,1.0,9.64,8.74,5.0,16.0,9.0,8.0,10.96,1.52,63.18,1.0
31.0,10.0,12.12,7.42,6.0,10.0,18.0,2.0,13.35,0.04,67.75,1.0
34.0,9.0,11.47,8.79,6.0,5.0,4.0,1.0,13.69,1.25,38.4,1.0
24.0,17.0,10.31,5.7,4.0,14.0,4.0,0.0,12.13,1.32,56.44,1.0
34.0,1.0,6.42,4.56,3.0,7.0,7.0,7.0,8.62,1.24,48.56,1.0
27.0,1.0,8.33,6.5,5.0,3.0,29.0,4.0,12.95,1.7,39.57,1.0
29.0,9.0,6.55,4.13,0.0,0.0,16.0,8.0,10.11,0.51,36.56,1.0
35.0,15.0,12.84,4.75,0.0,5.0,2.0,8.0,17.52,0.05,85.81,2.0
27.0,11.0,5.13,5.17,5.0,0.0,20.0,3.0,9.77,1.83,3.78,0.0
20.0,0.0,10.8,7.33,3.0,4.0,15.0,0.0,12.05,1.82,15.44,0.0
31.0,7.0,6.6,6.55,1.0,18.0,26.0,4.0,11.42,0.91,48.88,1.0
24.0,15.0,8.76,5.51,6.0,4.0,18.0,6.0,9.96,0.16,66.61,1.0
22.0,17.0,6.99,6.82,2.0,4.0,5.0,8.0,11.69,1.0,35.05,1.0
20.0,12.0,7.23,4.63,0.0,16.0,9.0,9.0,10.42,1.05,91.72,2.0
23.0,14.0,6.6,7.78,2.0,11.0,15.0,8.0,9.73,1.64,33.49,0.0
27.0,11.0,11.53,7.56,3.0,6.0,12.0,8.0,15.38,1.43,60.32,1.0
22.0,7.0,7.66,5.08,1.0,14.0,2.0,5.0,12.18,0.14,43.92,1.0
29.0,9.0,11.26,7.03,7.0,18.0,21.0,1.0,14.73,1.41,88.91,2.0
21.0,13.0,8.56,6.52,4.0,12.0,7.0,4.0,11.26,0.27,58.17,1.0
30.0,4.0,9.47,4.3,6.0,11.0,19.0,2.0,10.92,0.18,45.71,1.0
44.0,17.0,9.43,5.39,6.0,18.0,7.0,5.0,13.59,0.8,81.43,2.0
29.0,18.0,13.76,9.0,1.0,12.0,6.0,4.0,15.27,1.02,44.32,1.0
40.0,14.0,7.67,4.5,7.0,5.0,26.0,9.0,11.58,1.66,75.24,2.0
33.0,5.0,6.08,6.46,3.0,0.0,10.0,0.0,9.19,0.93,0.0,0.0
26.0,10.0,13.12,8.25,1.0,5.0,28.0,9.0,15.66,1.17,66.16,1.0
21.0,10.0,5.75,5.5,6.0,12.0,19.0,9.0,9.2,1.15,56.59,1.0
28.0,19.0,12.34,5.3,4.0,12.0,2.0,1.0,16.43,1.96,63.7,1.0
35.0,19.0,8.99,8.45,0.0,12.0,20.0,4.0,10.26,1.83,28.58,0.0
32.0,17.0,10.59,5.52,1.0,19.0,20.0,5.0,12.65,1.7,73.32,2.0
28.0,17.0,5.51,7.26,5.0,3.0,29.0,0.0,10.3,0.77,16.23,0.0
39.0,9.0,13.23,7.7,5.0,4.0,6.0,6.0,18.07,0.29,41.77,1.0
23.0,1.0,9.65,7.94,3.0,9.0,10.0,2.0,13.9,1.18,33.86,0.0
41.0,8.0,7.29,8.97,6.0,8.0,16.0,0.0,11.82,0.88,24.69,0.0
29.0,13.0,5.4,8.02,6.0,16.0,24.0,6.0,9.17,0.45,47.48,1.0
41.0,18.0,7.71,7.29,1.0,2.0,17.0,6.0,8.87,0.2,44.13,1.0
31.0,9.0,11.05,8.48,4.0,19.0,24.0,9.0,14.35,0.87,98.35,2.0
36.0,3.0,7.85,8.53,3.0,17.0,8.0,2.0,11.84,1.3,58.26,1.0
33.0,5.0,6.46,8.87,1.0,14.0,12.0,5.0,11.23,1.25,36.56,1.0
33.0,13.0,9.77,7.88,3.0,0.0,28.0,3.0,13.05,1.55,17.15,0.0
21.0,14.0,5.66,7.55,7.0,5.0,14.0,8.0,9.48,0.64,32.35,0.0
40.0,15.0,5.54,4.38,4.0,17.0,18.0,6.0,7.66,1.08,61.88,1.0
44.0,6.0,11.07,5.59,0.0,0.0,14.0,5.0,12.69,1.95,42.32,1.0
32.0,16.0,13.75,4.58,4.0,6.0,6.0,8.0,17.75,0.09,86.93,2.0
30.0,18.0,6.33,8.75,0.0,9.0,2.0,2.0,8.27,1.06,39.24,1.0
35.0,18.0,11.73,5.69,6.0,5.0,23.0,3.0,12.02,0.66,70.8,2.0
38.0,16.0,4.88,7.57,2.0,6.0,7.0,8.0,8.46,0.21,23.88,0.0
42.0,5.0,7.82,6.86,7.0,5.0,12.0,3.0,11.98,0.87,49.89,1.0
25.0,10.0,9.07,4.54,5.0,7.0,15.0,6.0,12.4,1.28,79.12,2.0
43.0,15.0,6.69,6.81,6.0,1.0,2.0,8.0,11.23,1.06,23.83,0.0
38.0,7.0,9.3,7.31,5.0,8.0,20.0,3.0,11.15,0.06,64.76,1.0
24.0,10.0,12.83,8.41,7.0,8.0,22.0,8.0,12.02,1.16,66.09,1.0
23.0,6.0,13.44,4.35,5.0,6.0,0.0,6.0,16.99,0.46,87.41,2.0
34.0,18.0,5.01,5.48,4.0,8.0,2.0,3.0,12.02,0.68,34.48,0.0
23.0,9.0,6.72,7.46,0.0,16.0,15.0,5.0,9.88,0.62,32.07,0.0
39.0,8.0,13.79,4.17,2.0,2.0,0.0,5.0,14.83,1.72,60.05,1.0
29.0,3.0,6.7,5.02,7.0,15.0,17.0,2.0,10.41,0.1,54.36,1.0
43.0,14.0,10.93,5.09,2.0,15.0,13.0,6.0,15.18,1.02,77.39,2.0
41.0,12.0,6.53,6.46,2.0,1.0,29.0,0.0,8.64,0.79,0.0,0.0
22.0,1.0,7.56,6.46,6.0,10.0,6.0,6.0,8.78,1.24,71.01,2.0
24.0,1.0,5.91,7.0,3.0,15.0,22.0,2.0,8.98,1.58,20.95,0.0
25.0,15.0,12.56,8.83,4.0,14.0,2.0,8.0,13.73,1.46,98.16,2.0
40.0,8.0,12.83,7.97,4.0,0.0,28.0,5.0,15.49,1.51,46.38,1.0
41.0,12.0,6.97,5.66,6.0,9.0,21.0,6.0,8.04,0.38,51.36,1.0
27.0,2.0,12.24,6.36,5.0,2.0,15.0,8.0,14.14,1.82,72.39,2.0
26.0,8.0,7.58,5.0,4.0,18.0,28.0,5.0,10.14,0.83,68.87,1.0
40.0,12.0,4.99,4.08,4.0,19.0,5.0,5.0,6.44,0.02,69.6,1.0
29.0,1.0,11.58,5.45,3.0,6.0,17.0,1.0,13.04,1.34,46.99,1.0
25.0,7.0,9.96,5.85,4.0,10.0,28.0,5.0,14.27,1.21,55.61,1.0
33.0,8.0,6.74,6.82,0.0,17.0,24.0,5.0,7.91,0.25,67.04,1.0
23.0,15.0,6.53,8.72,6.0,13.0,12.0,1.0,10.29,1.92,21.36,0.0
44.0,1.0,13.76,8.74,2.0,15.0,23.0,6.0,18.02,1.12,67.0,1.0
32.0,5.0,12.63,4.35,3.0,5.0,1.0,8.0,14.15,0.94,73.96,2.0
39.0,7.0,12.1,7.07,3.0,1.0,11.0,9.0,13.88,0.8,53.29,1.0
36.0,4.0,5.28,4.21,5.0,10.0,3.0,3.0,8.85,0.42,57.23,1.0
42.0,8.0,11.55,7.24,4.0,10.0,8.0,4.0,13.81,1.91,61.25,1.0
26.0,0.0,6.15,4.59,2.0,9.0,14.0,5.0,9.06,1.02,27.72,0.0
23.0,8.0,13.77,8.73,6.0,3.0,22.0,0.0,18.11,1.14,35.67,1.0
33.0,9.0,4.52,6.46,0.0,16.0,4.0,7.0,6.07,1.26,31.57,0.0
22.0,3.0,7.52,4.11,7.0,9.0,9.0,8.0,11.0,1.68,50.33,1.0
43.0,2.0,8.29,7.91,6.0,8.0,5.0,0.0,13.06,1.27,20.38,0.0
24.0,9.0,12.24,7.18,7.0,12.0,0.0,3.0,13.47,0.23,81.57,2.0
35.0,14.0,11.66,6.48,2.0,10.0,19.0,5.0,12.9,1.39,82.58,2.0
42.0,10.0,7.75,7.01,6.0,9.0,4.0,9.0,10.97,1.13,43.68,1.0
39.0,13.0,9.66,7.39,1.0,4.0,5.0,0.0,14.5,1.93,46.36,1.0
23.0,5.0,12.36,8.42,2.0,2.0,21.0,2.0,14.24,1.47,38.52,1.0
43.0,11.0,4.18,7.84,0.0,3.0,20.0,6.0,6.5,0.69,0.0,0.0
43.0,12.0,12.02,6.88,0.0,2.0,18.0,7.0,13.41,0.27,71.5,2.0
37.0,15.0,4.32,8.93,3.0,12.0,14.0,4.0,5.5,1.36,29.54,0.0
38.0,2.0,4.46,5.5,6.0,4.0,1.0,0.0,7.02,0.35,26.8,0.0
38.0,1.0,7.45,4.59,3.0,12.0,14.0,0.0,10.67,1.3,53.14,1.0
36.0,10.0,4.88,7.66,1.0,0.0,6.0,7.0,9.78,1.65,0.0,0.0
33.0,8.0,8.99,8.89,2.0,10.0,16.0,4.0,13.06,0.31,50.91,1.0
41.0,17.0,9.67,6.16,5.0,16.0,11.0,0.0,11.58,0.14,70.82,2.0
43.0,19.0,5.96,4.31,1.0,18.0,4.0,1.0,7.31,0.02,46.71,1.0
32.0,14.0,10.55,7.88,6.0,12.0,19.0,3.0,13.96,0.07,59.41,1.0
31.0,13.0,10.85,8.74,4.0,15.0,6.0,9.0,13.93,1.26,72.2,2.0
25.0,1.0,13.32,6.49,7.0,17.0,1.0,6.0,16.39,1.95,100.0,2.0
40.0,16.0,5.47,6.05,6.0,19.0,26.0,3.0,6.91,1.54,53.61,1.0
23.0,7.0,10.92,8.54,4.0,18.0,12.0,7.0,13.9,0.51,77.5,2.0
38.0,9.0,13.11,4.67,1.0,5.0,23.0,6.0,14.71,0.14,72.8,2.0
35.0,17.0,9.02,8.46,2.0,6.0,8.0,4.0,11.71,1.23,45.62,1.0
32.0,18.0,7.62,5.96,5.0,14.0,28.0,6.0,8.87,0.01,75.15,2.0
23.0,7.0,5.71,6.8,4.0,4.0,14.0,5.0,10.14,1.59,34.98,0.0
42.0,7.0,12.67,6.64,3.0,15.0,27.0,2.0,13.72,0.49,79.0,2.0
36.0,2.0,7.94,7.08,3.0,5.0,25.0,2.0,12.7,0.6,41.1,1.0
42.0,2.0,13.25,8.71,1.0,2.0,14.0,1.0,17.7,0.69,26.38,0.0
39.0,3.0,9.74,4.96,6.0,2.0,19.0,3.0,10.96,0.57,41.68,1.0
36.0,16.0,4.27,5.67,4.0,15.0,20.0,1.0,7.84,1.08,34.08,0.0
34.0,13.0,6.63,6.44,1.0,15.0,24.0,6.0,11.03,0.93,49.99,1.0
44.0,8.0,10.78,6.6,5.0,14.0,2.0,2.0,14.12,0.53,77.86,2.0
41.0,11.0,7.53,8.89,3.0,8.0,29.0,9.0,10.11,0.18,38.89,1.0
32.0,4.0,12.09,8.92,1.0,19.0,0.0,0.0,14.83,1.08,76.55,2.0
20.0,10.0,6.36,6.99,4.0,1.0,26.0,1.0,11.01,0.37,0.0,0.0
36.0,19.0,8.61,8.39,7.0,5.0,18.0,4.0,11.76,0.83,33.94,0.0
25.0,2.0,8.73,9.0,4.0,13.0,19.0,8.0,10.1,0.37,83.51,2.0
23.0,14.0,7.41,8.25,3.0,8.0,12.0,3.0,12.16,1.76,11.4,0.0
32.0,13.0,13.55,7.28,7.0,9.0,14.0,5.0,15.29,0.65,76.46,2.0
35.0,10.0,10.97,8.23,6.0,17.0,12.0,2.0,15.54,1.55,58.4,1.0
34.0,19.0,9.39,4.41,7.0,14.0,17.0,8.0,14.27,1.9,61.61,1.0
34.0,7.0,9.11,7.17,7.0,3.0,16.0,1.0,13.62,1.88,29.37,0.0
25.0,3.0,5.59,5.08,0.0,4.0,0.0,7.0,9.3,1.05,35.82,1.0
34.0,11.0,7.72,4.58,0.0,5.0,14.0,2.0,11.69,1.97,30.84,0.0
33.0,7.0,10.73,8.46,5.0,14.0,23.0,7.0,14.53,1.31,66.31,1.0
30.0,5.0,13.25,7.2,2.0,19.0,3.0,2.0,16.09,0.26,64.32,1.0
26.0,14.0,12.16,5.22,3.0,1.0,27.0,5.0,14.26,1.78,40.99,1.0
28.0,11.0,7.0,5.93,2.0,15.0,1.0,7.0,9.14,0.94,52.49,1.0
35.0,15.0,8.34,8.87,5.0,4.0,25.0,9.0,12.26,0.31,52.14,1.0
24.0,15.0,4.83,8.31,6.0,3.0,18.0,3.0,8.33,1.58,4.22,0.0
44.0,19.0,5.02,6.46,3.0,0.0,7.0,8.0,8.36,1.25,36.42,1.0
39.0,19.0,8.7,8.9,4.0,7.0,21.0,8.0,12.31,1.76,25.64,0.0
29.0,3.0,9.3,5.84,6.0,9.0,15.0,5.0,13.4,1.65,65.97,1.0
37.0,10.0,6.64,7.48,3.0,14.0,7.0,0.0,10.63,0.64,38.93,1.0
22.0,12.0,10.43,7.56,1.0,1.0,9.0,8.0,11.85,0.51,36.06,1.0
32.0,8.0,11.03,8.56,7.0,18.0,15.0,8.0,13.48,1.47,80.05,2.0
30.0,3.0,6.99,8.43,2.0,11.0,4.0,6.0,9.05,1.15,35.91,1.0
36.0,11.0,11.58,5.41,3.0,9.0,18.0,8.0,14.73,0.14,94.03,2.0
41.0,8.0,6.06,7.22,7.0,11.0,5.0,7.0,7.31,0.36,53.34,1.0
32.0,12.0,9.44,5.97,2.0,19.0,9.0,8.0,13.49,0.3,90.84,2.0
25.0,15.0,12.04,6.63,6.0,8.0,23.0,8.0,13.47,1.18,79.42,2.0
36.0,5.0,9.37,6.77,5.0,7.0,29.0,6.0,11.46,0.17,69.7,1.0
32.0,9.0,13.08,5.98,3.0,1.0,4.0,5.0,17.21,0.42,63.73,1.0
38.0,12.0,4.59,6.32,0.0,6.0,20.0,1.0,5.8,1.09,0.0,0.0
40.0,6.0,9.88,5.04,2.0,3.0,18.0,6.0,13.52,0.27,52.98,1.0
38.0,18.0,9.62,7.04,7.0,18.0,18.0,0.0,14.32,0.5,77.18,2.0
29.0,18.0,10.6,7.79,4.0,7.0,12.0,5.0,14.07,1.81,52.76,1.0
33.0,12.0,11.26,8.89,7.0,2.0,14.0,6.0,15.43,0.61,71.2,2.0
38.0,12.0,11.9,4.29,7.0,4.0,7.0,1.0,13.79,1.75,52.27,1.0
24.0,1.0,6.89,6.95,3.0,19.0,10.0,3.0,10.21,0.5,66.2,1.0
24.0,9.0,7.87,6.92,4.0,7.0,0.0,1.0,10.11,1.18,44.69,1.0
39.0,12.0,10.27,4.18,7.0,1.0,3.0,3.0,12.27,0.74,66.33,1.0
36.0,8.0,9.53,5.12,6.0,9.0,24.0,2.0,11.3,1.5,46.68,1.0
40.0,0.0,13.61,8.53,4.0,15.0,14.0,1.0,16.95,1.02,82.01,2.0
29.0,13.0,5.87,6.72,2.0,3.0,21.0,1.0,10.05,0.5,15.25,0.0
24.0,15.0,7.51,6.18,6.0,13.0,29.0,2.0,12.01,1.22,37.43,1.0
23.0,19.0,9.73,6.08,3.0,2.0,25.0,9.0,12.44,1.49,52.97,1.0
25.0,14.0,12.68,8.44,2.0,9.0,26.0,3.0,15.17,1.07,45.25,1.0
23.0,0.0,13.29,5.84,3.0,12.0,26.0,6.0,17.04,1.02,87.81,2.0
26.0,16.0,7.36,8.3,4.0,4.0,12.0,3.0,11.48,0.84,32.25,0.0
26.0,12.0,4.67,5.55,6.0,16.0,6.0,6.0,6.68,1.59,66.42,1.0
37.0,14.0,8.22,6.66,3.0,16.0,26.0,3.0,10.41,1.17,54.82,1.0
22.0,15.0,7.94,4.72,5.0,10.0,6.0,2.0,11.07,0.39,45.67,1.0
20.0,15.0,13.86,8.13,3.0,18.0,5.0,7.0,16.64,1.78,78.82,2.0
43.0,1.0,8.31,7.68,1.0,17.0,24.0,2.0,12.13,1.67,51.23,1.0
44.0,16.0,7.06,6.65,4.0,16.0,7.0,7.0,10.08,1.93,67.76,1.0
25.0,7.0,7.97,6.41,2.0,14.0,23.0,2.0,9.63,1.35,36.89,1.0
28.0,19.0,12.22,5.13,1.0,7.0,17.0,3.0,16.83,1.73,50.51,1.0
41.0,2.0,4.81,6.07,6.0,11.0,22.0,2.0,6.72,0.11,33.48,0.0
33.0,11.0,7.17,8.28,2.0,16.0,14.0,5.0,8.37,1.82,29.59,0.0
31.0,19.0,13.66,7.85,4.0,4.0,27.0,8.0,17.59,0.54,77.22,2.0
44.0,15.0,5.53,5.21,2.0,3.0,15.0,9.0,9.27,0.11,41.82,1.0
39.0,13.0,11.43,8.92,4.0,10.0,0.0,7.0,14.83,0.48,82.37,2.0
44.0,16.0,9.82,6.64,3.0,15.0,14.0,1.0,14.7,0.1,59.56,1.0
23.0,10.0,5.0,6.65,6.0,15.0,23.0,9.0,6.48,0.0,54.92,1.0
40.0,16.0,7.06,8.51,1.0,2.0,12.0,0.0,10.1,1.28,0.0,0.0
43.0,18.0,9.01,7.18,5.0,11.0,18.0,3.0,12.27,0.91,60.67,1.0
31.0,0.0,6.32,6.68,0.0,12.0,26.0,4.0,7.41,1.69,32.99,0.0
29.0,11.0,9.42,7.75,5.0,0.0,12.0,1.0,12.07,0.52,16.83,0.0
41.0,14.0,6.2,5.18,7.0,3.0,8.0,2.0,10.33,0.56,18.49,0.0
26.0,17.0,10.5,8.39,3.0,5.0,20.0,3.0,13.38,0.16,39.79,1.0
22.0,13.0,13.04,6.66,6.0,4.0,15.0,2.0,17.54,1.08,61.22,1.0
42.0,0.0,4.85,7.02,6.0,4.0,22.0,7.0,8.43,0.73,41.72,1.0
33.0,12.0,6.17,4.45,7.0,9.0,13.0,1.0,10.23,0.68,37.18,1.0
43.0,14.0,12.44,5.55,5.0,18.0,22.0,8.0,16.66,0.92,97.68,2.0
29.0,6.0,10.32,6.13,5.0,17.0,8.0,5.0,14.08,1.7,98.81,2.0
35.0,14.0,4.79,6.07,4.0,1.0,17.0,0.0,8.79,0.21,8.38,0.0
35.0,19.0,8.86,7.89,2.0,15.0,3.0,7.0,12.64,1.05,72.03,2.0
41.0,9.0,6.1,5.41,5.0,14.0,11.0,9.0,9.3,0.39,59.25,1.0
29.0,13.0,5.99,4.91,1.0,4.0,23.0,5.0,9.26,0.42,36.43,1.0
44.0,5.0,13.41,6.91,6.0,8.0,4.0,3.0,15.17,0.51,81.24,2.0
32.0,13.0,11.62,7.08,7.0,9.0,10.0,5.0,15.93,0.92,62.76,1.0
25.0,10.0,10.96,4.61,1.0,4.0,4.0,1.0,13.21,0.99,27.0,0.0
31.0,10.0,6.39,4.01,4.0,8.0,18.0,0.0,9.53,1.74,22.13,0.0
28.0,19.0,5.19,8.59,5.0,8.0,20.0,5.0,7.19,1.78,27.36,0.0
32.0,18.0,12.71,4.4,5.0,1.0,28.0,7.0,16.49,1.17,57.12,1.0
23.0,1.0,4.06,8.49,4.0,6.0,6.0,4.0,8.96,0.56,53.795,1.0
43.0,19.0,7.88,6.0,3.0,0.0,3.0,7.0,12.02,1.64,45.6,1.0
30.0,0.0,6.78,7.27,0.0,19.0,7.0,2.0,10.26,1.59,25.8,0.0
32.0,7.0,9.7,4.93,0.0,1.0,29.0,5.0,12.97,1.6,40.41,1.0
37.0,13.0,6.51,8.12,2.0,11.0,26.0,0.0,9.47,0.03,26.68,0.0
30.0,8.0,7.11,4.9,1.0,5.0,5.0,2.0,8.93,1.51,37.29,1.0
44.0,1.0,12.5,5.93,3.0,19.0,5.0,3.0,14.89,1.71,58.26,1.0
40.0,4.0,10.03,5.19,1.0,18.0,21.0,4.0,12.66,1.21,75.04,2.0
23.0,7.0,5.46,8.19,3.0,15.0,3.0,2.0,10.24,1.02,53.795,0.0
37.0,15.0,11.26,8.29,4.0,3.0,13.0,7.0,13.96,1.55,54.78,1.0
20.0,15.0,6.07,5.86,2.0,17.0,2.0,4.0,9.41,1.01,40.98,1.0
26.0,12.0,8.33,5.54,4.0,4.0,9.0,6.0,13.02,1.63,59.03,1.0
25.0,19.0,10.47,7.87,1.0,17.0,21.0,4.0,13.54,1.58,64.06,1.0
34.0,14.0,6.72,8.39,6.0,5.0,5.0,7.0,8.73,1.83,15.87,0.0
37.0,0.0,7.84,7.12,2.0,13.0,17.0,0.0,10.36,1.84,6.0,0.0
43.0,2.0,11.34,8.64,5.0,19.0,29.0,2.0,13.84,1.06,75.82,2.0
30.0,5.0,13.38,5.92,7.0,16.0,9.0,2.0,17.24,0.06,87.97,2.0
39.0,13.0,9.29,4.76,6.0,17.0,8.0,9.0,11.47,0.04,100.0,2.0
43.0,3.0,4.1,4.9,7.0,9.0,15.0,9.0,8.02,1.88,43.9,1.0
34.0,17.0,7.38,7.35,3.0,18.0,19.0,2.0,11.94,0.67,64.19,1.0
35.0,14.0,7.99,6.04,3.0,17.0,3.0,5.0,10.33,0.76,77.08,2.0
26.0,8.0,8.99,4.78,2.0,3.0,25.0,8.0,8.93,0.94,51.45,1.0
40.0,17.0,8.36,5.46,4.0,19.0,28.0,5.0,11.91,0.53,69.32,1.0
29.0,2.0,10.33,6.46,2.0,14.0,27.0,4.0,12.77,1.18,57.29,1.0
31.0,9.0,5.21,4.61,4.0,5.0,10.0,0.0,8.35,1.02,15.17,0.0
43.0,16.0,6.73,4.02,2.0,5.0,27.0,1.0,10.27,0.51,21.52,0.0
33.0,6.0,9.08,8.59,4.0,2.0,11.0,0.0,11.71,1.49,22.2,0.0
44.0,14.0,7.16,5.52,0.0,8.0,23.0,5.0,11.86,1.34,34.76,0.0
24.0,0.0,13.91,5.11,2.0,10.0,18.0,2.0,16.51,1.05,72.04,2.0
40.0,10.0,8.31,7.49,7.0,4.0,9.0,4.0,10.54,0.65,37.14,1.0
32.0,16.0,12.7,8.27,7.0,13.0,6.0,5.0,17.24,1.75,76.49,2.0
22.0,6.0,12.36,5.27,5.0,18.0,17.0,2.0,13.86,0.75,83.49,2.0
42.0,18.0,4.47,8.31,1.0,7.0,2.0,1.0,9.21,1.28,0.0,0.0
24.0,14.0,13.48,6.55,6.0,12.0,11.0,1.0,15.32,1.84,66.34,1.0
32.0,2.0,5.29,5.91,6.0,18.0,13.0,1.0,6.88,1.02,44.08,1.0
36.0,14.0,4.34,7.02,6.0,4.0,19.0,9.0,7.48,1.45,33.58,0.0
38.0,4.0,8.14,7.5,1.0,14.0,1.0,3.0,9.33,0.91,19.57,0.0
38.0,11.0,5.95,6.97,7.0,3.0,29.0,3.0,9.43,0.44,42.7,1.0
44.0,19.0,5.84,8.6,2.0,3.0,8.0,2.0,8.65,0.25,17.18,0.0
40.0,4.0,6.88,7.14,2.0,17.0,9.0,7.0,10.44,0.27,65.09,1.0
31.0,2.0,6.48,8.39,4.0,18.0,26.0,3.0,8.62,0.04,58.01,1.0
44.0,8.0,10.85,6.93,4.0,19.0,5.0,7.0,15.47,1.11,74.41,2.0
28.0,8.0,5.87,5.65,2.0,8.0,16.0,2.0,7.95,0.26,13.98,0.0
20.0,6.0,9.43,6.66,1.0,14.0,14.0,1.0,12.98,1.73,25.97,0.0
37.0,1.0,13.86,4.43,4.0,11.0,0.0,7.0,18.64,1.97,91.06,2.0
40.0,15.0,8.32,5.15,6.0,3.0,23.0,5.0,10.92,0.99,50.46,1.0
23.0,8.0,10.42,7.83,1.0,2.0,26.0,1.0,12.07,0.9,28.88,0.0
29.0,12.0,13.69,7.31,7.0,4.0,21.0,6.0,14.96,0.7,85.07,2.0
44.0,18.0,5.38,4.83,4.0,16.0,12.0,9.0,10.23,1.28,44.44,1.0
26.0,19.0,8.19,6.19,0.0,4.0,9.0,6.0,12.24,1.22,24.08,0.0
41.0,16.0,12.5,4.71,2.0,3.0,11.0,3.0,17.18,0.69,52.68,1.0
42.0,5.0,13.32,8.28,6.0,6.0,22.0,7.0,17.12,0.69,81.69,2.0
20.0,3.0,10.01,4.55,0.0,6.0,21.0,2.0,12.38,1.29,44.89,1.0
36.0,0.0,5.43,7.27,4.0,6.0,15.0,8.0,6.92,1.11,53.795,1.0
43.0,17.0,13.01,7.04,6.0,16.0,1.0,4.0,17.73,1.44,74.76,2.0
21.0,18.0,5.74,6.36,5.0,14.0,2.0,2.0,8.7,1.88,43.08,1.0
30.0,8.0,7.53,5.39,2.0,6.0,7.0,8.0,10.12,1.56,57.79,1.0
28.0,12.0,7.76,6.02,3.0,14.0,19.0,1.0,11.07,0.61,63.32,1.0
26.0,7.0,8.47,8.03,2.0,19.0,28.0,1.0,12.02,1.52,45.58,1.0
41.0,12.0,11.9,7.81,2.0,3.0,14.0,2.0,14.14,0.9,26.74,0.0
36.0,14.0,12.02,7.69,2.0,1.0,23.0,8.0,15.57,1.56,58.1,1.0
36.0,10.0,11.2,7.75,6.0,12.0,18.0,9.0,12.6,1.77,82.07,2.0
21.0,11.0,4.22,4.72,6.0,11.0,17.0,2.0,5.76,0.5,45.48,1.0
25.0,13.0,9.65,4.5,2.0,9.0,22.0,4.0,12.69,0.48,75.36,2.0
33.0,3.0,11.47,8.31,5.0,18.0,0.0,8.0,14.96,0.87,87.38,2.0
25.0,0.0,8.45,8.19,2.0,14.0,26.0,9.0,10.2,0.1,57.6,1.0
21.0,3.0,13.45,7.41,4.0,16.0,18.0,5.0,14.58,1.37,91.43,2.0
20.0,18.0,12.24,7.03,2.0,5.0,1.0,5.0,17.07,1.5,57.66,1.0
29.0,8.0,10.38,5.83,5.0,4.0,4.0,0.0,11.49,0.69,39.96,1.0
40.0,9.0,4.62,5.12,7.0,12.0,17.0,1.0,5.63,0.93,28.86,0.0
24.0,3.0,10.52,7.34,4.0,13.0,15.0,8.0,12.81,1.18,78.76,2.0
21.0,19.0,13.12,6.46,2.0,13.0,9.0,7.0,15.01,0.15,90.13,2.0
41.0,8.0,7.79,6.18,2.0,14.0,20.0,1.0,11.08,1.42,26.22,0.0
35.0,12.0,8.99,5.52,4.0,15.0,28.0,4.0,16.96,1.05,85.01,2.0
44.0,11.0,7.13,5.35,2.0,9.0,2.0,4.0,10.05,1.02,47.9,1.0
21.0,10.0,9.7,4.12,5.0,0.0,24.0,5.0,13.79,1.45,67.77,1.0
29.0,11.0,10.48,6.6,6.0,10.0,9.0,3.0,15.12,1.35,60.92,1.0
21.0,17.0,10.78,8.94,7.0,6.0,24.0,8.0,12.54,0.19,82.74,2.0
35.0,11.0,12.83,8.08,1.0,16.0,23.0,4.0,15.78,1.57,78.36,2.0
35.0,15.0,6.35,8.49,2.0,3.0,12.0,3.0,9.92,1.22,19.28,0.0
38.0,4.0,6.62,7.11,3.0,6.0,20.0,8.0,8.95,1.43,31.45,0.0
26.0,19.0,11.04,6.41,4.0,2.0,9.0,1.0,15.0,0.52,66.73,1.0
41.0,11.0,5.77,8.95,5.0,19.0,10.0,1.0,9.59,0.44,42.47,1.0
31.0,10.0,8.64,6.46,2.0,13.0,6.0,2.0,11.32,1.65,48.03,1.0
43.0,8.0,4.2,8.58,2.0,17.0,1.0,9.0,5.55,0.78,47.98,1.0
34.0,17.0,5.41,7.81,4.0,17.0,18.0,3.0,6.46,1.02,53.46,1.0
27.0,2.0,10.79,5.65,0.0,0.0,27.0,9.0,13.27,1.1,72.44,2.0
25.0,19.0,11.47,6.52,5.0,5.0,26.0,8.0,12.8,1.17,76.02,2.0
29.0,16.0,5.15,5.92,5.0,8.0,17.0,4.0,9.28,0.14,35.53,1.0
22.0,13.0,6.28,4.68,1.0,1.0,25.0,1.0,8.62,0.6,33.66,0.0
38.0,0.0,4.99,5.78,6.0,7.0,10.0,2.0,8.65,0.13,20.56,0.0
36.0,16.0,8.33,8.44,6.0,9.0,16.0,7.0,10.72,1.02,67.13,1.0
26.0,7.0,5.26,7.76,1.0,3.0,2.0,5.0,9.44,1.8,0.0,0.0
40.0,4.0,8.37,5.39,2.0,9.0,19.0,4.0,12.92,0.78,46.72,1.0
39.0,4.0,11.32,5.84,4.0,0.0,11.0,3.0,15.67,1.56,52.48,1.0
23.0,8.0,10.83,7.08,3.0,10.0,24.0,3.0,13.77,0.57,55.75,1.0
33.0,2.0,6.8,6.08,2.0,8.0,27.0,7.0,8.14,1.71,42.72,1.0
39.0,18.0,10.74,6.52,1.0,18.0,1.0,5.0,13.23,0.84,80.06,2.0
41.0,8.0,13.28,7.49,2.0,10.0,24.0,4.0,15.98,0.71,66.6,1.0
34.0,17.0,7.48,6.34,4.0,3.0,0.0,4.0,12.32,1.39,19.92,0.0
43.0,15.0,7.29,4.95,5.0,4.0,8.0,5.0,10.55,1.03,27.96,0.0
27.0,0.0,9.71,6.6,7.0,16.0,21.0,2.0,13.27,0.67,83.86,2.0
40.0,1.0,6.46,5.78,5.0,17.0,23.0,6.0,10.59,0.12,64.23,1.0
34.0,13.0,10.52,5.45,5.0,4.0,18.0,0.0,13.79,0.33,40.3,1.0
41.0,13.0,8.99,5.64,5.0,17.0,7.0,4.0,15.71,1.54,72.4,2.0
39.0,0.0,8.59,6.2,6.0,16.0,26.0,5.0,10.57,1.84,66.58,1.0
33.0,15.0,10.8,8.43,3.0,2.0,8.0,1.0,12.04,0.34,37.01,1.0
28.0,14.0,10.52,7.67,0.0,10.0,6.0,1.0,14.41,1.14,35.58,1.0
27.0,14.0,4.39,7.34,6.0,16.0,3.0,8.0,8.78,0.07,63.75,1.0
36.0,11.0,5.83,6.36,3.0,7.0,21.0,1.0,8.48,0.58,4.05,0.0
21.0,15.0,12.94,4.01,7.0,7.0,15.0,2.0,16.14,0.9,79.87,2.0
44.0,13.0,13.39,5.7,2.0,1.0,5.0,0.0,15.62,1.47,38.71,1.0
43.0,10.0,11.8,8.07,1.0,6.0,17.0,8.0,14.6,0.09,49.87,1.0
22.0,14.0,13.21,6.46,7.0,19.0,1.0,5.0,15.05,1.56,70.31,2.0
27.0,18.0,7.06,6.82,4.0,5.0,10.0,3.0,11.1,0.41,24.38,0.0
31.0,7.0,6.48,5.02,2.0,19.0,4.0,6.0,9.45,1.52,52.58,1.0
29.0,1.0,4.55,8.62,0.0,6.0,4.0,7.0,5.7,0.68,22.22,0.0
39.0,9.0,12.1,4.73,4.0,17.0,25.0,7.0,15.59,1.45,99.05,2.0
22.0,2.0,13.84,7.62,4.0,11.0,2.0,2.0,15.65,0.47,76.13,2.0
25.0,16.0,12.24,4.38,4.0,6.0,18.0,3.0,14.77,0.44,54.78,1.0
26.0,7.0,9.55,6.99,2.0,6.0,7.0,6.0,12.2,0.12,58.27,1.0
39.0,3.0,6.95,4.89,0.0,0.0,10.0,4.0,9.74,0.79,29.91,0.0
42.0,13.0,5.98,4.73,2.0,9.0,2.0,5.0,7.89,0.2,46.72,1.0
44.0,9.0,7.64,4.02,4.0,9.0,2.0,1.0,12.04,0.84,45.94,1.0
37.0,0.0,10.67,8.7,4.0,11.0,0.0,5.0,13.38,0.02,56.03,1.0
30.0,3.0,8.47,8.15,6.0,2.0,29.0,3.0,11.92,0.31,36.59,1.0
38.0,0.0,13.34,4.39,1.0,2.0,23.0,4.0,16.8,1.86,54.02,1.0
24.0,16.0,12.54,7.0,3.0,12.0,12.0,4.0,15.97,1.59,77.98,2.0
38.0,16.0,5.02,5.16,7.0,12.0,29.0,1.0,8.26,0.47,45.88,1.0
30.0,6.0,5.32,5.32,2.0,5.0,9.0,7.0,9.61,1.44,31.44,0.0
43.0,19.0,10.76,8.37,0.0,2.0,25.0,0.0,15.01,1.34,14.19,0.0
31.0,14.0,6.31,4.57,6.0,14.0,5.0,1.0,8.98,0.35,52.93,1.0
29.0,12.0,11.91,7.01,4.0,8.0,10.0,6.0,15.45,0.74,68.27,1.0
27.0,1.0,9.91,6.01,2.0,5.0,7.0,6.0,12.02,1.83,47.58,1.0
43.0,18.0,6.3,4.95,3.0,5.0,18.0,1.0,7.66,1.48,10.38,0.0
28.0,12.0,8.79,6.26,2.0,7.0,29.0,0.0,11.71,1.52,31.7,0.0
23.0,10.0,8.06,8.7,7.0,10.0,10.0,9.0,12.02,1.13,62.55,1.0
24.0,14.0,12.73,7.91,7.0,18.0,5.0,0.0,16.33,1.33,63.58,1.0
40.0,9.0,4.32,4.66,3.0,15.0,11.0,0.0,8.0,1.02,36.16,1.0
27.0,8.0,12.96,8.25,2.0,8.0,17.0,5.0,14.59,1.48,59.28,1.0
42.0,8.0,10.52,8.69,1.0,10.0,2.0,9.0,13.33,1.47,51.19,1.0
28.0,19.0,11.38,5.38,2.0,15.0,12.0,6.0,13.98,0.06,93.14,2.0
34.0,0.0,4.03,5.67,6.0,5.0,3.0,1.0,8.16,1.26,29.56,0.0
34.0,16.0,10.28,4.63,5.0,16.0,8.0,5.0,11.83,1.26,77.85,2.0
35.0,11.0,9.88,5.72,1.0,15.0,15.0,3.0,13.04,0.13,67.92,1.0
33.0,9.0,9.37,7.37,3.0,19.0,11.0,8.0,14.02,0.82,93.76,2.0
27.0,4.0,11.86,5.36,4.0,17.0,19.0,7.0,16.43,1.8,69.94,1.0
37.0,17.0,9.56,4.03,4.0,0.0,6.0,7.0,13.97,1.91,70.06,2.0
29.0,14.0,12.57,5.69,7.0,17.0,11.0,1.0,15.07,1.56,84.09,2.0
39.0,5.0,6.33,6.27,2.0,7.0,7.0,4.0,11.09,0.3,42.65,1.0
25.0,10.0,12.06,6.83,0.0,9.0,20.0,1.0,16.28,0.75,33.21,0.0
31.0,16.0,8.99,7.42,2.0,1.0,14.0,2.0,10.19,0.37,0.0,0.0
21.0,5.0,12.13,4.31,4.0,8.0,1.0,7.0,16.86,1.3,66.26,1.0
26.0,7.0,13.4,6.35,1.0,3.0,10.0,4.0,18.15,1.55,43.28,1.0
35.0,11.0,7.36,5.33,3.0,10.0,23.0,3.0,9.32,1.77,18.32,0.0
22.0,13.0,9.3,8.74,2.0,9.0,20.0,4.0,10.81,1.72,25.03,0.0
32.0,11.0,10.58,5.8,3.0,13.0,4.0,7.0,14.34,0.2,73.39,2.0
22.0,9.0,4.79,4.5,0.0,6.0,22.0,9.0,8.04,0.25,29.36,0.0
37.0,19.0,8.94,4.21,4.0,18.0,5.0,6.0,11.25,1.82,95.64,2.0
30.0,14.0,7.61,5.33,4.0,5.0,18.0,5.0,11.35,1.69,53.795,1.0
27.0,6.0,12.72,4.89,2.0,15.0,29.0,1.0,13.97,0.92,69.08,1.0
25.0,8.0,12.77,7.25,3.0,18.0,13.0,9.0,13.96,0.86,100.0,2.0
20.0,9.0,11.01,8.23,3.0,18.0,6.0,4.0,13.43,1.11,73.94,2.0
20.0,9.0,10.56,5.56,0.0,12.0,11.0,9.0,12.34,1.19,58.38,1.0
42.0,15.0,11.34,6.89,3.0,11.0,29.0,8.0,15.21,0.51,82.89,2.0
27.0,6.0,7.66,7.65,5.0,14.0,16.0,8.0,12.45,0.81,61.48,1.0
24.0,4.0,8.05,5.99,5.0,7.0,3.0,8.0,11.7,1.24,65.0,1.0
35.0,2.0,9.54,4.33,4.0,3.0,19.0,2.0,13.16,0.41,31.51,0.0
30.0,17.0,13.38,5.15,5.0,19.0,21.0,8.0,14.41,2.0,100.0,2.0
24.0,10.0,11.24,8.42,7.0,7.0,21.0,8.0,14.29,0.57,82.18,2.0
23.0,14.0,9.51,8.12,5.0,15.0,9.0,4.0,13.78,1.1,65.55,1.0
25.0,19.0,11.7,4.43,1.0,15.0,23.0,5.0,15.32,1.11,64.31,1.0
33.0,4.0,7.71,5.12,5.0,1.0,27.0,6.0,9.62,0.9,68.16,1.0
41.0,11.0,11.3,7.85,5.0,16.0,0.0,9.0,15.69,0.48,97.65,2.0
38.0,3.0,8.11,6.43,1.0,4.0,28.0,9.0,12.97,1.13,43.79,1.0
28.0,14.0,6.8,7.8,2.0,4.0,22.0,9.0,8.92,0.18,47.13,1.0
31.0,8.0,10.1,5.06,6.0,11.0,14.0,5.0,11.93,0.77,53.795,2.0
30.0,6.0,10.87,8.76,1.0,6.0,3.0,4.0,13.22,0.45,28.93,0.0
33.0,9.0,8.59,7.92,1.0,4.0,12.0,0.0,9.84,0.25,30.95,0.0
42.0,12.0,9.66,4.99,7.0,3.0,5.0,3.0,14.15,1.85,46.43,1.0
35.0,7.0,10.94,6.79,4.0,16.0,25.0,7.0,15.66,1.4,80.37,2.0
20.0,11.0,11.68,4.57,4.0,5.0,14.0,7.0,15.21,0.34,74.84,2.0
32.0,18.0,12.96,5.81,6.0,13.0,13.0,5.0,17.02,1.9,64.14,1.0
42.0,0.0,7.55,7.3,5.0,8.0,24.0,2.0,11.22,0.43,43.21,1.0
40.0,15.0,13.51,5.65,2.0,3.0,2.0,7.0,16.02,0.47,49.32,1.0
40.0,16.0,10.37,7.28,4.0,10.0,23.0,6.0,12.02,0.27,56.15,1.0
32.0,17.0,11.88,5.22,0.0,19.0,18.0,8.0,16.23,1.46,88.19,2.0
21.0,10.0,11.0,7.61,1.0,15.0,5.0,2.0,15.24,1.14,53.04,1.0
23.0,17.0,6.06,5.8,6.0,15.0,1.0,5.0,7.38,0.12,41.93,1.0
25.0,6.0,4.71,7.95,2.0,15.0,8.0,0.0,7.56,0.05,34.4,0.0
32.0,17.0,11.26,4.68,6.0,5.0,29.0,7.0,13.85,1.07,56.82,1.0
44.0,10.0,11.02,6.32,6.0,2.0,17.0,4.0,14.03,1.65,44.12,1.0
22.0,10.0,8.99,6.12,5.0,8.0,11.0,5.0,11.17,0.96,52.43,1.0
20.0,9.0,7.12,6.17,4.0,0.0,20.0,3.0,10.95,1.35,24.98,0.0
23.0,10.0,6.85,6.22,4.0,10.0,21.0,8.0,9.74,1.47,54.22,1.0
44.0,12.0,11.31,8.94,5.0,5.0,3.0,2.0,13.34,1.23,59.95,1.0
39.0,8.0,6.77,4.97,7.0,4.0,27.0,1.0,11.33,0.7,38.95,1.0
21.0,6.0,11.15,7.84,5.0,17.0,22.0,2.0,12.6,0.26,75.84,2.0
24.0,8.0,7.84,6.76,2.0,11.0,28.0,4.0,8.91,1.3,53.795,1.0
22.0,12.0,11.71,6.07,7.0,6.0,6.0,0.0,13.29,1.54,55.6,1.0
28.0,2.0,5.43,7.17,1.0,1.0,11.0,9.0,7.08,0.38,22.68,0.0
39.0,2.0,6.05,8.27,7.0,6.0,22.0,3.0,9.2,0.99,22.43,0.0
25.0,0.0,10.86,6.33,0.0,8.0,10.0,0.0,14.36,0.79,72.74,2.0
37.0,19.0,9.6,8.32,1.0,19.0,6.0,8.0,12.39,0.41,92.1,2.0
25.0,1.0,6.04,4.47,1.0,7.0,28.0,5.0,7.86,0.49,53.795,0.0
38.0,2.0,13.03,7.27,0.0,8.0,25.0,1.0,14.56,0.48,59.16,1.0
31.0,14.0,6.76,5.67,7.0,9.0,26.0,4.0,9.73,0.84,53.62,1.0
44.0,5.0,8.21,5.93,4.0,9.0,9.0,0.0,11.47,0.78,36.8,1.0
30.0,12.0,6.02,6.86,7.0,1.0,8.0,9.0,8.24,1.11,60.95,1.0
21.0,0.0,8.99,6.4,1.0,9.0,1.0,6.0,9.76,0.19,48.84,1.0
34.0,19.0,8.92,5.91,3.0,2.0,4.0,8.0,10.24,1.16,63.01,1.0
31.0,18.0,6.95,5.54,3.0,0.0,9.0,0.0,8.05,1.02,11.8,0.0
31.0,0.0,11.69,7.09,4.0,16.0,14.0,7.0,13.11,0.51,95.54,2.0
28.0,1.0,7.94,6.53,2.0,0.0,27.0,7.0,11.91,1.0,46.94,1.0
40.0,14.0,11.3,5.62,6.0,4.0,14.0,6.0,13.68,1.37,55.47,1.0
43.0,13.0,6.07,5.02,0.0,13.0,13.0,9.0,7.18,1.54,52.29,1.0
21.0,18.0,7.77,7.87,0.0,5.0,26.0,3.0,10.8,0.07,25.16,0.0
41.0,10.0,4.08,8.0,2.0,8.0,15.0,6.0,7.22,1.07,37.39,1.0
22.0,14.0,11.59,5.07,5.0,13.0,26.0,1.0,14.3,0.71,88.65,2.0
35.0,19.0,12.18,5.2,5.0,0.0,18.0,4.0,16.2,0.57,55.41,1.0
40.0,8.0,8.56,8.42,4.0,5.0,22.0,4.0,12.32,1.49,34.12,0.0
43.0,4.0,12.0,7.87,3.0,6.0,8.0,7.0,14.58,1.2,45.81,1.0
20.0,19.0,10.48,4.37,0.0,5.0,13.0,0.0,13.0,1.58,49.74,1.0
40.0,1.0,4.04,6.46,2.0,0.0,14.0,5.0,5.66,1.97,0.0,0.0
22.0,5.0,6.54,4.18,3.0,7.0,18.0,3.0,10.55,1.82,36.85,1.0
39.0,17.0,8.94,5.27,5.0,11.0,25.0,9.0,12.34,1.19,90.68,2.0
21.0,18.0,10.19,8.59,0.0,10.0,7.0,5.0,11.53,1.79,47.09,1.0
28.0,8.0,4.66,8.32,0.0,1.0,26.0,5.0,7.17,0.31,1.49,0.0
38.0,5.0,11.05,7.91,6.0,1.0,14.0,0.0,15.66,0.09,26.93,0.0
34.0,13.0,8.99,6.29,1.0,1.0,7.0,7.0,12.25,1.07,41.14,1.0
37.0,12.0,9.26,5.61,0.0,7.0,27.0,3.0,11.56,1.95,34.22,0.0
30.0,10.0,6.92,8.41,4.0,6.0,3.0,8.0,10.5,1.42,64.11,1.0
44.0,11.0,9.95,7.29,7.0,15.0,26.0,6.0,11.76,0.61,71.49,2.0
42.0,18.0,4.27,5.48,0.0,8.0,28.0,3.0,7.37,1.34,12.41,0.0
35.0,18.0,4.65,6.32,7.0,15.0,5.0,0.0,8.33,0.08,31.55,0.0
41.0,18.0,11.34,8.41,4.0,1.0,10.0,8.0,15.76,0.94,49.77,1.0
36.0,12.0,7.22,8.52,5.0,2.0,11.0,9.0,10.99,0.47,45.89,1.0
24.0,13.0,7.47,7.3,6.0,1.0,23.0,5.0,10.01,0.1,27.19,0.0
31.0,17.0,6.08,7.66,1.0,18.0,27.0,5.0,10.15,0.5,53.79,1.0
30.0,11.0,8.46,4.2,6.0,16.0,8.0,0.0,13.05,1.44,50.18,1.0
34.0,3.0,4.52,7.02,4.0,19.0,17.0,4.0,7.43,1.1,56.34,1.0
22.0,9.0,7.0,7.44,5.0,9.0,16.0,3.0,8.02,0.05,41.42,1.0
20.0,16.0,9.27,4.1,3.0,10.0,20.0,0.0,13.79,0.82,48.58,1.0
39.0,3.0,8.66,8.22,6.0,19.0,25.0,6.0,10.32,1.5,84.99,2.0
35.0,11.0,14.0,8.64,6.0,18.0,2.0,3.0,15.51,1.91,78.53,2.0
21.0,12.0,7.89,5.19,0.0,5.0,26.0,2.0,10.12,1.75,29.91,0.0
21.0,3.0,7.87,8.23,6.0,9.0,12.0,1.0,10.39,0.0,46.49,1.0
22.0,9.0,9.04,7.33,2.0,13.0,5.0,7.0,13.24,0.44,77.69,2.0
27.0,2.0,5.9,6.9,2.0,0.0,27.0,4.0,8.46,0.42,53.795,0.0
43.0,14.0,12.76,8.22,4.0,14.0,13.0,9.0,12.02,0.83,86.6,2.0
34.0,1.0,9.72,5.43,1.0,5.0,26.0,8.0,13.26,1.29,51.21,1.0
26.0,16.0,5.92,7.95,4.0,12.0,0.0,4.0,9.6,0.31,43.4,1.0
25.0,5.0,11.93,5.57,7.0,13.0,27.0,9.0,16.19,1.83,87.63,2.0
28.0,7.0,4.34,7.94,6.0,12.0,26.0,0.0,6.94,1.55,23.59,0.0
39.0,2.0,13.83,6.26,6.0,15.0,14.0,9.0,15.17,0.84,100.0,2.0
20.0,17.0,12.65,4.58,5.0,0.0,21.0,4.0,15.86,1.17,49.41,1.0
27.0,0.0,9.8,5.91,6.0,13.0,17.0,4.0,11.28,1.08,57.67,1.0
42.0,15.0,5.11,5.17,5.0,12.0,10.0,7.0,6.18,1.16,54.9,1.0
42.0,6.0,6.15,4.5,6.0,9.0,10.0,5.0,10.26,1.72,46.28,1.0
22.0,2.0,6.79,4.55,6.0,9.0,7.0,4.0,9.4,1.02,63.91,1.0
23.0,3.0,6.41,7.9,4.0,3.0,3.0,7.0,9.51,1.37,19.43,0.0
44.0,8.0,8.98,8.41,4.0,13.0,1.0,0.0,12.63,0.21,51.53,1.0
34.0,4.0,13.45,8.64,3.0,11.0,0.0,4.0,16.05,0.92,75.69,2.0
25.0,18.0,8.44,8.27,5.0,5.0,23.0,2.0,9.64,1.27,16.95,0.0
34.0,14.0,10.62,8.15,3.0,14.0,9.0,4.0,12.63,0.03,64.12,1.0
40.0,7.0,10.89,4.34,4.0,4.0,16.0,2.0,12.67,0.22,71.65,2.0
22.0,5.0,12.72,7.95,1.0,9.0,6.0,3.0,17.63,0.18,63.91,1.0
44.0,17.0,4.34,7.92,0.0,9.0,6.0,8.0,8.3,0.75,25.28,0.0
40.0,18.0,8.04,4.66,5.0,9.0,12.0,1.0,10.85,1.24,54.94,1.0
40.0,14.0,11.85,7.31,2.0,11.0,21.0,9.0,13.1,1.99,68.15,1.0
32.0,6.0,12.15,6.26,3.0,3.0,23.0,0.0,13.61,0.51,41.88,1.0
39.0,9.0,13.27,8.5,7.0,3.0,25.0,3.0,17.52,0.27,61.69,1.0
33.0,5.0,11.03,7.48,5.0,12.0,0.0,7.0,15.81,0.83,90.29,2.0
23.0,13.0,6.45,8.75,7.0,13.0,27.0,4.0,7.58,0.29,38.59,1.0
31.0,16.0,9.06,4.52,0.0,11.0,0.0,8.0,13.7,0.05,77.68,2.0
36.0,8.0,4.32,4.2,3.0,12.0,12.0,9.0,6.84,1.13,52.15,1.0
26.0,18.0,10.47,8.87,5.0,19.0,0.0,2.0,12.32,1.76,74.5,2.0
28.0,4.0,9.54,4.4,3.0,12.0,5.0,8.0,10.95,1.72,83.16,2.0
22.0,6.0,10.67,5.93,3.0,1.0,22.0,0.0,14.76,0.2,35.87,1.0
32.0,18.0,13.3,7.25,4.0,18.0,25.0,1.0,16.18,0.29,89.02,2.0
34.0,19.0,10.87,8.4,6.0,8.0,24.0,8.0,15.2,0.98,62.09,1.0
37.0,6.0,7.2,5.27,4.0,9.0,9.0,8.0,9.1,0.74,54.88,1.0
38.0,1.0,5.99,4.15,3.0,16.0,20.0,9.0,9.7,1.41,96.53,2.0
20.0,15.0,12.55,6.61,3.0,9.0,0.0,4.0,14.02,0.99,63.63,1.0
25.0,12.0,5.94,6.36,6.0,19.0,24.0,9.0,7.3,0.04,82.84,2.0
42.0,7.0,5.62,5.53,2.0,12.0,4.0,3.0,7.15,0.57,36.2,1.0
21.0,5.0,6.07,8.37,0.0,19.0,21.0,8.0,10.31,1.8,37.02,1.0
43.0,5.0,9.09,7.75,6.0,0.0,24.0,9.0,12.71,1.02,38.14,1.0
33.0,8.0,5.24,8.29,0.0,1.0,1.0,1.0,6.9,1.6,0.0,0.0
25.0,3.0,13.38,4.81,1.0,16.0,29.0,2.0,15.92,0.8,69.55,1.0
33.0,10.0,13.66,7.46,7.0,12.0,2.0,7.0,17.71,1.35,83.6,2.0
23.0,4.0,13.74,8.88,6.0,16.0,29.0,0.0,15.88,0.34,82.0,2.0
40.0,16.0,4.39,7.06,1.0,12.0,22.0,1.0,9.08,1.47,17.62,0.0
27.0,19.0,13.46,4.86,1.0,16.0,2.0,4.0,18.12,1.57,81.89,2.0
22.0,6.0,13.97,8.98,4.0,18.0,17.0,6.0,17.18,0.18,90.6,2.0
38.0,14.0,13.42,6.64,4.0,13.0,22.0,9.0,16.95,0.37,89.39,2.0
33.0,14.0,10.71,8.2,2.0,19.0,7.0,8.0,14.32,0.93,100.0,2.0
32.0,13.0,11.01,4.75,4.0,9.0,8.0,2.0,13.04,1.27,51.87,1.0
36.0,12.0,5.22,7.33,1.0,1.0,1.0,3.0,7.68,1.27,13.54,0.0
44.0,10.0,12.74,8.56,5.0,13.0,28.0,9.0,14.28,1.34,63.66,1.0
27.0,12.0,4.6,6.66,3.0,16.0,1.0,0.0,9.3,1.43,35.96,1.0
43.0,8.0,7.18,5.44,1.0,4.0,26.0,0.0,11.08,1.01,28.86,0.0
33.0,9.0,13.91,4.64,2.0,17.0,15.0,0.0,15.1,1.15,73.92,2.0
25.0,3.0,8.22,5.48,3.0,2.0,6.0,3.0,11.42,0.02,31.91,0.0
42.0,16.0,5.31,5.77,4.0,15.0,29.0,8.0,7.68,0.33,74.5,2.0
41.0,13.0,13.69,7.55,3.0,18.0,3.0,7.0,17.95,1.0,84.83,2.0
35.0,17.0,13.84,4.89,5.0,17.0,4.0,3.0,16.22,1.49,99.56,2.0
44.0,10.0,5.87,4.53,2.0,19.0,0.0,7.0,9.45,1.62,59.36,1.0
38.0,15.0,12.65,5.93,4.0,4.0,21.0,6.0,14.31,1.46,75.24,2.0
33.0,0.0,7.9,6.29,0.0,7.0,9.0,5.0,11.14,0.97,57.11,1.0
38.0,6.0,7.81,7.14,1.0,5.0,12.0,9.0,9.99,0.56,36.63,1.0
22.0,9.0,6.63,7.54,6.0,14.0,23.0,1.0,8.29,0.89,47.43,1.0
29.0,8.0,4.45,8.45,5.0,2.0,26.0,2.0,7.93,0.02,18.13,0.0
38.0,2.0,6.68,5.44,5.0,8.0,14.0,3.0,10.23,1.2,20.7,0.0
28.0,13.0,4.54,6.64,6.0,10.0,0.0,6.0,9.47,0.15,55.43,1.0
39.0,14.0,13.24,5.83,1.0,19.0,17.0,7.0,16.92,0.29,100.0,2.0
32.0,1.0,10.62,4.01,2.0,13.0,22.0,7.0,13.68,1.25,88.22,2.0
26.0,13.0,12.87,6.9,2.0,8.0,13.0,3.0,17.52,0.03,47.34,1.0
33.0,15.0,11.17,8.08,5.0,9.0,17.0,8.0,15.48,1.15,77.22,2.0
28.0,6.0,5.31,4.18,1.0,14.0,24.0,7.0,8.5,1.28,52.6,1.0
42.0,3.0,13.41,4.02,3.0,17.0,21.0,4.0,16.46,1.58,83.68,2.0
44.0,17.0,13.0,7.64,0.0,18.0,11.0,2.0,17.77,0.14,82.75,2.0
38.0,4.0,7.48,7.42,0.0,6.0,11.0,5.0,10.95,0.01,30.78,0.0
34.0,5.0,5.12,6.03,2.0,18.0,4.0,8.0,8.98,1.53,57.06,1.0
39.0,6.0,11.04,7.31,7.0,4.0,6.0,0.0,12.39,0.58,48.69,1.0
33.0,14.0,11.28,8.77,2.0,17.0,25.0,6.0,15.15,1.77,66.85,1.0
43.0,0.0,12.97,5.24,3.0,0.0,23.0,6.0,15.03,0.37,52.29,1.0
25.0,3.0,4.53,5.23,2.0,11.0,12.0,0.0,5.99,1.17,20.44,0.0
40.0,0.0,5.42,4.93,0.0,5.0,8.0,6.0,9.82,0.22,46.28,1.0
23.0,10.0,9.98,7.62,7.0,12.0,5.0,0.0,13.74,0.81,65.51,1.0
27.0,17.0,10.19,5.77,1.0,16.0,20.0,1.0,12.82,1.76,47.82,1.0
36.0,13.0,8.99,8.94,5.0,8.0,6.0,8.0,7.07,1.22,32.23,0.0
28.0,10.0,7.97,7.57,0.0,0.0,17.0,7.0,9.76,1.38,24.44,0.0
20.0,9.0,9.84,5.84,3.0,11.0,14.0,8.0,10.88,0.45,80.53,2.0
43.0,16.0,11.38,4.75,1.0,0.0,7.0,8.0,13.78,1.85,55.17,1.0
39.0,3.0,7.16,6.96,1.0,3.0,27.0,3.0,8.75,1.25,25.93,0.0
44.0,14.0,8.84,5.47,5.0,6.0,19.0,4.0,11.53,0.21,51.13,1.0
30.0,12.0,13.54,6.21,6.0,4.0,16.0,6.0,15.0,0.03,75.4,2.0
40.0,8.0,6.3,5.46,1.0,9.0,2.0,5.0,7.67,0.1,66.09,1.0
22.0,10.0,6.53,6.94,1.0,4.0,12.0,8.0,11.14,1.82,36.45,1.0
28.0,10.0,13.4,4.68,2.0,6.0,8.0,1.0,17.38,0.72,65.85,1.0
33.0,5.0,7.96,6.81,1.0,16.0,19.0,7.0,9.17,0.6,41.14,1.0
28.0,0.0,11.18,4.28,3.0,11.0,14.0,1.0,12.5,0.83,68.62,1.0
23.0,5.0,10.12,7.03,1.0,14.0,25.0,1.0,13.86,0.82,58.27,1.0
23.0,12.0,6.86,6.65,2.0,2.0,25.0,5.0,9.34,0.48,22.28,0.0
27.0,10.0,10.54,6.6,4.0,16.0,29.0,3.0,14.44,0.18,83.81,2.0
21.0,14.0,10.56,7.42,4.0,13.0,26.0,5.0,13.18,0.22,82.74,2.0
28.0,17.0,9.92,4.22,3.0,14.0,15.0,5.0,14.79,1.2,68.77,1.0
33.0,19.0,5.0,6.3,4.0,14.0,15.0,1.0,8.78,0.79,19.71,0.0
41.0,13.0,13.95,6.22,4.0,14.0,18.0,5.0,15.14,1.8,76.87,2.0
28.0,14.0,8.0,6.3,6.0,18.0,3.0,7.0,10.32,0.93,79.86,2.0
43.0,4.0,10.38,8.9,6.0,10.0,18.0,4.0,13.63,1.01,61.38,1.0
42.0,3.0,12.86,4.7,3.0,17.0,18.0,0.0,14.43,1.86,74.95,2.0
35.0,1.0,8.23,7.45,7.0,9.0,1.0,7.0,9.24,1.0,45.52,1.0
36.0,6.0,11.74,6.01,1.0,8.0,5.0,5.0,13.06,1.0,65.63,1.0
31.0,15.0,7.59,7.81,7.0,0.0,14.0,6.0,11.12,1.42,33.22,0.0
22.0,9.0,8.05,4.79,4.0,10.0,9.0,7.0,9.42,0.78,84.29,2.0
30.0,17.0,13.06,7.82,4.0,15.0,21.0,1.0,16.72,1.18,77.3,2.0
33.0,16.0,5.6,4.35,0.0,2.0,9.0,0.0,9.07,0.89,8.81,0.0
37.0,12.0,4.29,6.42,4.0,8.0,3.0,5.0,9.05,1.06,16.21,0.0
40.0,0.0,13.09,7.71,7.0,10.0,13.0,5.0,17.45,1.65,88.81,2.0
40.0,0.0,12.22,4.96,6.0,16.0,7.0,7.0,16.99,0.83,84.45,2.0
24.0,14.0,13.73,7.85,4.0,0.0,5.0,6.0,18.59,0.46,58.13,1.0
35.0,0.0,4.58,4.83,3.0,8.0,11.0,7.0,7.34,1.14,28.88,0.0
39.0,5.0,8.99,8.0,0.0,2.0,7.0,9.0,8.51,1.02,13.32,0.0
24.0,12.0,5.05,6.34,5.0,9.0,5.0,9.0,7.18,1.39,47.03,1.0
22.0,0.0,10.83,7.42,0.0,4.0,14.0,4.0,13.86,0.62,28.22,0.0
31.0,4.0,10.06,8.59,7.0,10.0,28.0,1.0,11.66,1.93,18.8,0.0
20.0,8.0,7.59,6.04,1.0,4.0,24.0,4.0,11.28,0.69,22.68,0.0
40.0,16.0,4.57,5.16,1.0,11.0,18.0,1.0,5.67,1.97,5.82,0.0
28.0,15.0,10.4,8.34,0.0,13.0,13.0,8.0,12.34,0.38,57.17,1.0
28.0,7.0,9.7,4.81,0.0,11.0,2.0,4.0,12.02,2.0,50.43,1.0
23.0,16.0,5.13,7.16,1.0,18.0,17.0,0.0,9.88,0.15,49.48,1.0
22.0,14.0,13.09,8.62,6.0,8.0,9.0,8.0,14.67,1.43,69.83,1.0
36.0,0.0,5.99,7.37,7.0,6.0,13.0,9.0,10.55,1.48,40.77,1.0
21.0,11.0,11.44,4.98,3.0,15.0,13.0,4.0,12.94,1.36,77.43,2.0
43.0,4.0,12.85,4.76,3.0,6.0,21.0,0.0,16.45,1.56,62.03,1.0
20.0,5.0,9.79,5.26,3.0,13.0,6.0,8.0,12.07,0.94,84.82,2.0
27.0,0.0,6.47,5.96,3.0,7.0,6.0,8.0,12.02,0.11,32.77,0.0
32.0,0.0,7.09,4.8,1.0,17.0,20.0,9.0,12.08,0.72,65.2,1.0
42.0,9.0,12.86,7.99,7.0,2.0,21.0,9.0,14.76,1.28,82.02,2.0
34.0,9.0,6.98,5.79,6.0,1.0,22.0,5.0,8.79,1.29,38.08,1.0
27.0,2.0,11.46,8.68,2.0,4.0,10.0,5.0,14.82,0.39,57.26,1.0
31.0,10.0,13.9,8.21,4.0,7.0,17.0,9.0,17.86,0.51,90.28,2.0
41.0,18.0,14.0,8.54,4.0,18.0,9.0,9.0,18.93,0.97,79.56,2.0
31.0,10.0,9.33,5.47,4.0,8.0,14.0,1.0,13.14,1.46,27.91,0.0
33.0,17.0,12.27,6.87,4.0,1.0,29.0,6.0,15.52,1.71,49.99,1.0
34.0,1.0,13.9,5.61,1.0,14.0,11.0,1.0,16.54,0.17,83.22,2.0
34.0,8.0,7.75,5.28,2.0,7.0,22.0,3.0,11.13,1.85,32.71,0.0
28.0,16.0,6.52,7.04,1.0,9.0,16.0,3.0,9.92,1.86,22.19,0.0
38.0,13.0,5.14,8.09,2.0,6.0,21.0,9.0,7.01,0.02,36.59,1.0
39.0,3.0,5.41,4.47,1.0,18.0,23.0,6.0,9.09,1.01,59.11,1.0
41.0,16.0,12.54,5.38,6.0,0.0,28.0,5.0,12.02,1.17,62.0,1.0
27.0,16.0,9.89,5.03,0.0,1.0,16.0,9.0,12.85,1.11,29.07,0.0
40.0,11.0,12.74,7.99,2.0,2.0,0.0,6.0,14.78,1.23,48.47,1.0
25.0,17.0,10.74,4.4,2.0,14.0,20.0,0.0,14.2,0.59,54.47,1.0
39.0,2.0,10.09,5.9,5.0,13.0,14.0,3.0,11.35,0.19,63.24,1.0
44.0,10.0,4.48,8.57,3.0,7.0,18.0,2.0,5.53,0.42,0.0,0.0
38.0,17.0,12.72,5.72,2.0,17.0,13.0,6.0,14.24,1.48,93.18,2.0
23.0,3.0,8.18,7.56,5.0,16.0,9.0,6.0,9.85,0.48,56.73,1.0
42.0,16.0,9.6,4.5,3.0,6.0,28.0,3.0,11.39,1.66,47.49,1.0
26.0,17.0,4.22,6.22,5.0,19.0,9.0,6.0,8.32,0.81,53.26,1.0
23.0,4.0,13.36,6.52,3.0,0.0,22.0,3.0,16.15,0.83,49.72,1.0
41.0,13.0,13.03,7.79,0.0,8.0,6.0,8.0,15.91,1.74,74.39,2.0
31.0,9.0,9.43,5.44,2.0,8.0,6.0,2.0,13.01,0.43,41.91,1.0
32.0,14.0,9.77,5.32,5.0,10.0,13.0,9.0,13.69,0.38,81.67,2.0
22.0,0.0,11.05,5.51,6.0,18.0,14.0,1.0,12.06,1.97,80.74,2.0
41.0,15.0,6.65,6.78,0.0,5.0,21.0,4.0,11.08,1.08,24.27,0.0
31.0,10.0,6.22,8.38,4.0,6.0,19.0,8.0,11.17,0.38,31.74,0.0
21.0,19.0,10.74,8.15,2.0,14.0,8.0,2.0,12.23,0.33,41.95,1.0
43.0,5.0,5.04,4.29,1.0,19.0,27.0,0.0,8.64,1.72,31.07,0.0
42.0,1.0,8.93,4.48,1.0,8.0,8.0,4.0,10.13,0.23,55.12,1.0
28.0,0.0,7.81,6.08,6.0,14.0,22.0,1.0,9.95,1.77,55.26,1.0
20.0,8.0,5.85,7.83,5.0,5.0,6.0,5.0,10.24,0.89,25.16,0.0
27.0,11.0,7.55,4.41,5.0,6.0,23.0,2.0,11.16,1.98,30.46,0.0
42.0,16.0,7.38,4.2,3.0,16.0,10.0,8.0,10.16,0.56,64.45,1.0
25.0,14.0,8.99,5.65,1.0,5.0,4.0,2.0,11.74,1.06,22.93,0.0
25.0,18.0,10.75,7.65,4.0,8.0,26.0,1.0,13.61,0.35,37.92,1.0
41.0,9.0,13.68,6.61,5.0,2.0,8.0,2.0,15.92,0.88,70.66,2.0
44.0,11.0,5.44,6.09,6.0,13.0,5.0,5.0,9.95,0.35,42.27,1.0
32.0,13.0,12.73,8.07,2.0,5.0,6.0,2.0,16.0,0.61,36.62,1.0
36.0,10.0,6.84,7.83,5.0,3.0,27.0,8.0,9.78,0.54,33.06,0.0
31.0,12.0,9.91,7.93,2.0,15.0,22.0,8.0,12.77,0.57,83.3,2.0
25.0,2.0,9.47,6.3,6.0,15.0,24.0,8.0,14.21,1.94,83.17,2.0
27.0,13.0,9.57,4.1,5.0,8.0,22.0,1.0,13.46,0.08,57.49,1.0
38.0,9.0,11.23,4.86,7.0,3.0,13.0,6.0,12.81,0.99,53.94,1.0
29.0,15.0,7.82,7.71,3.0,7.0,18.0,1.0,10.57,1.26,23.64,0.0
20.0,6.0,7.19,6.46,3.0,7.0,21.0,0.0,9.34,1.32,25.28,0.0
44.0,3.0,12.53,8.86,3.0,5.0,21.0,4.0,17.48,1.51,59.98,1.0
32.0,19.0,6.2,4.95,4.0,7.0,10.0,7.0,8.86,1.52,23.16,0.0
36.0,10.0,5.8,4.61,5.0,5.0,27.0,2.0,7.07,1.91,17.61,0.0
22.0,15.0,4.16,4.69,2.0,13.0,6.0,6.0,6.8,1.51,41.77,1.0
27.0,19.0,6.11,4.92,6.0,13.0,5.0,5.0,8.4,1.65,66.41,1.0
33.0,3.0,9.19,6.64,5.0,17.0,3.0,0.0,12.59,1.06,43.21,1.0
22.0,16.0,9.39,8.88,6.0,12.0,13.0,6.0,11.29,1.32,46.11,1.0
35.0,12.0,6.54,6.95,0.0,14.0,21.0,2.0,12.02,0.96,27.69,0.0
32.0,10.0,4.72,6.61,3.0,2.0,2.0,3.0,6.1,0.55,0.0,0.0
39.0,2.0,11.45,7.37,1.0,5.0,16.0,9.0,13.58,0.63,42.19,1.0
43.0,8.0,11.58,4.37,6.0,19.0,14.0,1.0,13.97,0.72,100.0,2.0
36.0,5.0,13.98,8.08,0.0,16.0,0.0,0.0,18.32,0.68,61.88,1.0
25.0,15.0,13.26,4.86,0.0,15.0,10.0,5.0,14.39,0.5,75.72,2.0
36.0,18.0,11.98,7.15,6.0,5.0,12.0,1.0,16.1,1.03,48.99,1.0
33.0,4.0,10.16,6.98,3.0,7.0,29.0,9.0,14.64,1.83,53.44,1.0
36.0,13.0,5.29,4.32,1.0,12.0,23.0,5.0,8.26,0.81,52.19,1.0
27.0,16.0,10.22,5.33,7.0,12.0,2.0,5.0,12.36,0.45,67.99,1.0
30.0,2.0,4.56,5.95,3.0,19.0,12.0,7.0,8.65,0.69,58.56,1.0
39.0,3.0,12.85,5.22,6.0,16.0,17.0,7.0,13.89,1.75,97.2,2.0
20.0,15.0,8.82,5.22,3.0,2.0,23.0,5.0,13.52,1.88,42.37,1.0
26.0,15.0,10.97,6.86,1.0,12.0,8.0,6.0,15.43,1.77,58.92,1.0
40.0,3.0,4.52,6.35,0.0,6.0,14.0,3.0,7.7,0.57,19.29,0.0
40.0,18.0,9.34,7.34,0.0,19.0,1.0,4.0,12.02,0.78,64.58,1.0
36.0,16.0,7.01,8.78,6.0,4.0,27.0,5.0,8.14,1.95,31.94,0.0
29.0,12.0,6.85,7.3,5.0,10.0,7.0,5.0,11.85,0.65,50.88,1.0
30.0,0.0,7.9,6.91,1.0,17.0,1.0,2.0,11.95,0.28,48.79,1.0
41.0,11.0,4.01,8.24,0.0,3.0,22.0,8.0,6.36,0.56,29.05,0.0
28.0,3.0,8.67,7.16,4.0,19.0,23.0,3.0,9.75,1.93,53.12,1.0
28.0,10.0,8.87,4.83,3.0,6.0,0.0,7.0,12.43,0.83,73.4,2.0
43.0,4.0,12.63,5.57,6.0,3.0,23.0,3.0,17.58,1.87,67.57,1.0
24.0,1.0,8.49,7.67,4.0,9.0,2.0,5.0,12.32,0.21,56.73,1.0
32.0,16.0,7.64,7.69,4.0,0.0,28.0,0.0,8.97,1.53,6.0,0.0
28.0,7.0,13.95,8.94,5.0,16.0,16.0,1.0,16.56,0.19,70.15,2.0
36.0,5.0,9.71,7.13,5.0,4.0,6.0,5.0,11.15,1.02,52.2,1.0
43.0,8.0,8.73,8.5,5.0,16.0,9.0,2.0,13.38,1.23,52.52,1.0
40.0,12.0,8.96,4.27,4.0,2.0,18.0,6.0,11.28,0.87,51.52,1.0
38.0,10.0,12.09,6.83,2.0,8.0,23.0,0.0,16.02,1.33,51.06,1.0
26.0,15.0,7.41,8.6,7.0,2.0,8.0,2.0,8.75,1.95,25.11,0.0
42.0,15.0,7.89,5.44,2.0,2.0,17.0,2.0,9.4,0.11,21.98,0.0
28.0,1.0,11.56,4.77,4.0,8.0,14.0,0.0,15.28,0.38,53.38,1.0
26.0,9.0,4.73,5.75,3.0,4.0,16.0,3.0,9.1,1.28,3.74,0.0
32.0,11.0,12.65,7.96,6.0,9.0,23.0,7.0,14.46,1.79,76.38,2.0
30.0,7.0,8.3,4.42,4.0,14.0,25.0,6.0,10.97,1.6,84.69,2.0
33.0,10.0,9.81,7.0,6.0,11.0,21.0,6.0,13.29,0.93,54.43,1.0
38.0,9.0,11.57,4.68,4.0,5.0,25.0,4.0,15.76,1.49,53.3,1.0
30.0,12.0,6.66,6.18,5.0,6.0,16.0,3.0,10.17,0.42,23.01,0.0
32.0,16.0,12.9,8.83,6.0,6.0,18.0,9.0,14.28,0.03,73.97,2.0
32.0,6.0,13.79,4.98,5.0,3.0,8.0,5.0,16.96,1.14,52.92,1.0
32.0,2.0,8.94,4.17,5.0,12.0,24.0,1.0,13.48,1.63,67.77,1.0
20.0,19.0,13.37,6.14,7.0,14.0,5.0,0.0,17.84,0.87,86.67,2.0
27.0,12.0,4.01,6.89,7.0,17.0,18.0,6.0,12.02,1.14,54.63,1.0
31.0,18.0,12.94,5.49,2.0,17.0,7.0,3.0,17.92,0.84,94.53,2.0
38.0,6.0,7.11,6.71,4.0,6.0,5.0,6.0,8.53,1.03,50.02,1.0
31.0,8.0,8.99,8.77,3.0,9.0,16.0,5.0,10.02,1.77,29.97,0.0
27.0,18.0,6.28,5.56,3.0,15.0,5.0,8.0,10.38,0.96,50.87,1.0
27.0,12.0,7.17,5.55,5.0,7.0,12.0,9.0,8.73,0.01,57.02,1.0
40.0,7.0,6.13,6.41,5.0,18.0,20.0,5.0,11.02,1.6,57.13,1.0
31.0,1.0,12.99,4.01,7.0,5.0,28.0,6.0,15.39,1.46,100.0,2.0
35.0,17.0,5.02,7.08,3.0,9.0,14.0,8.0,6.87,1.8,37.35,1.0
20.0,17.0,5.43,8.99,4.0,18.0,11.0,9.0,7.58,0.57,60.37,1.0
32.0,10.0,12.62,5.46,7.0,13.0,6.0,5.0,12.02,1.01,100.0,2.0
26.0,0.0,7.99,7.15,6.0,19.0,5.0,6.0,10.71,1.2,76.12,2.0
24.0,13.0,5.69,6.46,2.0,5.0,16.0,7.0,7.46,0.69,41.27,1.0
27.0,15.0,9.11,7.02,4.0,3.0,27.0,3.0,13.35,1.69,47.16,1.0
44.0,10.0,8.17,6.24,4.0,19.0,7.0,4.0,9.42,1.4,73.23,2.0
33.0,0.0,6.19,6.65,0.0,14.0,5.0,3.0,10.53,1.47,29.06,0.0
42.0,6.0,11.21,6.72,2.0,4.0,28.0,5.0,13.31,1.62,34.85,0.0
32.0,15.0,8.99,4.88,3.0,15.0,18.0,5.0,13.29,0.52,75.13,2.0
34.0,13.0,5.0,7.85,3.0,6.0,20.0,6.0,7.52,1.49,13.95,0.0
42.0,14.0,13.25,6.46,5.0,1.0,22.0,1.0,16.53,1.02,54.28,1.0
36.0,13.0,9.58,5.35,5.0,12.0,8.0,5.0,13.76,1.68,62.09,1.0
34.0,10.0,6.5,8.69,2.0,1.0,19.0,1.0,11.46,0.98,0.0,0.0
39.0,10.0,6.06,4.06,5.0,8.0,27.0,9.0,8.28,1.01,63.82,1.0
37.0,18.0,5.36,7.63,0.0,19.0,29.0,4.0,8.58,0.2,55.77,1.0
37.0,16.0,8.25,5.91,2.0,4.0,15.0,0.0,11.11,1.7,0.11,0.0
21.0,5.0,5.36,6.61,7.0,2.0,17.0,2.0,10.36,1.07,11.77,0.0
23.0,10.0,8.16,5.46,7.0,1.0,18.0,3.0,12.4,1.19,15.67,0.0
20.0,16.0,5.49,5.61,7.0,13.0,6.0,3.0,8.08,0.24,18.96,0.0
23.0,8.0,10.57,4.08,5.0,7.0,7.0,1.0,13.48,1.2,58.01,1.0
37.0,17.0,11.85,7.65,6.0,19.0,20.0,7.0,13.83,0.08,86.07,2.0
24.0,16.0,9.5,7.55,1.0,11.0,18.0,5.0,13.52,1.85,54.71,1.0
38.0,11.0,10.8,7.27,0.0,16.0,0.0,8.0,15.18,1.73,60.26,1.0
34.0,4.0,13.38,8.39,2.0,15.0,25.0,5.0,18.24,0.39,86.26,2.0
27.0,10.0,10.38,8.51,1.0,5.0,12.0,2.0,13.64,1.19,32.8,0.0
39.0,3.0,7.64,6.78,7.0,5.0,0.0,1.0,11.32,1.02,22.68,0.0
36.0,3.0,8.49,7.42,7.0,17.0,10.0,8.0,11.27,1.61,71.68,2.0
20.0,2.0,12.61,4.05,4.0,1.0,1.0,2.0,16.05,1.51,57.04,1.0
31.0,16.0,5.31,8.23,0.0,7.0,20.0,5.0,7.7,1.99,17.98,0.0
38.0,6.0,7.26,8.08,4.0,13.0,2.0,9.0,11.21,0.7,75.11,2.0
34.0,3.0,9.77,4.1,7.0,1.0,12.0,1.0,10.86,0.25,52.34,1.0
28.0,12.0,10.76,6.71,1.0,16.0,6.0,6.0,11.87,1.15,72.75,2.0
26.0,11.0,11.63,8.53,3.0,9.0,1.0,0.0,15.49,1.02,52.61,1.0
21.0,0.0,7.18,4.91,7.0,17.0,1.0,8.0,11.9,0.57,82.86,2.0
28.0,18.0,5.46,5.76,3.0,5.0,2.0,0.0,8.99,0.47,53.795,0.0
29.0,19.0,13.55,5.66,5.0,16.0,12.0,8.0,17.46,1.6,93.78,2.0
21.0,17.0,4.76,5.78,3.0,17.0,11.0,0.0,9.06,1.51,36.99,1.0
38.0,10.0,4.96,4.21,4.0,13.0,0.0,0.0,7.41,0.41,31.49,0.0
30.0,19.0,8.95,6.46,0.0,9.0,17.0,7.0,10.38,1.74,55.17,1.0
32.0,2.0,12.19,5.47,4.0,3.0,4.0,0.0,16.92,0.27,51.37,1.0
29.0,16.0,11.75,8.33,4.0,17.0,14.0,7.0,16.5,0.22,93.75,2.0
33.0,11.0,13.38,5.76,7.0,10.0,26.0,2.0,16.15,0.7,82.73,2.0
37.0,9.0,5.42,6.24,7.0,15.0,9.0,3.0,7.29,1.77,38.53,1.0
38.0,7.0,7.76,5.9,3.0,3.0,5.0,1.0,12.33,1.39,12.16,0.0
41.0,14.0,6.82,4.6,4.0,18.0,17.0,5.0,10.65,0.79,81.13,2.0
28.0,4.0,12.61,8.95,1.0,5.0,14.0,6.0,13.64,0.31,51.49,1.0
44.0,3.0,8.88,8.13,2.0,7.0,13.0,9.0,10.31,1.43,63.7,1.0
26.0,19.0,4.27,6.7,2.0,17.0,23.0,2.0,9.2,1.2,6.33,0.0
22.0,18.0,11.08,6.38,2.0,18.0,15.0,8.0,12.23,1.98,85.79,2.0
39.0,3.0,7.89,7.25,5.0,17.0,3.0,2.0,10.02,1.53,61.36,1.0
25.0,14.0,9.31,5.63,7.0,15.0,18.0,6.0,12.5,0.2,85.9,2.0
40.0,16.0,12.94,4.25,6.0,6.0,20.0,3.0,14.68,1.46,75.52,2.0
21.0,11.0,6.57,6.02,6.0,16.0,29.0,4.0,8.5,0.51,67.94,1.0
25.0,2.0,6.4,8.92,3.0,2.0,7.0,8.0,8.81,1.92,28.99,0.0
22.0,9.0,6.63,4.91,6.0,14.0,24.0,2.0,8.71,0.04,65.34,1.0
35.0,14.0,7.38,6.64,3.0,3.0,0.0,2.0,12.02,0.48,38.23,1.0
27.0,9.0,5.07,4.04,2.0,15.0,19.0,8.0,8.07,1.0,57.46,1.0
21.0,17.0,10.97,4.61,7.0,13.0,21.0,8.0,13.08,0.16,100.0,2.0
36.0,0.0,6.07,6.94,0.0,16.0,21.0,3.0,8.32,0.69,29.8,0.0
28.0,2.0,13.26,5.49,5.0,8.0,12.0,0.0,14.42,0.99,74.97,2.0
31.0,11.0,6.16,8.53,2.0,6.0,8.0,5.0,7.36,0.89,12.17,0.0
22.0,0.0,6.56,6.03,7.0,13.0,0.0,8.0,10.43,0.92,90.49,2.0
30.0,2.0,6.97,5.04,4.0,11.0,14.0,5.0,8.42,1.76,53.88,1.0
20.0,2.0,11.69,6.46,7.0,16.0,28.0,4.0,14.59,1.01,91.35,2.0
42.0,4.0,8.28,7.97,6.0,8.0,14.0,9.0,12.65,1.88,38.59,1.0
32.0,10.0,12.19,4.1,2.0,11.0,13.0,2.0,14.66,0.3,83.59,2.0
32.0,0.0,11.85,6.53,6.0,11.0,4.0,2.0,14.23,0.56,73.15,2.0
24.0,3.0,13.29,7.87,2.0,7.0,25.0,1.0,17.78,1.31,56.78,1.0
40.0,3.0,11.57,4.52,6.0,9.0,16.0,6.0,16.03,0.57,75.39,2.0
36.0,16.0,4.52,8.51,0.0,9.0,5.0,8.0,9.04,0.69,26.12,0.0
44.0,13.0,12.37,5.32,3.0,4.0,8.0,5.0,15.66,1.8,62.38,1.0
42.0,17.0,13.38,4.85,7.0,19.0,19.0,9.0,18.19,1.08,100.0,2.0
43.0,0.0,13.94,6.95,6.0,0.0,25.0,0.0,18.22,0.67,53.28,1.0
44.0,15.0,5.25,4.88,3.0,8.0,25.0,5.0,7.91,1.55,37.63,1.0
25.0,2.0,10.13,7.4,4.0,14.0,24.0,7.0,13.65,0.14,72.39,2.0
40.0,8.0,5.99,6.45,2.0,1.0,18.0,7.0,7.48,1.13,23.11,0.0
41.0,3.0,6.63,4.55,1.0,3.0,26.0,9.0,9.84,0.2,41.48,1.0
30.0,4.0,11.46,6.46,4.0,3.0,22.0,2.0,13.51,0.35,68.88,1.0
37.0,10.0,13.78,7.37,6.0,2.0,20.0,0.0,15.91,0.12,58.22,1.0
23.0,8.0,9.95,6.73,3.0,15.0,25.0,4.0,11.45,1.8,79.39,2.0
22.0,2.0,12.51,5.87,0.0,7.0,16.0,5.0,14.94,0.1,57.17,1.0
32.0,5.0,8.99,4.67,6.0,6.0,6.0,9.0,7.02,1.03,46.74,1.0
42.0,10.0,4.37,7.54,3.0,11.0,7.0,8.0,7.77,1.02,36.98,1.0
28.0,8.0,9.97,8.07,3.0,11.0,14.0,1.0,12.19,0.77,48.68,1.0
40.0,14.0,7.89,4.63,6.0,3.0,5.0,0.0,12.06,0.99,36.02,1.0
25.0,2.0,12.9,6.47,0.0,14.0,0.0,6.0,15.98,0.9,68.75,1.0
31.0,0.0,7.02,6.42,2.0,5.0,8.0,1.0,10.57,1.5,23.68,0.0
21.0,19.0,8.32,5.75,2.0,2.0,6.0,1.0,10.43,1.82,23.18,0.0
22.0,18.0,8.99,7.95,6.0,6.0,29.0,2.0,13.54,0.6,44.55,1.0
22.0,13.0,6.73,4.5,6.0,5.0,21.0,3.0,10.23,0.05,57.92,1.0
31.0,16.0,13.08,5.03,6.0,0.0,19.0,6.0,17.53,1.79,75.81,2.0
34.0,13.0,8.65,4.01,3.0,7.0,18.0,5.0,10.29,1.96,53.66,1.0
28.0,16.0,8.24,5.86,6.0,0.0,3.0,5.0,10.76,0.87,43.8,1.0
42.0,13.0,12.5,5.46,4.0,15.0,0.0,6.0,13.95,0.91,100.0,2.0
27.0,11.0,7.12,8.33,1.0,2.0,8.0,2.0,8.98,0.29,10.93,0.0
30.0,15.0,12.17,7.73,6.0,1.0,1.0,2.0,14.75,0.95,47.1,1.0
35.0,0.0,5.22,4.42,4.0,5.0,15.0,1.0,9.8,0.61,32.18,0.0
44.0,12.0,5.83,7.7,5.0,7.0,1.0,4.0,9.06,1.99,19.46,0.0
41.0,5.0,13.51,7.38,4.0,6.0,2.0,6.0,15.83,0.37,74.8,2.0
23.0,16.0,12.42,5.41,3.0,6.0,13.0,2.0,16.41,0.76,47.85,1.0
20.0,11.0,7.88,4.08,3.0,18.0,12.0,6.0,8.96,1.23,89.27,2.0
43.0,18.0,10.38,4.58,1.0,17.0,16.0,7.0,12.86,0.69,99.76,2.0
26.0,5.0,13.43,5.25,1.0,2.0,9.0,2.0,16.83,0.95,41.27,1.0
21.0,6.0,6.12,8.08,1.0,10.0,2.0,0.0,9.45,1.95,22.11,0.0
43.0,0.0,4.59,6.33,3.0,10.0,3.0,2.0,8.02,1.02,34.21,0.0
24.0,0.0,9.37,8.59,3.0,2.0,24.0,5.0,11.22,1.82,31.59,0.0
26.0,4.0,5.43,7.95,4.0,0.0,4.0,0.0,7.78,0.09,6.12,0.0
23.0,5.0,5.87,5.44,3.0,9.0,10.0,8.0,10.6,0.24,60.12,1.0
24.0,15.0,12.92,8.23,5.0,1.0,5.0,2.0,17.82,1.89,27.09,0.0
43.0,15.0,4.07,4.58,2.0,16.0,28.0,2.0,6.32,0.26,65.77,1.0
20.0,13.0,12.17,4.18,2.0,8.0,0.0,6.0,15.75,1.47,53.09,1.0
20.0,0.0,9.17,7.04,1.0,17.0,18.0,6.0,11.14,0.89,52.62,1.0
32.0,12.0,9.59,5.71,3.0,19.0,29.0,5.0,12.06,0.81,90.67,2.0
39.0,19.0,10.72,5.65,5.0,8.0,6.0,6.0,14.89,1.32,77.58,2.0
38.0,9.0,8.31,7.44,7.0,10.0,22.0,4.0,11.31,1.46,67.53,1.0
29.0,9.0,5.16,8.25,2.0,16.0,9.0,7.0,9.56,1.86,41.54,1.0
37.0,8.0,5.03,5.61,4.0,13.0,28.0,9.0,8.54,0.51,51.93,1.0
22.0,12.0,11.54,5.63,7.0,17.0,11.0,1.0,15.06,1.4,79.83,2.0
30.0,2.0,6.21,6.67,0.0,17.0,11.0,4.0,7.35,0.68,55.49,1.0
34.0,17.0,4.28,7.27,6.0,11.0,28.0,8.0,8.28,1.44,36.17,1.0
30.0,19.0,13.8,5.01,4.0,17.0,0.0,3.0,18.71,0.28,53.795,2.0
36.0,1.0,13.8,8.56,0.0,7.0,8.0,7.0,16.69,0.92,65.48,1.0
36.0,16.0,7.78,7.27,5.0,7.0,16.0,2.0,9.41,0.37,53.795,0.0
25.0,18.0,4.26,7.13,4.0,7.0,22.0,5.0,9.17,0.67,24.69,0.0
24.0,12.0,11.27,8.52,2.0,9.0,11.0,7.0,13.43,1.43,71.94,2.0
27.0,12.0,12.31,8.54,3.0,14.0,27.0,8.0,14.95,0.47,88.87,2.0
21.0,0.0,5.25,4.68,0.0,7.0,1.0,6.0,6.56,1.37,28.18,0.0
35.0,1.0,5.35,4.73,3.0,13.0,8.0,5.0,6.79,1.02,44.7,1.0
39.0,0.0,12.22,7.81,5.0,12.0,11.0,5.0,14.09,0.18,85.01,2.0
43.0,4.0,13.22,8.78,6.0,7.0,14.0,5.0,16.41,0.77,57.03,1.0
31.0,2.0,11.91,7.33,6.0,16.0,24.0,9.0,15.14,1.74,83.47,2.0
25.0,6.0,6.01,6.06,3.0,18.0,24.0,8.0,9.43,1.98,65.3,1.0
20.0,12.0,8.12,6.46,2.0,5.0,3.0,2.0,12.02,0.74,18.47,0.0
23.0,17.0,10.01,5.14,5.0,16.0,21.0,3.0,12.99,0.11,92.95,2.0
36.0,6.0,5.6,8.99,7.0,3.0,28.0,2.0,9.81,0.26,6.21,0.0
32.0,0.0,6.11,6.16,6.0,6.0,11.0,8.0,10.85,1.58,44.82,1.0
37.0,4.0,6.83,8.66,1.0,16.0,17.0,4.0,8.91,1.31,30.28,0.0
24.0,16.0,9.1,6.15,1.0,9.0,2.0,9.0,10.62,0.57,95.68,2.0
43.0,7.0,9.11,8.64,0.0,5.0,21.0,7.0,11.81,0.78,27.53,0.0
43.0,14.0,12.14,5.68,2.0,9.0,0.0,7.0,13.25,1.62,92.06,2.0
22.0,19.0,11.53,7.8,3.0,17.0,22.0,8.0,16.06,0.83,87.13,2.0
30.0,3.0,13.14,8.76,4.0,6.0,17.0,9.0,15.1,1.51,68.26,1.0
32.0,1.0,12.33,7.23,7.0,13.0,23.0,6.0,15.53,1.02,66.92,1.0
23.0,4.0,6.54,7.39,4.0,13.0,20.0,2.0,8.0,1.45,52.55,1.0
33.0,0.0,7.31,4.51,5.0,9.0,22.0,4.0,10.52,0.93,58.94,1.0
41.0,4.0,9.0,6.37,0.0,8.0,7.0,2.0,10.16,1.02,23.88,0.0
30.0,5.0,4.14,8.43,0.0,9.0,18.0,1.0,8.22,1.2,0.0,0.0
29.0,1.0,13.04,5.2,0.0,1.0,21.0,2.0,17.86,1.02,31.36,0.0
38.0,0.0,4.44,7.94,2.0,2.0,27.0,9.0,6.67,0.93,13.01,0.0
37.0,3.0,7.22,7.38,4.0,15.0,24.0,8.0,9.25,0.53,64.79,1.0
25.0,6.0,9.69,5.11,5.0,9.0,3.0,8.0,12.48,1.97,86.53,2.0
34.0,0.0,9.18,5.41,7.0,10.0,25.0,7.0,12.66,1.81,95.13,2.0
40.0,0.0,10.54,6.14,2.0,9.0,22.0,6.0,12.3,1.05,68.22,1.0
29.0,7.0,9.28,4.63,5.0,11.0,15.0,0.0,13.49,0.07,43.96,1.0
24.0,19.0,6.29,8.57,2.0,13.0,16.0,8.0,8.08,0.34,72.76,2.0
24.0,15.0,6.01,7.7,7.0,8.0,27.0,9.0,7.03,1.71,29.98,0.0
29.0,12.0,13.07,5.82,7.0,12.0,22.0,1.0,16.17,1.86,82.36,2.0
24.0,17.0,6.64,5.5,3.0,5.0,8.0,5.0,8.1,0.32,41.26,1.0
22.0,19.0,6.81,7.45,2.0,10.0,25.0,9.0,10.6,1.47,60.23,1.0
42.0,9.0,8.13,6.12,2.0,0.0,7.0,5.0,9.8,1.25,18.37,0.0
25.0,11.0,5.39,5.15,7.0,14.0,19.0,5.0,9.66,0.61,70.65,2.0
23.0,0.0,9.07,6.15,3.0,6.0,18.0,7.0,11.95,0.87,69.91,1.0
37.0,9.0,10.65,8.36,1.0,10.0,6.0,7.0,13.92,1.35,60.16,1.0
28.0,8.0,11.86,4.34,3.0,16.0,28.0,9.0,13.61,0.2,100.0,2.0
36.0,2.0,11.11,6.46,0.0,4.0,11.0,1.0,12.7,0.38,51.49,1.0
32.0,10.0,5.48,8.81,6.0,8.0,0.0,6.0,9.01,0.07,51.23,1.0
34.0,8.0,8.56,4.07,1.0,15.0,23.0,1.0,10.58,1.8,47.86,1.0
39.0,9.0,4.39,8.45,6.0,10.0,29.0,0.0,6.93,1.15,8.05,0.0
36.0,18.0,4.18,5.87,7.0,16.0,27.0,7.0,7.1,1.05,52.72,1.0
32.0,15.0,8.4,4.95,4.0,5.0,16.0,8.0,10.32,1.41,34.68,0.0
35.0,17.0,6.53,4.07,4.0,14.0,22.0,6.0,10.71,1.98,75.8,2.0
23.0,2.0,11.24,4.86,5.0,8.0,25.0,6.0,13.97,0.27,76.57,2.0
24.0,1.0,12.95,4.13,2.0,11.0,23.0,3.0,17.62,0.59,75.84,2.0
24.0,0.0,11.61,5.68,1.0,18.0,21.0,6.0,12.02,1.81,86.66,2.0
28.0,17.0,4.48,4.22,4.0,17.0,4.0,3.0,6.14,0.82,45.79,1.0
36.0,8.0,7.72,7.46,3.0,15.0,24.0,8.0,9.41,1.59,69.79,1.0
32.0,12.0,6.73,8.09,3.0,7.0,19.0,4.0,9.64,0.41,27.46,0.0
21.0,1.0,7.86,8.44,0.0,18.0,6.0,6.0,10.96,0.99,43.11,1.0
32.0,6.0,5.6,6.75,6.0,4.0,21.0,7.0,7.96,0.25,46.8,1.0
41.0,15.0,4.98,8.73,0.0,11.0,25.0,4.0,7.23,0.83,11.14,0.0
40.0,18.0,9.21,4.03,7.0,5.0,21.0,0.0,11.94,0.52,50.62,1.0
42.0,14.0,11.2,4.67,1.0,11.0,26.0,3.0,14.96,1.1,74.17,2.0
38.0,10.0,11.02,5.47,4.0,14.0,11.0,2.0,12.36,1.56,73.91,2.0
22.0,0.0,8.51,7.95,6.0,9.0,4.0,6.0,12.35,1.88,50.43,1.0
29.0,6.0,9.22,8.43,5.0,16.0,1.0,5.0,13.92,0.57,62.14,1.0
21.0,19.0,9.16,7.09,2.0,6.0,3.0,5.0,13.21,1.49,42.67,1.0
32.0,7.0,10.92,5.92,3.0,6.0,16.0,1.0,12.69,1.77,36.83,1.0
38.0,9.0,4.48,7.33,7.0,10.0,24.0,5.0,5.83,0.25,46.1,1.0
36.0,4.0,11.1,4.9,1.0,1.0,24.0,7.0,14.06,1.17,51.69,1.0
40.0,8.0,9.82,6.29,6.0,1.0,7.0,4.0,14.65,1.22,53.795,1.0
33.0,0.0,8.99,6.54,1.0,13.0,19.0,8.0,10.26,0.54,42.97,1.0
31.0,1.0,4.49,4.52,5.0,17.0,4.0,1.0,7.74,0.05,56.29,1.0
40.0,18.0,5.09,4.17,6.0,15.0,16.0,6.0,6.66,0.51,60.78,1.0
31.0,13.0,9.25,7.75,1.0,10.0,19.0,5.0,13.11,1.17,35.47,1.0
30.0,19.0,11.58,6.67,0.0,8.0,3.0,5.0,15.83,0.39,55.09,1.0
26.0,9.0,7.35,5.66,5.0,6.0,20.0,3.0,12.09,0.57,50.4,1.0
23.0,8.0,7.79,6.19,3.0,3.0,17.0,9.0,11.24,1.42,51.89,1.0
38.0,9.0,13.34,8.79,6.0,15.0,17.0,8.0,16.4,0.8,71.17,2.0
20.0,5.0,6.13,5.92,7.0,13.0,27.0,5.0,9.61,0.13,54.38,1.0
43.0,16.0,8.99,4.52,0.0,10.0,17.0,7.0,9.81,0.8,58.51,1.0
22.0,5.0,7.43,6.32,0.0,7.0,15.0,7.0,10.94,2.0,49.43,1.0
32.0,3.0,11.46,7.24,5.0,10.0,10.0,3.0,13.49,0.52,52.21,1.0
34.0,19.0,10.26,4.06,7.0,19.0,7.0,4.0,13.8,0.53,100.0,2.0
21.0,2.0,8.16,5.66,5.0,16.0,28.0,1.0,12.68,0.34,53.795,1.0
30.0,18.0,13.65,5.97,1.0,9.0,11.0,3.0,16.92,0.54,80.3,2.0
23.0,17.0,11.35,6.32,7.0,9.0,17.0,5.0,14.36,1.15,62.01,1.0
38.0,3.0,4.62,5.51,4.0,11.0,21.0,1.0,8.55,1.93,31.79,0.0
36.0,7.0,11.45,7.33,4.0,0.0,17.0,1.0,15.09,1.22,33.16,0.0
22.0,16.0,4.24,8.72,4.0,1.0,28.0,9.0,5.47,0.82,24.29,0.0
37.0,4.0,10.5,8.57,6.0,17.0,7.0,6.0,14.4,0.78,58.72,1.0
27.0,12.0,6.1,7.32,6.0,6.0,15.0,9.0,8.73,0.05,60.81,1.0
41.0,0.0,10.96,6.53,1.0,15.0,29.0,4.0,15.72,0.01,88.99,2.0
44.0,12.0,7.1,8.13,2.0,12.0,16.0,2.0,11.98,1.59,53.795,0.0
43.0,3.0,12.73,8.18,6.0,3.0,1.0,2.0,15.52,0.98,69.9,1.0
38.0,13.0,7.37,8.15,3.0,9.0,29.0,5.0,12.25,0.07,54.61,1.0
24.0,2.0,10.2,4.79,1.0,8.0,14.0,2.0,12.44,0.57,71.06,2.0
26.0,4.0,6.86,4.13,1.0,17.0,21.0,9.0,10.59,0.71,74.93,2.0
40.0,6.0,13.17,8.92,7.0,8.0,14.0,4.0,14.47,1.57,67.53,1.0
27.0,0.0,11.81,8.8,0.0,9.0,24.0,1.0,13.39,0.87,33.72,0.0
24.0,11.0,6.43,6.82,7.0,7.0,21.0,2.0,10.89,1.02,16.45,0.0
36.0,10.0,13.49,8.97,4.0,10.0,23.0,3.0,18.07,1.27,54.09,1.0
24.0,7.0,7.57,7.85,5.0,12.0,27.0,0.0,10.7,0.07,42.95,1.0
23.0,5.0,10.52,6.59,1.0,12.0,6.0,3.0,12.88,1.94,38.94,1.0
41.0,1.0,11.43,5.95,2.0,15.0,0.0,3.0,14.23,0.36,75.69,2.0
38.0,18.0,4.23,6.96,6.0,12.0,1.0,2.0,8.71,0.55,10.81,0.0
40.0,19.0,13.59,6.58,3.0,11.0,3.0,9.0,15.43,1.62,85.22,2.0
21.0,19.0,7.44,8.97,2.0,14.0,15.0,8.0,9.62,0.38,58.02,1.0
30.0,13.0,5.9,6.45,1.0,15.0,11.0,2.0,10.04,1.02,30.65,0.0
41.0,0.0,12.51,8.18,1.0,7.0,16.0,1.0,17.25,1.73,37.05,1.0
32.0,9.0,11.03,6.46,0.0,5.0,23.0,6.0,12.4,1.27,44.32,1.0
34.0,15.0,4.87,4.36,2.0,7.0,3.0,8.0,12.02,0.6,42.02,1.0
31.0,3.0,5.17,4.44,0.0,1.0,15.0,5.0,8.75,1.29,21.5,0.0
41.0,10.0,11.15,7.3,5.0,17.0,6.0,4.0,13.07,1.63,57.5,1.0
40.0,15.0,4.75,5.3,2.0,10.0,22.0,5.0,8.77,0.81,10.64,0.0
30.0,0.0,11.42,4.72,4.0,9.0,24.0,8.0,12.99,1.98,78.2,2.0
26.0,15.0,7.35,5.99,4.0,1.0,8.0,7.0,10.36,1.93,52.22,1.0
24.0,10.0,7.63,4.51,2.0,18.0,13.0,8.0,11.66,1.02,84.8,2.0
36.0,8.0,9.06,5.41,0.0,19.0,22.0,7.0,10.83,0.19,64.55,1.0
43.0,8.0,7.61,4.44,4.0,19.0,8.0,0.0,10.46,1.4,61.38,1.0
39.0,8.0,11.83,8.85,1.0,19.0,14.0,7.0,13.31,0.54,76.54,2.0
28.0,16.0,13.75,5.98,6.0,1.0,20.0,7.0,15.98,1.34,68.58,1.0
33.0,11.0,9.85,8.51,3.0,5.0,25.0,4.0,11.72,0.7,53.795,0.0
31.0,12.0,8.46,8.86,7.0,16.0,3.0,5.0,11.48,1.44,57.86,1.0
25.0,7.0,6.23,8.55,0.0,11.0,2.0,1.0,7.79,0.73,0.42,0.0
36.0,15.0,10.53,6.27,5.0,4.0,21.0,0.0,13.06,1.88,34.95,0.0
38.0,17.0,10.86,7.89,6.0,1.0,9.0,7.0,12.96,0.27,59.55,1.0
38.0,0.0,10.85,4.77,5.0,8.0,26.0,6.0,14.83,0.14,70.45,2.0
35.0,0.0,4.27,4.47,2.0,1.0,24.0,3.0,8.07,1.56,5.37,0.0
31.0,11.0,12.99,8.38,5.0,19.0,3.0,6.0,14.37,0.8,81.48,2.0
31.0,5.0,7.38,4.16,7.0,13.0,29.0,1.0,12.19,0.93,54.55,1.0
39.0,8.0,11.44,8.86,3.0,14.0,17.0,1.0,15.42,1.87,50.3,1.0
25.0,4.0,11.6,7.36,3.0,1.0,10.0,6.0,15.06,1.18,46.77,1.0
42.0,15.0,10.51,6.1,1.0,17.0,18.0,2.0,13.42,1.32,70.09,2.0
23.0,17.0,7.95,4.71,5.0,11.0,18.0,5.0,9.66,0.04,77.25,2.0
25.0,16.0,10.08,7.62,0.0,6.0,17.0,6.0,14.93,1.34,37.32,1.0
30.0,17.0,4.4,6.82,3.0,15.0,12.0,6.0,5.43,0.78,42.49,1.0
20.0,0.0,11.62,7.56,0.0,18.0,24.0,9.0,15.39,0.92,75.22,2.0
43.0,18.0,5.0,6.09,1.0,2.0,3.0,3.0,8.03,1.62,2.71,0.0
42.0,7.0,7.97,4.33,2.0,14.0,2.0,2.0,12.58,1.05,55.8,1.0
34.0,2.0,5.04,5.57,3.0,14.0,15.0,0.0,7.56,1.97,34.61,0.0
30.0,4.0,12.37,5.58,4.0,6.0,13.0,6.0,15.44,1.59,74.59,2.0
44.0,7.0,9.5,4.04,7.0,7.0,9.0,8.0,13.47,1.46,79.12,2.0
38.0,18.0,10.91,4.05,4.0,6.0,5.0,0.0,12.1,1.18,37.07,1.0
37.0,17.0,10.83,5.65,3.0,2.0,7.0,4.0,12.05,0.82,51.89,1.0
36.0,17.0,12.42,7.64,5.0,18.0,26.0,3.0,12.02,0.11,77.3,2.0
38.0,0.0,5.33,7.12,7.0,18.0,23.0,9.0,6.92,0.04,90.66,2.0
40.0,14.0,10.6,5.2,7.0,17.0,15.0,1.0,11.63,0.09,100.0,2.0
33.0,17.0,9.75,7.01,0.0,6.0,9.0,6.0,13.24,1.92,56.53,1.0
37.0,6.0,4.31,7.24,6.0,18.0,21.0,6.0,8.49,0.65,46.13,1.0
38.0,15.0,6.01,6.61,3.0,4.0,20.0,7.0,10.84,1.4,38.17,1.0
34.0,15.0,6.68,6.61,0.0,12.0,26.0,2.0,12.02,1.19,6.09,0.0
34.0,14.0,4.73,5.85,5.0,1.0,6.0,5.0,6.85,1.14,32.25,0.0
23.0,5.0,7.55,4.62,4.0,17.0,18.0,3.0,12.01,1.16,64.11,1.0
26.0,8.0,4.27,5.93,7.0,3.0,27.0,2.0,8.65,0.6,2.4,0.0
32.0,6.0,9.53,5.73,4.0,3.0,25.0,3.0,13.03,1.77,44.89,1.0
22.0,13.0,6.12,6.96,0.0,7.0,17.0,0.0,8.21,1.84,53.795,0.0
35.0,10.0,6.87,6.46,5.0,10.0,12.0,6.0,11.5,1.29,39.28,1.0
28.0,15.0,13.1,5.88,4.0,0.0,7.0,6.0,14.81,1.73,64.6,1.0
27.0,5.0,9.03,7.55,4.0,8.0,14.0,6.0,10.2,0.12,60.33,1.0
39.0,15.0,6.69,8.06,1.0,5.0,27.0,1.0,10.88,0.2,17.88,0.0
32.0,19.0,9.98,6.46,4.0,3.0,13.0,0.0,13.23,1.12,15.07,0.0
36.0,15.0,6.02,8.51,7.0,5.0,8.0,8.0,8.01,1.69,38.26,1.0
36.0,11.0,4.74,4.35,2.0,12.0,11.0,5.0,8.42,0.63,23.76,0.0
36.0,16.0,4.21,8.51,0.0,8.0,5.0,4.0,8.28,1.1,14.29,0.0
20.0,4.0,13.52,4.82,4.0,13.0,19.0,4.0,17.9,0.02,97.43,2.0
27.0,12.0,11.25,5.69,0.0,11.0,21.0,7.0,13.38,1.97,63.37,1.0
38.0,7.0,12.0,7.03,6.0,3.0,27.0,0.0,13.1,1.53,40.73,1.0
25.0,4.0,13.81,8.53,6.0,7.0,22.0,5.0,16.85,0.72,56.77,1.0
22.0,11.0,13.32,5.28,5.0,16.0,11.0,2.0,17.74,1.97,99.1,2.0
24.0,8.0,11.37,7.82,6.0,9.0,23.0,1.0,13.2,0.18,50.19,1.0
32.0,2.0,10.94,7.55,6.0,2.0,18.0,4.0,13.62,0.93,49.63,1.0
34.0,2.0,7.37,4.8,4.0,3.0,11.0,3.0,9.4,0.12,42.3,1.0
33.0,0.0,5.04,6.4,1.0,7.0,21.0,8.0,6.09,0.67,17.41,0.0
35.0,11.0,8.99,5.52,5.0,10.0,25.0,2.0,11.3,0.63,54.67,1.0
37.0,8.0,8.99,7.9,6.0,1.0,21.0,2.0,17.59,1.89,46.83,1.0
41.0,8.0,8.43,8.63,2.0,7.0,25.0,3.0,10.82,0.85,23.48,0.0
41.0,17.0,10.91,7.58,0.0,6.0,6.0,6.0,13.02,0.65,37.83,1.0
30.0,17.0,9.75,8.86,7.0,0.0,14.0,4.0,14.51,1.28,26.56,0.0
22.0,6.0,5.77,4.25,7.0,1.0,15.0,9.0,9.4,1.37,45.17,1.0
41.0,3.0,9.92,4.19,7.0,12.0,14.0,5.0,12.02,1.97,74.94,2.0
29.0,12.0,9.4,8.47,2.0,10.0,3.0,2.0,13.44,1.09,31.71,0.0
29.0,16.0,8.99,8.49,6.0,2.0,5.0,4.0,11.3,1.51,29.19,0.0
40.0,1.0,9.13,4.54,1.0,1.0,15.0,1.0,12.38,0.76,26.72,0.0
35.0,13.0,5.64,5.79,6.0,15.0,14.0,3.0,7.72,0.34,39.69,1.0
31.0,2.0,8.63,8.18,7.0,0.0,1.0,2.0,12.97,0.86,24.86,0.0
21.0,4.0,10.06,4.64,3.0,6.0,23.0,2.0,13.46,0.84,50.26,1.0
28.0,13.0,8.89,5.34,3.0,2.0,2.0,3.0,10.86,0.84,29.98,0.0
32.0,2.0,8.89,7.4,0.0,15.0,14.0,7.0,13.49,1.39,67.26,1.0
22.0,6.0,4.78,8.91,5.0,5.0,24.0,7.0,8.1,0.81,24.17,0.0
43.0,17.0,5.91,7.99,1.0,13.0,7.0,0.0,8.89,1.91,18.99,0.0
44.0,12.0,7.21,7.89,6.0,10.0,11.0,4.0,8.35,1.97,29.09,0.0
34.0,9.0,8.19,5.71,0.0,18.0,21.0,1.0,12.83,1.05,44.19,1.0
22.0,12.0,9.94,7.31,5.0,0.0,25.0,9.0,14.75,1.12,48.19,1.0
38.0,10.0,12.63,4.57,0.0,12.0,1.0,5.0,15.88,0.82,66.75,1.0
37.0,8.0,5.59,8.96,0.0,19.0,14.0,2.0,8.36,0.71,13.25,0.0
27.0,1.0,4.15,6.4,2.0,8.0,7.0,9.0,6.59,1.97,45.07,1.0
36.0,4.0,8.49,7.19,4.0,10.0,26.0,9.0,10.56,0.08,61.73,1.0
27.0,16.0,8.32,8.38,1.0,0.0,21.0,8.0,11.62,0.82,27.77,0.0
26.0,3.0,9.52,4.0,2.0,12.0,10.0,8.0,11.03,0.3,53.795,2.0
26.0,16.0,12.33,8.88,5.0,9.0,16.0,7.0,17.01,1.45,53.795,2.0
22.0,8.0,12.02,5.8,4.0,0.0,21.0,1.0,13.72,0.39,33.93,0.0
20.0,19.0,5.0,5.7,0.0,9.0,28.0,1.0,8.98,1.77,10.06,0.0
32.0,1.0,13.34,4.73,3.0,19.0,20.0,1.0,15.57,0.75,85.57,2.0
44.0,17.0,5.1,8.29,6.0,16.0,21.0,4.0,7.0,1.83,44.89,1.0
24.0,10.0,10.35,8.35,2.0,4.0,28.0,9.0,13.58,1.97,53.795,1.0
20.0,10.0,10.72,4.1,7.0,5.0,0.0,8.0,14.78,1.54,64.37,1.0
34.0,7.0,10.8,4.28,1.0,16.0,19.0,6.0,14.71,1.25,90.68,2.0
24.0,0.0,6.65,8.59,1.0,9.0,22.0,6.0,8.59,0.3,36.37,1.0
32.0,16.0,7.3,4.61,4.0,10.0,28.0,2.0,9.62,1.87,33.59,0.0
27.0,11.0,9.49,7.1,2.0,12.0,14.0,2.0,13.97,1.55,49.54,1.0
27.0,3.0,6.0,7.1,0.0,9.0,20.0,9.0,9.89,0.58,44.74,1.0
24.0,12.0,4.2,8.35,7.0,13.0,21.0,2.0,8.05,0.94,22.78,0.0
28.0,8.0,9.62,6.86,4.0,12.0,1.0,0.0,11.7,0.14,70.99,2.0
20.0,6.0,8.65,6.17,5.0,3.0,23.0,7.0,12.82,1.32,52.79,1.0
23.0,4.0,10.57,8.87,1.0,19.0,9.0,1.0,13.0,0.25,48.18,1.0
22.0,4.0,5.47,5.14,7.0,16.0,19.0,6.0,8.08,1.3,67.58,1.0
21.0,16.0,12.41,5.31,5.0,17.0,5.0,8.0,14.56,1.34,100.0,2.0
27.0,8.0,5.46,4.42,7.0,10.0,2.0,1.0,12.02,0.65,32.03,0.0
42.0,5.0,12.91,8.88,2.0,9.0,24.0,0.0,15.59,1.9,39.2,1.0
28.0,18.0,8.5,7.53,3.0,17.0,12.0,4.0,9.57,1.56,60.45,1.0
21.0,15.0,9.5,4.06,7.0,18.0,23.0,9.0,12.32,0.99,94.03,2.0
33.0,1.0,8.99,7.52,7.0,8.0,29.0,4.0,16.87,1.84,53.59,1.0
33.0,9.0,7.0,6.02,5.0,4.0,14.0,0.0,11.84,1.71,6.62,0.0
23.0,15.0,5.82,6.46,6.0,0.0,5.0,8.0,7.13,1.38,9.6,0.0
25.0,4.0,8.46,5.39,0.0,4.0,8.0,2.0,10.59,0.31,38.53,1.0
30.0,14.0,6.44,7.55,6.0,2.0,9.0,1.0,9.42,0.99,20.14,0.0
27.0,12.0,6.75,4.06,6.0,18.0,17.0,4.0,8.22,1.22,69.25,1.0
22.0,12.0,12.64,8.43,2.0,5.0,8.0,5.0,15.45,1.09,33.91,0.0
33.0,14.0,10.07,4.7,7.0,9.0,23.0,3.0,13.39,1.91,56.52,1.0
32.0,10.0,4.0,7.32,3.0,4.0,17.0,8.0,8.28,0.03,21.94,0.0
21.0,10.0,8.99,7.15,3.0,11.0,4.0,0.0,11.4,1.79,38.73,1.0
32.0,17.0,7.2,4.49,1.0,16.0,12.0,9.0,9.09,0.08,67.7,1.0
38.0,3.0,7.83,8.88,4.0,1.0,11.0,6.0,11.82,0.67,19.99,0.0
25.0,9.0,10.3,6.46,6.0,13.0,8.0,7.0,13.45,1.85,83.26,2.0
35.0,0.0,8.42,7.14,4.0,11.0,18.0,4.0,11.22,1.38,34.24,0.0
21.0,4.0,10.29,7.99,4.0,12.0,19.0,6.0,15.03,1.3,53.84,1.0
27.0,12.0,5.47,8.7,2.0,4.0,0.0,7.0,9.28,1.31,27.57,0.0
36.0,0.0,13.7,7.02,7.0,4.0,10.0,7.0,17.43,0.64,92.45,2.0
42.0,7.0,11.3,5.3,4.0,16.0,4.0,8.0,12.35,1.06,84.69,2.0
32.0,2.0,6.5,8.18,2.0,4.0,6.0,4.0,10.96,1.26,9.22,0.0
29.0,2.0,11.24,4.82,0.0,18.0,12.0,1.0,15.41,0.61,79.57,2.0
35.0,6.0,9.75,4.11,4.0,3.0,22.0,5.0,11.95,1.59,62.94,1.0
25.0,3.0,5.09,8.54,2.0,6.0,5.0,0.0,7.26,0.64,1.04,0.0
21.0,2.0,5.78,6.88,7.0,16.0,12.0,9.0,6.99,0.14,66.61,1.0
21.0,14.0,4.41,4.35,1.0,10.0,5.0,5.0,5.61,0.4,44.68,1.0
32.0,7.0,12.09,6.9,2.0,5.0,14.0,2.0,15.76,0.82,51.93,1.0
43.0,2.0,9.52,4.73,5.0,12.0,7.0,2.0,11.26,1.82,58.81,1.0
34.0,6.0,7.17,4.16,2.0,11.0,10.0,6.0,11.86,0.83,77.02,2.0
21.0,17.0,5.26,4.58,6.0,4.0,9.0,3.0,9.63,0.18,38.16,1.0
26.0,10.0,8.84,7.88,5.0,9.0,8.0,4.0,11.24,0.39,53.795,1.0
22.0,10.0,9.25,7.78,1.0,10.0,3.0,5.0,11.77,1.09,50.48,1.0
27.0,16.0,11.02,7.02,7.0,8.0,14.0,9.0,13.33,0.36,74.98,2.0
42.0,5.0,13.7,5.05,6.0,12.0,3.0,5.0,15.07,0.13,96.57,2.0
33.0,7.0,8.35,7.69,2.0,2.0,23.0,1.0,9.48,1.43,22.12,0.0
43.0,0.0,8.06,6.04,6.0,16.0,14.0,2.0,10.87,1.57,66.52,1.0
42.0,9.0,7.7,6.55,7.0,17.0,20.0,0.0,12.47,1.7,21.93,0.0
41.0,18.0,12.27,8.49,1.0,4.0,9.0,2.0,16.94,1.69,28.86,0.0
26.0,2.0,5.56,6.29,6.0,15.0,13.0,7.0,9.8,0.76,56.39,1.0
40.0,3.0,7.44,7.13,4.0,15.0,24.0,3.0,10.95,1.47,49.9,1.0
26.0,10.0,11.25,8.81,3.0,10.0,5.0,1.0,15.67,1.17,34.97,0.0
20.0,14.0,4.16,6.26,4.0,3.0,15.0,3.0,7.22,0.05,15.25,0.0
36.0,0.0,6.89,6.8,5.0,8.0,24.0,6.0,8.61,0.8,46.07,1.0
28.0,8.0,10.41,6.92,7.0,14.0,11.0,8.0,14.15,0.11,72.67,2.0
40.0,10.0,5.86,5.2,0.0,11.0,14.0,4.0,10.54,0.17,39.56,1.0
32.0,18.0,7.03,7.68,2.0,15.0,14.0,4.0,8.11,0.11,59.24,1.0
40.0,12.0,8.86,7.63,6.0,3.0,0.0,4.0,10.87,1.92,21.45,0.0
38.0,15.0,8.22,5.07,1.0,2.0,29.0,9.0,10.28,1.69,46.47,1.0
40.0,3.0,5.06,4.07,4.0,3.0,3.0,8.0,6.46,0.88,43.14,1.0
38.0,0.0,13.38,8.99,7.0,1.0,24.0,6.0,15.28,0.5,44.07,1.0
44.0,19.0,4.44,6.91,6.0,9.0,12.0,2.0,6.98,0.14,44.09,1.0
44.0,12.0,11.5,4.91,2.0,6.0,6.0,1.0,16.26,0.86,51.46,1.0
41.0,0.0,4.71,5.42,4.0,1.0,14.0,8.0,9.15,1.2,42.15,1.0
36.0,4.0,8.67,7.09,3.0,0.0,5.0,2.0,13.45,1.59,15.17,0.0
42.0,4.0,5.75,4.69,2.0,17.0,29.0,7.0,7.23,0.1,72.05,2.0
42.0,13.0,5.41,4.19,6.0,7.0,13.0,3.0,6.52,0.84,33.83,0.0
29.0,13.0,5.26,7.99,1.0,7.0,17.0,4.0,6.7,1.95,15.41,0.0
29.0,7.0,8.53,7.58,3.0,9.0,3.0,7.0,13.19,0.24,64.7,1.0
23.0,3.0,9.15,5.55,2.0,17.0,0.0,4.0,10.78,0.8,52.8,1.0
27.0,6.0,5.33,6.46,4.0,10.0,28.0,9.0,8.62,0.55,62.97,1.0
41.0,10.0,13.79,6.43,6.0,0.0,2.0,1.0,15.7,0.27,62.06,1.0
39.0,18.0,6.58,5.38,3.0,6.0,12.0,5.0,7.66,1.68,34.49,0.0
39.0,14.0,8.59,5.99,1.0,7.0,17.0,6.0,9.93,1.39,48.3,1.0
37.0,3.0,6.16,5.37,2.0,13.0,28.0,0.0,10.0,0.82,42.64,1.0
33.0,18.0,8.94,4.88,4.0,18.0,3.0,9.0,10.67,0.74,78.69,2.0
32.0,8.0,11.56,5.93,6.0,7.0,3.0,8.0,13.48,1.66,79.54,2.0
33.0,12.0,9.21,8.82,4.0,18.0,10.0,5.0,11.72,0.18,80.64,2.0
39.0,13.0,6.86,5.33,7.0,3.0,13.0,3.0,10.49,0.29,36.14,1.0
40.0,13.0,6.48,5.68,5.0,9.0,24.0,1.0,9.36,1.81,25.21,0.0
43.0,9.0,11.59,5.65,3.0,9.0,6.0,8.0,16.37,1.63,68.75,1.0
34.0,15.0,5.18,6.4,6.0,3.0,28.0,5.0,7.92,1.55,28.43,0.0
41.0,4.0,7.7,8.22,2.0,7.0,2.0,8.0,9.5,1.25,55.52,1.0
23.0,5.0,5.51,6.01,5.0,6.0,6.0,1.0,8.65,0.58,46.32,1.0
32.0,1.0,6.58,8.03,4.0,14.0,7.0,4.0,9.38,1.87,55.13,1.0
42.0,12.0,5.53,4.58,3.0,7.0,11.0,5.0,9.68,0.98,35.97,1.0
27.0,12.0,12.87,8.47,0.0,9.0,6.0,4.0,17.61,0.56,49.07,1.0
37.0,18.0,11.32,4.93,6.0,6.0,23.0,5.0,15.67,0.73,56.82,1.0
31.0,17.0,9.61,4.2,4.0,18.0,15.0,2.0,12.17,0.03,85.56,2.0
42.0,18.0,8.99,4.79,3.0,2.0,29.0,8.0,8.1,1.02,72.87,2.0
33.0,0.0,9.1,4.95,0.0,8.0,24.0,1.0,13.76,0.38,44.86,1.0
21.0,7.0,9.21,6.54,6.0,15.0,16.0,1.0,11.75,0.27,66.97,1.0
37.0,15.0,9.9,6.25,3.0,13.0,25.0,4.0,13.98,0.06,67.77,1.0
43.0,1.0,4.6,7.58,4.0,6.0,21.0,9.0,9.56,0.45,42.99,1.0
21.0,7.0,13.73,4.25,0.0,11.0,14.0,2.0,17.04,0.21,72.38,2.0
30.0,5.0,8.65,6.49,7.0,0.0,16.0,1.0,11.57,0.09,37.09,1.0
28.0,15.0,13.27,5.66,6.0,15.0,17.0,5.0,17.07,0.27,96.37,2.0
31.0,10.0,4.1,7.15,3.0,2.0,25.0,5.0,5.88,0.4,19.67,0.0
36.0,16.0,6.48,4.22,2.0,0.0,3.0,6.0,9.43,0.83,33.25,0.0
34.0,18.0,5.04,4.17,0.0,5.0,16.0,3.0,7.29,1.17,26.86,0.0
44.0,10.0,11.7,6.14,3.0,1.0,14.0,7.0,13.36,0.64,50.62,1.0
36.0,10.0,7.2,8.06,2.0,6.0,21.0,2.0,10.64,0.28,35.26,1.0
37.0,3.0,12.4,7.36,7.0,7.0,16.0,9.0,15.7,1.88,87.88,2.0
41.0,10.0,12.32,4.08,0.0,12.0,12.0,0.0,16.36,1.03,61.14,1.0
25.0,7.0,10.68,4.89,3.0,15.0,24.0,4.0,15.17,1.48,68.8,1.0
36.0,8.0,10.66,5.13,4.0,9.0,25.0,5.0,12.54,1.39,54.2,1.0
42.0,1.0,11.0,6.12,0.0,3.0,2.0,5.0,15.12,0.57,28.02,0.0
43.0,15.0,10.74,6.93,0.0,12.0,11.0,1.0,13.21,1.02,43.46,1.0
37.0,5.0,7.87,5.08,6.0,16.0,26.0,2.0,11.39,1.2,64.57,1.0
27.0,18.0,10.83,5.91,2.0,7.0,16.0,2.0,15.23,0.7,53.02,1.0
28.0,7.0,12.97,6.92,5.0,7.0,21.0,6.0,14.99,1.34,89.9,2.0
25.0,13.0,7.33,5.92,6.0,6.0,21.0,0.0,10.73,1.58,23.95,0.0
32.0,15.0,13.45,4.72,5.0,0.0,6.0,3.0,16.37,0.73,57.61,1.0
31.0,11.0,4.14,6.46,3.0,14.0,6.0,2.0,8.3,0.03,33.78,0.0
44.0,4.0,7.49,5.62,4.0,14.0,25.0,9.0,11.28,0.7,65.31,1.0
30.0,18.0,5.32,8.32,4.0,18.0,10.0,6.0,9.4,0.23,65.46,1.0
44.0,17.0,5.27,6.46,0.0,3.0,15.0,0.0,7.42,0.31,17.21,0.0
20.0,8.0,12.15,4.95,5.0,5.0,3.0,7.0,15.97,0.73,86.22,2.0
30.0,1.0,13.18,4.76,2.0,9.0,15.0,9.0,16.6,0.42,100.0,2.0
38.0,19.0,11.78,5.74,2.0,11.0,4.0,6.0,14.61,1.87,68.97,1.0
28.0,11.0,13.77,6.06,6.0,3.0,18.0,7.0,16.28,1.31,83.79,2.0
21.0,1.0,6.16,8.66,2.0,5.0,21.0,7.0,8.49,1.04,38.44,1.0
31.0,9.0,5.41,5.51,0.0,13.0,28.0,8.0,6.45,0.02,51.69,1.0
23.0,0.0,9.21,8.34,6.0,12.0,13.0,0.0,10.89,0.21,61.97,1.0
23.0,3.0,12.29,6.53,1.0,2.0,6.0,8.0,13.53,1.58,57.19,1.0
37.0,11.0,4.4,8.43,2.0,14.0,8.0,0.0,8.79,0.78,15.4,0.0
34.0,8.0,13.96,7.51,1.0,2.0,24.0,2.0,18.4,0.09,42.54,1.0
38.0,3.0,10.02,7.54,5.0,4.0,27.0,6.0,14.4,1.65,49.9,1.0
32.0,8.0,13.79,6.59,4.0,12.0,12.0,7.0,18.06,0.61,100.0,2.0
38.0,5.0,7.65,8.2,6.0,14.0,15.0,4.0,9.54,0.77,31.0,0.0
36.0,0.0,8.58,5.27,5.0,16.0,20.0,0.0,11.55,1.95,57.5,1.0
25.0,9.0,11.52,6.46,6.0,5.0,3.0,2.0,16.15,0.03,58.55,1.0
35.0,13.0,11.93,7.18,4.0,17.0,6.0,6.0,15.97,1.44,84.92,2.0
43.0,17.0,6.33,6.19,4.0,2.0,29.0,1.0,7.34,1.9,0.0,0.0
31.0,5.0,13.3,8.91,6.0,8.0,2.0,1.0,16.14,0.13,47.62,1.0
38.0,17.0,12.67,8.31,5.0,7.0,19.0,8.0,13.71,1.73,68.66,1.0
24.0,19.0,4.18,7.86,3.0,19.0,14.0,5.0,6.3,0.83,27.58,0.0
36.0,15.0,5.29,5.37,7.0,10.0,24.0,3.0,8.03,1.76,66.02,1.0
42.0,14.0,8.96,8.87,0.0,10.0,20.0,9.0,13.53,0.62,66.2,1.0
20.0,15.0,8.61,7.71,1.0,7.0,25.0,8.0,12.23,1.97,31.99,0.0
44.0,7.0,11.08,7.03,3.0,0.0,13.0,6.0,13.53,1.29,53.795,1.0
43.0,12.0,4.9,8.61,1.0,9.0,6.0,6.0,7.86,1.25,12.51,0.0
42.0,10.0,10.45,4.81,6.0,19.0,17.0,7.0,14.72,1.61,92.33,2.0
29.0,10.0,10.16,4.7,0.0,3.0,24.0,2.0,12.36,0.87,49.48,1.0
34.0,16.0,6.34,6.82,6.0,1.0,4.0,1.0,9.8,0.52,0.0,0.0
42.0,17.0,9.42,4.28,2.0,1.0,20.0,0.0,11.47,0.53,29.91,0.0
40.0,18.0,6.22,7.32,6.0,12.0,19.0,1.0,9.14,0.66,32.29,0.0
40.0,12.0,5.47,5.2,5.0,19.0,7.0,2.0,6.57,1.23,72.37,2.0
30.0,14.0,9.73,4.6,3.0,5.0,26.0,4.0,14.14,1.68,40.25,1.0
32.0,0.0,13.77,6.05,6.0,3.0,19.0,5.0,14.96,1.0,85.5,2.0
24.0,15.0,6.37,6.33,0.0,14.0,17.0,2.0,8.27,0.81,29.61,0.0
20.0,4.0,7.55,4.85,5.0,2.0,20.0,6.0,9.88,1.59,53.03,1.0
43.0,2.0,6.57,4.21,3.0,3.0,18.0,4.0,10.07,0.58,32.79,0.0
31.0,9.0,6.66,6.07,6.0,9.0,19.0,4.0,10.54,1.38,45.98,1.0
30.0,18.0,8.04,7.8,4.0,5.0,2.0,7.0,9.36,0.21,46.65,1.0
36.0,4.0,11.02,8.37,6.0,1.0,22.0,9.0,12.19,0.23,69.91,1.0
23.0,6.0,4.39,4.49,7.0,19.0,29.0,4.0,8.59,1.29,66.77,1.0
34.0,13.0,13.57,6.62,3.0,12.0,5.0,9.0,17.42,0.17,82.59,2.0
44.0,2.0,4.46,5.32,2.0,14.0,17.0,6.0,8.79,0.31,33.49,0.0
28.0,12.0,12.81,5.87,2.0,4.0,26.0,9.0,16.52,1.25,66.89,1.0
40.0,12.0,12.94,8.67,1.0,18.0,14.0,7.0,16.94,0.88,74.77,2.0
39.0,9.0,9.24,5.76,7.0,5.0,13.0,7.0,11.76,1.12,53.54,1.0
38.0,1.0,5.37,5.83,3.0,16.0,23.0,2.0,8.73,1.95,33.17,0.0
38.0,5.0,9.65,5.05,6.0,0.0,20.0,3.0,13.87,1.26,48.67,1.0
31.0,7.0,10.29,8.8,4.0,1.0,21.0,7.0,11.98,1.18,38.59,1.0
24.0,3.0,12.58,6.28,6.0,0.0,7.0,4.0,15.27,0.76,46.13,1.0
29.0,11.0,9.51,6.85,2.0,7.0,10.0,0.0,13.47,1.26,22.68,0.0
36.0,14.0,8.11,6.27,7.0,3.0,10.0,6.0,11.24,0.03,57.76,1.0
24.0,7.0,12.38,5.26,1.0,17.0,11.0,2.0,16.11,1.11,76.2,2.0
41.0,6.0,13.81,8.05,6.0,8.0,15.0,1.0,15.98,0.14,60.03,1.0
35.0,13.0,10.45,4.14,4.0,14.0,14.0,9.0,11.58,0.44,100.0,2.0
26.0,18.0,12.74,7.45,4.0,15.0,26.0,4.0,13.86,1.13,86.32,2.0
28.0,13.0,9.99,6.97,6.0,2.0,2.0,0.0,14.76,1.34,39.03,1.0
22.0,12.0,10.9,4.72,4.0,0.0,1.0,8.0,15.68,0.77,62.76,1.0
34.0,0.0,10.88,4.83,0.0,12.0,2.0,9.0,12.73,0.84,72.88,2.0
35.0,18.0,11.05,7.3,2.0,13.0,7.0,4.0,12.64,1.0,60.8,1.0
37.0,0.0,7.21,5.56,0.0,5.0,19.0,5.0,8.28,1.52,24.11,0.0
33.0,3.0,9.76,5.33,0.0,4.0,7.0,6.0,11.69,0.04,26.95,0.0
22.0,9.0,9.94,4.3,2.0,4.0,3.0,8.0,12.28,0.89,61.69,1.0
31.0,2.0,7.15,7.83,3.0,3.0,22.0,4.0,9.11,0.03,6.79,0.0
28.0,19.0,7.5,8.41,5.0,11.0,12.0,3.0,11.69,0.64,34.4,0.0
26.0,8.0,11.62,6.46,1.0,13.0,21.0,2.0,15.62,1.04,48.67,1.0
28.0,2.0,9.83,6.33,7.0,9.0,25.0,5.0,11.15,0.16,90.48,2.0
32.0,5.0,5.49,6.67,6.0,10.0,16.0,9.0,9.28,0.97,43.06,1.0
37.0,5.0,12.38,5.21,7.0,9.0,28.0,9.0,15.46,1.85,93.14,2.0
24.0,11.0,12.83,4.86,5.0,9.0,26.0,2.0,14.36,1.37,68.7,1.0
32.0,0.0,8.66,8.12,5.0,8.0,23.0,4.0,12.62,1.56,45.63,1.0
23.0,15.0,6.09,7.99,5.0,1.0,21.0,7.0,7.43,1.16,19.06,0.0
21.0,4.0,13.48,7.89,5.0,13.0,14.0,1.0,15.19,1.79,50.1,1.0
35.0,8.0,12.82,6.32,2.0,6.0,4.0,3.0,14.42,0.29,63.44,1.0
28.0,9.0,6.44,8.32,5.0,16.0,11.0,7.0,11.2,0.9,57.59,1.0
28.0,12.0,8.99,8.63,1.0,19.0,1.0,4.0,8.75,1.19,38.21,1.0
25.0,14.0,8.41,5.64,6.0,7.0,9.0,7.0,11.06,1.75,54.74,1.0
30.0,11.0,10.76,5.12,3.0,19.0,6.0,5.0,15.05,0.62,85.66,2.0
41.0,4.0,5.75,6.32,2.0,3.0,14.0,0.0,7.61,0.0,21.51,0.0
43.0,4.0,9.13,4.9,5.0,4.0,26.0,4.0,13.85,1.95,53.43,1.0
41.0,17.0,8.25,8.42,4.0,12.0,25.0,9.0,12.04,0.05,58.28,1.0
20.0,11.0,12.91,5.69,6.0,6.0,21.0,1.0,16.15,0.3,65.81,1.0
23.0,2.0,8.3,6.88,2.0,5.0,6.0,6.0,12.48,0.84,29.76,0.0
32.0,6.0,9.34,6.97,3.0,16.0,14.0,9.0,12.92,0.99,84.55,2.0
42.0,16.0,13.55,6.57,5.0,5.0,15.0,3.0,18.1,1.67,66.74,1.0
32.0,18.0,7.0,4.78,0.0,18.0,21.0,1.0,11.32,0.9,64.54,1.0
32.0,17.0,6.89,8.96,2.0,2.0,25.0,0.0,8.68,1.09,8.53,0.0
21.0,0.0,12.0,4.86,6.0,8.0,0.0,4.0,13.96,0.4,80.35,2.0
28.0,4.0,6.78,7.76,6.0,14.0,14.0,9.0,8.04,1.14,89.95,2.0
43.0,1.0,12.32,7.96,4.0,7.0,2.0,7.0,14.2,0.7,72.73,2.0
27.0,0.0,4.96,4.73,6.0,14.0,9.0,7.0,7.33,0.2,71.44,2.0
26.0,6.0,5.11,8.67,2.0,0.0,15.0,9.0,6.23,1.89,0.0,0.0
23.0,10.0,13.01,6.44,0.0,7.0,1.0,1.0,12.02,0.16,63.61,1.0
37.0,10.0,9.41,7.14,2.0,3.0,16.0,5.0,13.5,1.36,60.86,1.0
22.0,17.0,11.19,7.21,4.0,9.0,0.0,6.0,15.55,1.82,64.88,1.0
25.0,16.0,6.25,6.52,3.0,15.0,3.0,9.0,7.29,0.36,53.795,2.0
31.0,1.0,5.66,4.71,4.0,17.0,10.0,0.0,6.69,0.47,53.795,1.0
31.0,6.0,12.35,7.76,3.0,3.0,16.0,4.0,13.94,0.85,68.48,1.0
40.0,6.0,7.59,6.91,4.0,7.0,1.0,5.0,12.08,0.59,50.45,1.0
27.0,9.0,8.55,4.59,1.0,3.0,0.0,5.0,11.43,1.52,26.97,0.0
41.0,2.0,4.28,7.5,2.0,9.0,28.0,8.0,9.21,0.68,36.29,1.0
32.0,11.0,7.86,7.51,7.0,19.0,27.0,2.0,12.41,1.97,65.18,1.0
20.0,2.0,11.7,6.74,6.0,3.0,27.0,7.0,12.02,1.72,68.92,1.0
23.0,10.0,12.21,4.45,2.0,15.0,5.0,9.0,13.72,1.79,93.78,2.0
40.0,11.0,10.99,5.76,0.0,11.0,10.0,2.0,13.89,0.13,55.58,1.0
30.0,3.0,10.92,4.25,1.0,9.0,3.0,8.0,15.89,0.35,76.24,2.0
22.0,15.0,9.06,6.39,0.0,10.0,23.0,7.0,10.66,0.34,57.55,1.0
32.0,19.0,9.38,8.53,2.0,1.0,10.0,8.0,12.68,1.34,37.39,1.0
44.0,17.0,11.43,4.01,0.0,9.0,4.0,4.0,13.81,0.02,88.43,2.0
36.0,3.0,6.47,5.33,3.0,18.0,29.0,8.0,9.02,1.61,72.74,2.0
41.0,5.0,6.32,8.0,1.0,11.0,9.0,2.0,10.88,1.09,19.83,0.0
41.0,14.0,13.5,4.05,6.0,3.0,4.0,6.0,16.85,1.02,69.76,1.0
29.0,0.0,4.28,4.05,4.0,16.0,26.0,2.0,8.32,1.07,49.63,1.0
40.0,2.0,5.39,7.05,3.0,11.0,26.0,5.0,9.08,1.02,33.51,0.0
31.0,4.0,9.7,7.95,5.0,15.0,23.0,7.0,12.82,0.4,91.77,2.0
34.0,16.0,11.38,7.88,4.0,2.0,26.0,1.0,15.55,0.57,46.65,1.0
40.0,13.0,9.38,7.9,0.0,1.0,25.0,7.0,14.26,1.02,36.81,1.0
29.0,8.0,7.55,5.81,2.0,6.0,21.0,0.0,12.42,1.36,16.15,0.0
33.0,2.0,13.78,8.41,3.0,5.0,21.0,3.0,17.94,0.54,44.05,1.0
32.0,12.0,11.04,4.06,1.0,0.0,2.0,6.0,13.99,1.61,50.93,1.0
24.0,2.0,12.31,5.56,4.0,14.0,28.0,0.0,13.96,1.62,68.67,1.0
32.0,1.0,6.36,4.83,3.0,12.0,25.0,9.0,8.29,1.12,68.62,1.0
21.0,14.0,7.74,5.68,6.0,7.0,12.0,5.0,10.1,0.7,53.97,1.0
41.0,12.0,5.83,6.93,6.0,8.0,15.0,6.0,7.35,0.38,18.82,0.0
36.0,18.0,4.73,6.6,2.0,0.0,14.0,8.0,6.63,1.61,8.64,0.0
23.0,15.0,6.25,5.6,1.0,4.0,17.0,6.0,7.58,1.98,19.05,0.0
33.0,17.0,9.34,7.75,1.0,6.0,2.0,2.0,12.43,1.02,17.85,0.0
29.0,6.0,10.96,7.57,4.0,17.0,5.0,3.0,12.47,1.83,70.24,2.0
22.0,12.0,11.74,5.4,3.0,7.0,9.0,0.0,15.71,1.28,68.58,1.0
44.0,3.0,4.43,5.62,3.0,9.0,15.0,4.0,6.76,1.13,34.66,0.0
22.0,8.0,8.28,5.44,7.0,7.0,24.0,6.0,11.97,0.96,67.16,1.0
34.0,9.0,5.22,4.64,1.0,11.0,12.0,2.0,9.75,0.47,27.43,0.0
25.0,8.0,8.31,7.76,6.0,15.0,24.0,5.0,9.65,0.17,71.76,2.0
36.0,6.0,8.34,4.23,7.0,11.0,23.0,2.0,13.3,0.88,53.795,1.0
31.0,14.0,8.98,4.75,0.0,2.0,23.0,3.0,12.56,1.12,33.31,0.0
41.0,7.0,12.93,4.53,1.0,17.0,14.0,4.0,14.14,1.02,53.795,2.0
39.0,18.0,12.05,8.13,2.0,4.0,26.0,5.0,14.31,1.39,32.0,0.0
43.0,10.0,10.37,4.22,3.0,13.0,15.0,5.0,14.91,0.38,89.27,2.0
30.0,4.0,12.85,7.32,6.0,19.0,10.0,0.0,16.23,0.71,83.03,2.0
44.0,1.0,10.78,4.22,4.0,15.0,8.0,7.0,12.93,0.83,89.58,2.0
23.0,9.0,12.19,7.93,7.0,5.0,9.0,2.0,16.95,0.37,75.64,2.0
25.0,15.0,9.64,8.56,3.0,15.0,10.0,3.0,13.79,1.81,39.95,1.0
20.0,12.0,8.99,6.43,6.0,19.0,28.0,7.0,13.19,1.36,91.13,2.0
39.0,7.0,11.24,8.02,1.0,13.0,24.0,4.0,15.79,0.18,83.75,2.0
42.0,8.0,4.2,7.53,2.0,19.0,20.0,5.0,8.28,1.43,44.92,1.0
35.0,10.0,10.9,7.98,0.0,4.0,21.0,0.0,13.05,1.1,13.48,0.0
34.0,10.0,13.35,7.83,6.0,13.0,14.0,7.0,16.69,1.05,98.96,2.0
36.0,15.0,11.14,5.03,6.0,10.0,20.0,4.0,15.51,1.98,53.795,1.0
27.0,9.0,4.37,6.5,3.0,8.0,12.0,0.0,6.09,1.24,5.51,0.0
31.0,11.0,7.78,8.8,1.0,19.0,16.0,6.0,9.43,1.79,43.72,1.0
41.0,5.0,12.1,5.72,5.0,6.0,3.0,1.0,13.74,1.83,69.75,1.0
40.0,11.0,13.59,8.85,1.0,4.0,29.0,5.0,15.37,0.2,53.795,1.0
29.0,9.0,7.7,6.46,1.0,14.0,10.0,2.0,9.11,0.02,37.52,1.0
34.0,17.0,12.41,6.31,2.0,12.0,28.0,5.0,16.76,0.87,87.93,2.0
28.0,17.0,12.64,7.29,7.0,9.0,0.0,8.0,16.91,1.54,70.46,2.0
21.0,3.0,5.23,8.08,7.0,14.0,27.0,5.0,6.84,1.65,43.22,1.0
24.0,8.0,12.46,5.97,1.0,18.0,0.0,0.0,16.28,1.57,61.77,1.0
25.0,6.0,7.24,4.16,6.0,18.0,2.0,5.0,10.75,0.89,84.17,2.0
26.0,17.0,9.93,7.54,1.0,9.0,22.0,2.0,12.03,1.5,33.76,0.0
32.0,7.0,9.39,8.78,1.0,9.0,14.0,3.0,11.3,1.44,33.52,0.0
44.0,10.0,10.63,7.12,7.0,15.0,0.0,3.0,12.63,0.63,75.96,2.0
20.0,6.0,11.4,4.94,3.0,4.0,22.0,8.0,15.32,0.34,68.95,1.0
42.0,8.0,8.41,5.24,1.0,3.0,25.0,7.0,10.69,1.24,52.31,1.0
26.0,7.0,12.88,8.55,2.0,9.0,29.0,6.0,14.99,1.35,64.12,1.0
39.0,2.0,12.09,6.46,5.0,5.0,25.0,4.0,13.18,1.14,91.88,2.0
44.0,16.0,11.85,6.74,3.0,10.0,28.0,9.0,16.48,0.43,53.795,2.0
31.0,1.0,8.58,6.46,7.0,10.0,15.0,3.0,12.59,0.55,75.72,2.0
35.0,14.0,4.38,5.41,6.0,15.0,16.0,2.0,7.27,1.42,37.66,1.0
35.0,13.0,8.92,5.53,5.0,13.0,8.0,0.0,13.69,1.93,47.62,1.0
30.0,17.0,12.98,5.1,1.0,18.0,4.0,8.0,15.15,1.89,100.0,2.0
40.0,15.0,5.9,7.96,0.0,3.0,28.0,7.0,9.6,1.04,10.04,0.0
23.0,19.0,13.83,5.66,5.0,4.0,5.0,0.0,16.05,1.77,67.55,1.0
32.0,3.0,12.08,5.73,2.0,18.0,14.0,1.0,14.34,0.06,87.11,2.0
26.0,19.0,11.1,6.27,7.0,16.0,27.0,0.0,15.48,1.72,75.73,2.0
23.0,5.0,10.77,8.51,0.0,17.0,8.0,0.0,14.92,0.95,58.42,1.0
34.0,5.0,9.87,7.44,2.0,7.0,26.0,8.0,12.05,1.56,59.58,1.0
38.0,10.0,11.21,4.31,6.0,3.0,2.0,4.0,12.54,0.01,75.56,2.0
30.0,2.0,12.45,6.83,1.0,10.0,20.0,1.0,16.49,1.19,54.04,1.0
27.0,12.0,10.96,8.44,0.0,13.0,12.0,7.0,12.36,0.48,63.85,1.0
20.0,2.0,11.71,5.62,6.0,12.0,12.0,7.0,15.4,0.69,94.46,2.0
42.0,15.0,11.92,5.24,5.0,15.0,22.0,5.0,16.48,0.4,92.64,2.0
44.0,14.0,4.92,7.74,7.0,11.0,2.0,1.0,6.64,0.85,37.75,1.0
43.0,10.0,4.56,7.01,0.0,8.0,19.0,0.0,9.01,0.66,53.795,0.0
27.0,17.0,12.01,6.46,2.0,6.0,13.0,5.0,13.22,1.07,48.92,1.0
32.0,14.0,6.59,4.75,1.0,9.0,1.0,0.0,10.26,1.63,26.78,0.0
41.0,4.0,9.82,4.88,2.0,16.0,24.0,5.0,13.98,1.96,60.15,1.0
23.0,15.0,8.44,5.41,1.0,17.0,9.0,9.0,11.22,0.5,78.96,2.0
27.0,10.0,4.22,5.03,5.0,6.0,8.0,1.0,6.03,0.21,23.44,0.0
22.0,16.0,4.4,8.86,4.0,2.0,12.0,6.0,9.1,0.79,8.71,0.0
28.0,8.0,12.27,4.09,3.0,14.0,10.0,9.0,13.35,0.29,100.0,2.0
21.0,2.0,10.08,7.13,5.0,15.0,1.0,1.0,13.3,1.67,60.12,1.0
21.0,19.0,9.24,6.59,6.0,16.0,15.0,1.0,12.02,1.0,55.84,1.0
32.0,12.0,13.44,5.62,5.0,12.0,4.0,5.0,16.28,1.24,96.59,2.0
34.0,2.0,5.73,8.44,3.0,2.0,0.0,3.0,8.88,0.3,11.25,0.0
42.0,6.0,6.58,7.35,2.0,19.0,7.0,5.0,9.72,1.5,47.68,1.0
31.0,5.0,11.57,8.99,5.0,19.0,21.0,7.0,13.38,1.95,70.96,2.0
23.0,8.0,11.75,4.84,1.0,4.0,15.0,9.0,15.47,0.96,56.94,1.0
27.0,11.0,8.05,4.44,0.0,8.0,13.0,2.0,9.13,1.92,30.24,0.0
28.0,14.0,13.51,4.7,7.0,17.0,25.0,4.0,14.59,0.07,100.0,2.0
42.0,19.0,13.38,5.35,5.0,10.0,25.0,4.0,16.29,0.07,96.43,2.0
24.0,2.0,4.12,6.08,3.0,10.0,1.0,9.0,7.29,1.92,19.24,0.0
43.0,9.0,5.72,8.31,5.0,15.0,17.0,8.0,7.82,1.4,71.0,2.0
39.0,0.0,12.2,6.46,2.0,7.0,25.0,6.0,15.41,0.38,65.73,1.0
30.0,18.0,4.95,6.31,2.0,9.0,6.0,7.0,7.35,1.02,33.91,0.0
34.0,12.0,11.85,7.24,7.0,5.0,24.0,2.0,15.46,1.41,46.93,1.0
41.0,11.0,8.55,5.32,2.0,3.0,24.0,1.0,13.38,1.68,23.02,0.0
32.0,0.0,8.92,4.78,1.0,4.0,11.0,2.0,11.88,0.17,38.25,1.0
36.0,18.0,5.86,8.35,6.0,10.0,14.0,5.0,10.0,1.31,34.83,0.0
31.0,15.0,10.61,4.55,6.0,11.0,26.0,9.0,12.6,0.95,100.0,2.0
26.0,14.0,9.51,7.87,5.0,15.0,21.0,3.0,13.56,1.2,51.72,1.0
29.0,15.0,6.07,6.9,7.0,19.0,1.0,0.0,9.67,1.02,67.99,1.0
44.0,10.0,7.4,8.31,2.0,13.0,21.0,9.0,10.96,0.9,53.795,1.0
44.0,5.0,9.97,7.59,4.0,13.0,16.0,9.0,14.54,0.41,62.91,1.0
29.0,10.0,13.25,5.41,0.0,19.0,26.0,8.0,15.18,0.94,93.6,2.0
32.0,2.0,13.2,6.87,6.0,19.0,10.0,5.0,15.67,0.38,92.12,2.0
38.0,14.0,6.88,4.07,2.0,14.0,14.0,0.0,8.21,0.09,49.45,1.0
30.0,0.0,11.36,6.38,6.0,7.0,1.0,2.0,15.26,0.75,72.73,2.0
32.0,6.0,11.76,4.43,7.0,4.0,27.0,0.0,16.14,0.05,70.97,2.0
40.0,0.0,12.09,6.14,1.0,8.0,18.0,8.0,14.71,1.13,62.07,1.0
27.0,16.0,9.71,4.55,0.0,15.0,4.0,3.0,12.14,0.14,80.8,2.0
27.0,8.0,4.11,8.78,0.0,2.0,25.0,1.0,7.74,0.88,0.0,0.0
23.0,12.0,11.62,6.62,4.0,11.0,16.0,3.0,12.92,1.96,49.9,1.0
34.0,10.0,5.07,8.57,2.0,6.0,15.0,1.0,7.25,0.02,20.46,0.0
30.0,19.0,5.17,4.11,2.0,16.0,27.0,5.0,7.63,0.73,67.04,1.0
30.0,5.0,10.06,7.19,5.0,14.0,25.0,5.0,13.13,1.35,75.94,2.0
20.0,0.0,13.84,5.53,1.0,14.0,12.0,6.0,16.75,0.32,93.68,2.0
36.0,6.0,6.43,6.16,4.0,11.0,29.0,8.0,8.26,1.12,55.16,1.0
32.0,11.0,10.46,8.37,5.0,1.0,12.0,8.0,13.62,0.52,40.51,1.0
39.0,19.0,7.04,8.9,4.0,7.0,12.0,3.0,11.74,1.02,28.23,0.0
25.0,18.0,12.99,5.23,3.0,4.0,4.0,8.0,14.1,1.79,66.35,1.0
43.0,16.0,9.94,8.74,6.0,2.0,4.0,7.0,13.66,0.41,47.91,1.0
41.0,3.0,6.07,7.44,6.0,0.0,19.0,0.0,9.57,0.75,31.79,0.0
44.0,2.0,6.62,8.76,4.0,15.0,18.0,6.0,11.32,0.34,55.59,1.0
34.0,10.0,8.32,6.81,6.0,9.0,6.0,6.0,11.9,0.57,48.42,1.0
28.0,17.0,5.22,8.8,7.0,9.0,10.0,9.0,8.72,0.59,59.38,1.0
33.0,14.0,4.79,8.46,1.0,10.0,22.0,3.0,8.87,0.65,31.29,0.0
37.0,7.0,10.8,4.64,7.0,11.0,0.0,6.0,12.87,1.28,97.38,2.0
36.0,0.0,8.07,5.55,6.0,7.0,6.0,9.0,11.45,1.49,58.93,1.0
37.0,19.0,11.26,5.22,3.0,4.0,2.0,9.0,14.34,1.02,70.21,2.0
24.0,13.0,5.1,6.86,2.0,8.0,12.0,4.0,7.85,1.22,11.34,0.0
39.0,3.0,8.99,8.01,4.0,10.0,2.0,4.0,12.02,1.63,65.9,1.0
32.0,4.0,8.43,7.8,1.0,14.0,5.0,4.0,10.6,2.0,53.795,1.0
28.0,12.0,4.58,7.63,1.0,16.0,21.0,5.0,6.7,0.91,23.13,0.0
30.0,14.0,9.45,5.88,2.0,10.0,26.0,5.0,13.35,1.87,72.92,2.0
43.0,5.0,4.83,4.7,6.0,12.0,28.0,4.0,9.51,0.98,41.66,1.0
41.0,0.0,12.28,5.05,1.0,16.0,14.0,8.0,14.2,1.56,87.45,2.0
20.0,18.0,10.32,7.71,3.0,6.0,3.0,8.0,11.62,1.15,46.54,1.0
37.0,12.0,9.57,4.74,3.0,8.0,4.0,6.0,14.57,1.77,47.97,1.0
25.0,5.0,5.33,5.11,7.0,17.0,2.0,9.0,9.09,0.9,80.61,2.0
21.0,14.0,6.87,6.12,5.0,17.0,18.0,2.0,11.42,1.39,45.95,1.0
34.0,15.0,8.93,4.36,0.0,9.0,24.0,3.0,10.51,0.93,34.31,0.0
40.0,15.0,10.33,5.06,2.0,11.0,20.0,3.0,14.53,1.71,67.77,1.0
33.0,9.0,5.83,4.75,6.0,17.0,15.0,6.0,10.08,1.99,69.23,1.0
24.0,8.0,4.09,8.76,1.0,8.0,16.0,1.0,5.7,0.49,21.84,0.0
25.0,8.0,7.45,4.96,4.0,8.0,8.0,4.0,12.02,0.95,44.93,1.0
25.0,16.0,8.83,8.31,5.0,9.0,25.0,3.0,11.01,0.16,47.51,1.0
41.0,16.0,5.84,4.57,7.0,0.0,21.0,9.0,7.71,0.28,52.64,1.0
37.0,16.0,8.92,8.35,3.0,10.0,8.0,8.0,13.82,1.86,53.3,1.0
33.0,11.0,7.38,6.46,2.0,13.0,13.0,0.0,9.83,1.09,35.96,1.0
29.0,12.0,8.55,8.25,6.0,9.0,26.0,9.0,12.6,0.79,59.59,1.0
32.0,11.0,7.47,8.34,2.0,13.0,22.0,2.0,11.69,1.34,15.27,0.0
32.0,13.0,10.28,6.98,6.0,18.0,10.0,5.0,12.82,1.12,83.76,2.0
22.0,9.0,4.43,8.59,3.0,9.0,14.0,3.0,8.16,0.58,23.64,0.0
25.0,18.0,5.71,6.93,7.0,16.0,9.0,2.0,7.14,0.45,47.22,1.0
27.0,1.0,8.33,7.56,0.0,1.0,22.0,5.0,10.92,1.18,47.37,1.0
31.0,3.0,7.56,6.08,2.0,13.0,4.0,2.0,12.43,0.38,42.81,1.0
32.0,18.0,7.92,8.57,1.0,17.0,22.0,6.0,9.59,0.28,51.67,1.0
30.0,6.0,12.04,8.12,4.0,1.0,25.0,0.0,14.58,0.64,38.96,1.0
31.0,14.0,12.86,4.83,4.0,19.0,3.0,8.0,17.02,1.72,100.0,2.0
20.0,14.0,6.49,6.88,3.0,18.0,10.0,9.0,10.15,0.07,57.84,1.0
36.0,5.0,12.36,8.48,2.0,7.0,26.0,1.0,15.89,1.67,48.5,1.0
35.0,2.0,8.59,7.97,4.0,5.0,5.0,3.0,13.0,1.24,27.31,0.0
30.0,5.0,6.74,8.81,2.0,19.0,1.0,5.0,7.86,0.08,67.44,1.0
32.0,15.0,13.85,5.16,3.0,6.0,29.0,5.0,17.93,1.2,79.61,2.0
37.0,1.0,12.25,5.84,0.0,12.0,25.0,7.0,16.78,0.85,76.29,2.0
30.0,6.0,13.94,6.54,4.0,1.0,2.0,7.0,15.0,1.68,78.89,2.0
31.0,10.0,5.68,5.16,1.0,6.0,17.0,3.0,8.92,1.81,16.22,0.0
25.0,6.0,5.44,5.97,7.0,0.0,28.0,5.0,7.83,0.57,16.12,0.0
28.0,3.0,9.03,6.69,5.0,5.0,25.0,8.0,10.23,1.57,40.91,1.0
35.0,19.0,10.39,4.96,3.0,15.0,17.0,6.0,13.06,0.62,85.44,2.0
23.0,6.0,5.71,5.28,5.0,7.0,6.0,7.0,9.29,0.59,67.68,1.0
22.0,3.0,12.6,4.62,7.0,12.0,20.0,7.0,17.28,0.39,100.0,2.0
35.0,11.0,9.32,7.57,7.0,17.0,12.0,1.0,12.8,1.36,68.12,1.0
43.0,4.0,8.11,5.81,0.0,13.0,12.0,6.0,12.54,0.52,61.82,1.0
44.0,18.0,10.02,5.1,1.0,17.0,5.0,2.0,11.51,0.93,62.92,1.0
31.0,4.0,10.35,6.54,5.0,3.0,2.0,6.0,12.19,1.62,34.91,0.0
30.0,18.0,4.43,4.34,1.0,14.0,9.0,1.0,9.31,1.58,31.55,0.0
24.0,2.0,14.0,8.62,4.0,4.0,20.0,0.0,18.55,1.02,51.01,1.0
44.0,10.0,7.64,5.47,2.0,13.0,4.0,8.0,9.58,0.32,73.27,2.0
37.0,6.0,4.62,8.43,3.0,15.0,10.0,9.0,8.1,1.17,43.13,1.0
38.0,16.0,12.52,6.49,1.0,14.0,3.0,9.0,14.97,1.83,79.2,2.0
42.0,8.0,13.93,8.25,7.0,10.0,9.0,0.0,16.8,0.08,63.91,1.0
42.0,8.0,12.16,5.24,4.0,1.0,14.0,0.0,16.6,1.59,35.3,1.0
25.0,9.0,12.52,4.88,7.0,17.0,27.0,2.0,16.46,0.49,95.08,2.0
41.0,12.0,10.26,8.25,0.0,3.0,12.0,0.0,12.21,1.34,16.03,0.0
32.0,14.0,13.22,5.06,6.0,14.0,7.0,6.0,15.48,1.43,100.0,2.0
25.0,4.0,4.36,7.73,1.0,11.0,5.0,6.0,6.52,1.85,53.795,0.0
23.0,2.0,11.67,5.72,0.0,2.0,10.0,7.0,15.79,1.02,55.11,1.0
31.0,7.0,10.71,7.74,3.0,3.0,1.0,1.0,13.67,1.7,28.74,0.0
38.0,19.0,4.5,8.54,4.0,15.0,17.0,6.0,9.3,0.09,38.81,1.0
21.0,9.0,9.44,8.91,0.0,5.0,17.0,8.0,13.71,0.84,44.43,1.0
36.0,12.0,9.15,5.8,2.0,1.0,21.0,9.0,10.99,0.88,42.22,1.0
30.0,2.0,10.92,5.84,5.0,8.0,11.0,4.0,15.06,1.08,75.77,2.0
30.0,7.0,8.99,8.91,0.0,11.0,16.0,9.0,7.8,0.96,36.7,1.0
40.0,8.0,12.05,8.31,0.0,11.0,14.0,2.0,14.06,1.94,50.76,1.0
35.0,11.0,5.39,4.23,7.0,13.0,16.0,8.0,12.02,0.16,72.51,2.0
21.0,10.0,8.19,6.87,4.0,16.0,3.0,0.0,13.08,0.53,47.53,1.0
21.0,1.0,12.81,4.91,4.0,8.0,28.0,2.0,15.75,1.94,57.49,1.0
42.0,17.0,9.61,8.97,1.0,11.0,16.0,1.0,13.49,0.89,26.39,0.0
27.0,8.0,7.8,4.69,5.0,9.0,15.0,1.0,10.71,1.14,30.25,0.0
32.0,1.0,4.48,6.8,7.0,10.0,8.0,2.0,6.97,0.16,35.33,1.0
29.0,1.0,10.72,7.33,0.0,1.0,10.0,9.0,14.91,0.57,57.42,1.0
27.0,2.0,13.87,8.69,0.0,15.0,11.0,6.0,18.26,0.08,69.97,1.0
23.0,15.0,13.12,8.24,4.0,0.0,10.0,5.0,14.41,0.28,67.47,1.0
34.0,18.0,11.17,5.23,6.0,0.0,12.0,8.0,13.29,1.27,48.85,1.0
20.0,3.0,5.05,6.86,2.0,1.0,21.0,9.0,8.08,1.53,31.7,0.0
30.0,17.0,6.39,8.77,7.0,11.0,29.0,9.0,8.66,1.74,42.71,1.0
26.0,19.0,5.87,7.68,6.0,19.0,7.0,2.0,10.0,0.5,62.92,1.0
36.0,17.0,7.55,7.44,7.0,17.0,13.0,4.0,9.01,0.67,72.27,2.0
39.0,9.0,6.36,7.77,4.0,11.0,17.0,8.0,10.55,1.14,75.52,2.0
43.0,10.0,6.44,5.61,2.0,0.0,13.0,2.0,9.91,0.17,12.68,0.0
37.0,16.0,10.17,7.65,5.0,10.0,15.0,7.0,12.33,1.61,53.795,1.0
41.0,19.0,7.19,5.16,6.0,1.0,14.0,8.0,9.57,0.97,29.55,0.0
41.0,10.0,10.77,6.14,4.0,11.0,21.0,6.0,12.5,1.93,65.58,1.0
31.0,19.0,13.48,6.46,5.0,1.0,19.0,5.0,15.49,0.23,53.795,1.0
28.0,12.0,10.38,4.09,3.0,16.0,6.0,5.0,14.25,0.27,80.02,2.0
24.0,1.0,11.52,6.07,0.0,5.0,7.0,5.0,14.02,0.7,53.795,1.0
29.0,1.0,11.52,5.33,5.0,15.0,29.0,4.0,15.27,0.41,95.16,2.0
23.0,13.0,7.31,4.99,2.0,18.0,5.0,6.0,10.37,1.39,73.48,2.0
24.0,3.0,4.15,8.19,3.0,5.0,28.0,6.0,5.73,1.89,12.14,0.0
29.0,16.0,4.55,7.48,2.0,6.0,12.0,6.0,7.55,0.18,17.47,0.0
30.0,12.0,6.82,4.56,1.0,18.0,16.0,2.0,10.85,0.48,65.78,1.0
40.0,3.0,10.9,6.47,1.0,19.0,7.0,5.0,13.09,0.48,95.04,2.0
43.0,2.0,13.07,6.33,0.0,16.0,10.0,8.0,16.66,1.02,84.92,2.0
29.0,11.0,13.59,4.71,3.0,5.0,16.0,8.0,15.39,0.9,72.9,2.0
27.0,7.0,4.26,8.0,3.0,14.0,8.0,3.0,5.8,1.45,36.6,1.0
21.0,1.0,13.9,5.83,1.0,8.0,1.0,8.0,16.34,1.47,84.04,2.0
42.0,5.0,7.22,7.81,0.0,1.0,26.0,1.0,12.02,1.15,7.13,0.0
27.0,9.0,12.43,4.96,5.0,4.0,9.0,7.0,16.47,1.18,92.6,2.0
35.0,11.0,5.8,5.58,1.0,4.0,21.0,1.0,8.64,1.68,0.0,0.0
41.0,9.0,4.63,4.48,3.0,11.0,23.0,4.0,5.95,0.79,39.16,1.0
24.0,9.0,7.78,4.72,2.0,9.0,20.0,5.0,11.32,0.02,60.7,1.0
44.0,2.0,12.59,8.42,6.0,3.0,13.0,1.0,15.47,0.43,68.27,1.0
22.0,19.0,6.21,4.55,3.0,11.0,1.0,8.0,8.54,0.07,64.01,1.0
31.0,9.0,5.54,4.48,0.0,14.0,4.0,5.0,9.75,0.79,44.0,1.0
32.0,8.0,13.1,8.7,3.0,9.0,16.0,7.0,14.72,0.72,74.27,2.0
32.0,19.0,13.38,7.23,4.0,17.0,23.0,3.0,18.03,0.2,95.29,2.0
29.0,18.0,4.13,4.5,3.0,4.0,7.0,2.0,6.47,1.51,27.02,0.0
23.0,13.0,11.27,8.86,4.0,12.0,29.0,3.0,14.11,1.11,71.07,2.0
28.0,1.0,7.09,4.74,1.0,3.0,17.0,0.0,11.81,0.45,3.11,0.0
41.0,4.0,7.75,7.83,5.0,8.0,21.0,0.0,11.79,1.52,18.16,0.0
43.0,19.0,8.69,4.17,4.0,17.0,26.0,7.0,9.99,1.34,91.71,2.0
32.0,7.0,8.27,7.12,3.0,2.0,23.0,0.0,11.58,0.38,23.58,0.0
21.0,6.0,9.15,6.73,5.0,10.0,25.0,4.0,11.39,1.97,55.33,1.0
38.0,5.0,9.82,5.04,7.0,3.0,28.0,9.0,12.02,0.35,67.94,1.0
20.0,10.0,8.66,7.22,6.0,8.0,7.0,8.0,12.63,1.54,61.13,1.0
44.0,11.0,11.02,7.09,5.0,11.0,11.0,2.0,14.0,1.94,52.72,1.0
26.0,17.0,11.19,7.99,3.0,9.0,13.0,9.0,12.47,1.45,72.49,2.0
36.0,18.0,8.4,8.38,3.0,9.0,14.0,1.0,11.52,1.33,33.92,0.0
32.0,9.0,5.42,6.55,6.0,8.0,22.0,4.0,6.52,1.81,53.795,1.0
39.0,13.0,10.41,6.45,7.0,9.0,2.0,1.0,12.8,0.54,61.3,1.0
39.0,2.0,11.73,7.11,0.0,8.0,28.0,9.0,14.64,0.55,68.76,1.0
40.0,17.0,10.38,7.65,1.0,0.0,29.0,0.0,13.96,1.28,32.79,0.0
22.0,14.0,9.88,5.78,4.0,15.0,27.0,8.0,12.9,1.76,90.67,2.0
22.0,5.0,6.29,6.52,2.0,13.0,13.0,9.0,7.9,1.23,56.77,1.0
36.0,9.0,10.45,6.93,4.0,12.0,26.0,8.0,15.18,1.95,79.37,2.0
26.0,11.0,7.35,8.94,3.0,5.0,3.0,0.0,10.95,0.45,35.02,1.0
33.0,6.0,13.2,6.94,2.0,13.0,0.0,5.0,15.47,1.65,59.96,1.0
36.0,16.0,10.54,5.12,2.0,7.0,8.0,4.0,15.4,1.85,45.99,1.0
37.0,0.0,6.78,6.94,4.0,17.0,13.0,1.0,11.31,0.85,47.75,1.0
32.0,17.0,8.73,8.1,6.0,19.0,25.0,8.0,10.3,1.92,78.78,2.0
39.0,14.0,12.47,8.29,4.0,0.0,9.0,8.0,16.09,0.4,53.85,1.0
39.0,18.0,7.35,8.0,4.0,11.0,14.0,8.0,10.59,1.91,56.26,1.0
40.0,0.0,9.25,8.44,4.0,10.0,9.0,7.0,11.02,1.81,51.62,1.0
37.0,4.0,10.8,5.67,6.0,12.0,6.0,5.0,12.73,0.13,92.6,2.0
23.0,10.0,11.55,6.54,6.0,3.0,7.0,0.0,14.81,1.04,37.71,1.0
20.0,2.0,5.74,7.9,1.0,5.0,13.0,9.0,8.03,1.06,22.21,0.0
37.0,0.0,9.65,5.32,0.0,12.0,3.0,4.0,13.99,0.11,60.47,1.0
20.0,7.0,13.12,5.86,0.0,12.0,26.0,7.0,14.51,0.08,85.25,2.0
32.0,11.0,13.68,8.16,4.0,5.0,10.0,3.0,18.34,0.01,53.75,1.0
39.0,18.0,10.56,7.85,0.0,3.0,9.0,7.0,14.92,1.05,44.21,1.0
39.0,11.0,13.84,8.86,4.0,2.0,16.0,5.0,17.79,0.93,49.56,1.0
42.0,12.0,9.71,8.98,4.0,9.0,4.0,0.0,11.76,1.88,58.23,1.0
29.0,0.0,8.43,5.2,4.0,10.0,9.0,0.0,12.29,0.68,45.35,1.0
30.0,18.0,9.52,8.5,5.0,1.0,9.0,2.0,12.28,1.32,28.68,0.0
32.0,5.0,5.16,4.47,1.0,16.0,21.0,0.0,12.02,0.02,29.36,0.0
28.0,7.0,8.02,7.55,3.0,1.0,6.0,3.0,10.27,1.33,25.75,0.0
24.0,3.0,8.58,5.1,0.0,0.0,16.0,2.0,12.92,1.83,11.29,0.0
20.0,4.0,12.49,5.5,0.0,4.0,28.0,6.0,13.65,0.71,72.04,2.0
36.0,6.0,11.59,8.73,1.0,19.0,19.0,8.0,15.36,0.63,68.48,1.0
41.0,3.0,10.01,6.46,1.0,16.0,11.0,6.0,14.32,1.25,74.2,2.0
21.0,19.0,7.47,7.37,4.0,0.0,4.0,4.0,11.06,0.66,34.9,0.0
43.0,3.0,5.87,4.89,4.0,6.0,4.0,0.0,7.64,0.8,27.55,0.0
32.0,14.0,7.48,4.47,5.0,2.0,22.0,4.0,9.62,0.55,41.37,1.0
28.0,4.0,10.8,5.7,5.0,15.0,3.0,0.0,13.86,0.69,81.12,2.0
23.0,8.0,6.63,7.12,7.0,15.0,25.0,5.0,8.95,1.36,48.66,1.0
24.0,1.0,8.27,5.24,3.0,11.0,6.0,7.0,9.29,1.84,48.48,1.0
30.0,6.0,7.87,5.5,0.0,8.0,23.0,6.0,9.03,1.17,35.06,1.0
43.0,16.0,11.66,7.54,1.0,13.0,1.0,0.0,15.73,0.02,45.98,1.0
38.0,15.0,12.84,4.51,3.0,11.0,29.0,7.0,14.17,0.53,96.67,2.0
40.0,16.0,10.99,6.23,0.0,15.0,0.0,8.0,15.7,1.9,71.52,2.0
22.0,19.0,7.42,8.71,3.0,16.0,28.0,9.0,10.19,1.82,68.0,1.0
31.0,1.0,8.33,5.98,7.0,11.0,25.0,1.0,12.36,0.23,60.19,1.0
38.0,10.0,5.43,6.17,3.0,3.0,9.0,0.0,6.93,1.82,9.02,0.0
38.0,1.0,5.68,7.69,6.0,16.0,0.0,5.0,10.39,1.93,29.63,0.0
32.0,0.0,5.64,7.9,4.0,0.0,12.0,3.0,6.78,0.65,16.07,0.0
34.0,8.0,5.8,8.99,4.0,10.0,8.0,2.0,7.02,1.12,22.47,0.0
26.0,14.0,5.12,8.91,5.0,17.0,8.0,7.0,8.07,0.31,37.89,1.0
27.0,9.0,10.4,8.75,0.0,19.0,6.0,6.0,14.55,0.73,79.31,2.0
24.0,14.0,13.9,8.26,7.0,1.0,22.0,4.0,16.04,1.86,56.18,1.0
33.0,16.0,4.46,8.35,5.0,8.0,1.0,0.0,8.56,0.66,15.42,0.0
23.0,8.0,8.23,5.1,6.0,11.0,17.0,2.0,12.86,1.1,55.03,1.0
42.0,17.0,12.59,7.96,2.0,12.0,27.0,8.0,14.19,0.81,94.95,2.0
29.0,3.0,5.35,4.93,5.0,15.0,20.0,0.0,6.89,0.93,34.33,0.0
39.0,8.0,12.48,8.08,3.0,12.0,14.0,4.0,13.97,1.52,68.21,1.0
34.0,15.0,9.93,7.07,7.0,13.0,9.0,3.0,12.37,1.09,76.78,2.0
37.0,3.0,13.31,4.49,7.0,6.0,16.0,5.0,16.27,0.36,92.4,2.0
39.0,15.0,12.76,8.48,0.0,1.0,6.0,1.0,15.61,0.54,30.61,0.0
32.0,18.0,10.77,6.89,6.0,11.0,10.0,3.0,12.8,1.14,60.22,1.0
27.0,0.0,10.58,7.28,3.0,16.0,6.0,8.0,14.07,1.39,75.71,2.0
28.0,5.0,6.13,5.42,6.0,4.0,10.0,4.0,8.48,1.02,30.8,0.0
35.0,9.0,5.17,8.36,5.0,19.0,23.0,7.0,7.63,1.24,48.2,1.0
38.0,15.0,8.15,6.73,2.0,9.0,22.0,1.0,9.57,1.58,42.3,1.0
35.0,3.0,5.87,6.11,3.0,17.0,23.0,8.0,9.24,1.09,73.95,2.0
26.0,12.0,5.02,6.67,2.0,2.0,14.0,6.0,8.64,1.95,21.95,0.0
33.0,15.0,7.02,7.52,4.0,12.0,18.0,6.0,11.05,0.47,48.89,1.0
33.0,19.0,8.99,7.48,2.0,12.0,18.0,1.0,17.22,1.84,56.76,1.0
44.0,5.0,4.17,5.79,0.0,9.0,23.0,7.0,8.23,0.5,18.54,0.0
23.0,10.0,6.93,5.93,5.0,1.0,24.0,8.0,8.87,1.06,48.6,1.0
34.0,2.0,8.24,6.81,4.0,15.0,9.0,9.0,10.18,0.91,74.54,2.0
22.0,19.0,9.11,8.62,4.0,3.0,15.0,4.0,13.77,1.02,21.35,0.0
24.0,9.0,5.82,7.73,7.0,18.0,19.0,2.0,9.98,1.93,55.01,1.0
20.0,0.0,13.64,5.95,3.0,4.0,7.0,2.0,17.77,0.54,60.08,1.0
22.0,19.0,9.79,5.69,5.0,6.0,0.0,5.0,13.67,1.35,63.94,1.0
34.0,10.0,9.22,6.46,7.0,8.0,1.0,0.0,11.29,1.61,45.96,1.0
43.0,11.0,4.09,8.35,6.0,4.0,28.0,9.0,8.48,0.39,23.04,0.0
27.0,13.0,8.86,4.04,1.0,7.0,9.0,8.0,10.43,1.95,65.85,1.0
23.0,7.0,12.38,7.55,7.0,1.0,9.0,5.0,14.78,1.09,50.57,1.0
21.0,10.0,6.2,5.47,3.0,19.0,9.0,8.0,8.59,1.83,51.33,1.0
43.0,3.0,7.51,5.04,2.0,19.0,8.0,2.0,10.75,1.33,66.17,1.0
43.0,6.0,4.21,4.06,4.0,6.0,17.0,9.0,7.06,1.3,47.31,1.0
29.0,9.0,13.77,8.48,2.0,3.0,1.0,2.0,16.61,0.69,48.6,1.0
23.0,18.0,4.67,8.56,4.0,14.0,23.0,9.0,7.88,1.54,51.97,1.0
22.0,3.0,12.98,4.31,7.0,17.0,4.0,5.0,15.64,0.06,100.0,2.0
21.0,1.0,7.13,6.61,4.0,1.0,20.0,6.0,9.13,1.11,22.14,0.0
44.0,17.0,9.88,4.76,4.0,13.0,10.0,3.0,13.54,0.06,61.94,1.0
36.0,13.0,10.79,7.79,7.0,9.0,5.0,7.0,14.95,0.61,68.02,1.0
42.0,15.0,5.41,7.33,5.0,4.0,7.0,1.0,8.33,0.19,21.12,0.0
40.0,10.0,8.44,5.49,6.0,11.0,7.0,0.0,12.04,1.82,65.52,1.0
43.0,9.0,7.25,4.58,7.0,9.0,24.0,0.0,10.39,1.26,41.2,1.0
39.0,16.0,4.57,8.16,6.0,17.0,9.0,1.0,5.81,1.34,34.14,0.0
42.0,13.0,12.33,7.37,6.0,5.0,10.0,5.0,15.02,1.7,46.4,1.0
32.0,3.0,4.45,4.03,0.0,11.0,18.0,7.0,5.49,1.47,36.29,1.0
24.0,18.0,10.53,7.14,7.0,0.0,24.0,2.0,14.18,0.25,22.27,0.0
40.0,1.0,7.14,8.05,5.0,6.0,13.0,5.0,10.17,1.24,57.09,1.0
44.0,8.0,10.67,6.12,6.0,6.0,2.0,8.0,13.84,0.43,69.54,1.0
44.0,18.0,9.75,6.92,5.0,8.0,0.0,7.0,14.34,1.24,60.43,1.0
41.0,15.0,7.15,7.1,6.0,19.0,27.0,6.0,9.51,1.13,87.38,2.0
25.0,15.0,9.13,7.2,3.0,14.0,26.0,3.0,14.06,0.78,58.19,1.0
24.0,17.0,8.99,8.84,4.0,11.0,20.0,2.0,11.3,1.91,3.34,0.0
44.0,10.0,12.64,4.89,3.0,12.0,22.0,6.0,16.78,0.71,85.07,2.0
29.0,6.0,7.14,7.12,5.0,3.0,2.0,0.0,11.4,0.19,22.88,0.0
27.0,8.0,6.45,4.94,2.0,9.0,8.0,6.0,9.09,1.93,36.38,1.0
26.0,3.0,11.52,5.05,1.0,2.0,0.0,5.0,14.13,1.46,43.68,1.0
26.0,12.0,8.99,7.35,3.0,4.0,21.0,2.0,9.0,0.68,0.0,0.0
25.0,3.0,6.68,8.58,1.0,3.0,11.0,2.0,9.14,0.56,2.42,0.0
40.0,18.0,7.75,4.8,2.0,18.0,11.0,1.0,9.14,1.86,43.94,1.0
39.0,1.0,12.82,8.81,4.0,9.0,5.0,0.0,14.43,0.55,53.15,1.0
22.0,8.0,13.5,5.6,2.0,6.0,29.0,4.0,17.34,1.07,64.31,1.0
38.0,11.0,11.16,5.96,6.0,2.0,28.0,6.0,12.02,0.43,71.14,2.0
41.0,1.0,8.93,4.77,0.0,15.0,7.0,6.0,10.73,1.99,50.73,1.0
34.0,5.0,10.41,7.08,1.0,14.0,28.0,5.0,14.67,1.54,52.75,1.0
23.0,4.0,8.14,6.98,2.0,17.0,2.0,9.0,11.09,1.14,72.46,2.0
31.0,4.0,6.99,6.21,4.0,2.0,27.0,5.0,10.26,1.49,34.71,0.0
25.0,19.0,13.51,6.38,7.0,13.0,20.0,6.0,15.13,1.83,100.0,2.0
38.0,4.0,5.15,7.11,4.0,0.0,10.0,7.0,6.92,1.93,23.53,0.0
23.0,3.0,7.46,6.92,2.0,6.0,25.0,4.0,8.96,1.57,31.13,0.0
34.0,8.0,12.99,5.87,3.0,1.0,10.0,0.0,16.05,1.7,40.49,1.0
28.0,9.0,11.23,8.42,2.0,9.0,4.0,6.0,15.33,0.8,57.03,1.0
24.0,15.0,4.29,7.34,4.0,15.0,23.0,1.0,8.22,0.78,17.34,0.0
32.0,9.0,4.23,5.03,7.0,11.0,6.0,4.0,6.27,1.62,44.67,1.0
37.0,18.0,8.84,7.94,0.0,5.0,6.0,6.0,10.26,1.8,32.75,0.0
24.0,9.0,8.43,4.52,3.0,16.0,9.0,8.0,9.89,0.27,75.17,2.0
44.0,5.0,7.02,7.75,2.0,9.0,7.0,4.0,11.42,1.38,26.06,0.0
35.0,16.0,13.87,5.79,4.0,8.0,20.0,5.0,15.85,1.3,69.21,1.0
38.0,4.0,6.72,6.76,2.0,18.0,26.0,9.0,10.55,1.6,70.68,2.0
33.0,5.0,8.9,5.4,6.0,1.0,20.0,5.0,9.94,0.05,48.86,1.0
44.0,14.0,8.05,8.93,2.0,6.0,14.0,0.0,9.42,1.65,53.795,0.0
35.0,18.0,5.7,8.53,1.0,10.0,13.0,9.0,9.14,0.65,35.53,1.0
34.0,17.0,6.03,8.64,2.0,12.0,26.0,6.0,7.76,1.37,41.4,1.0
41.0,3.0,13.18,4.92,7.0,9.0,0.0,5.0,14.29,1.23,100.0,2.0
23.0,7.0,12.58,8.21,0.0,14.0,12.0,6.0,15.45,0.88,63.07,1.0
26.0,15.0,5.99,6.68,4.0,6.0,23.0,3.0,8.31,1.49,15.39,0.0
35.0,18.0,12.76,7.54,5.0,5.0,28.0,3.0,16.97,1.92,61.51,1.0
41.0,2.0,10.27,7.56,5.0,2.0,5.0,2.0,13.73,1.02,47.16,1.0
40.0,9.0,4.81,8.57,2.0,15.0,20.0,9.0,6.98,0.63,40.13,1.0
41.0,1.0,12.8,5.34,6.0,19.0,4.0,5.0,15.65,1.69,100.0,2.0
40.0,3.0,4.52,5.17,3.0,9.0,29.0,3.0,8.33,0.87,32.09,0.0
27.0,5.0,9.55,4.52,0.0,9.0,2.0,9.0,10.83,0.9,66.3,1.0
36.0,10.0,11.8,5.33,0.0,12.0,11.0,7.0,14.13,1.54,77.77,2.0
35.0,13.0,5.17,6.68,6.0,7.0,14.0,4.0,9.46,0.99,32.55,0.0
42.0,15.0,8.04,8.16,4.0,5.0,2.0,7.0,10.66,0.53,43.33,1.0
29.0,18.0,4.42,5.39,6.0,2.0,15.0,8.0,7.92,1.99,22.64,0.0
29.0,1.0,10.83,7.11,1.0,11.0,17.0,3.0,12.22,1.24,58.95,1.0
21.0,16.0,7.07,6.4,6.0,8.0,8.0,0.0,11.18,1.29,11.7,0.0
28.0,8.0,9.59,5.44,7.0,8.0,7.0,9.0,10.99,1.29,82.37,2.0
36.0,16.0,13.33,6.55,6.0,10.0,10.0,6.0,17.78,1.77,81.36,2.0
30.0,14.0,7.06,4.84,2.0,5.0,2.0,6.0,8.49,0.37,50.57,1.0
29.0,6.0,4.49,7.2,0.0,1.0,14.0,4.0,9.05,0.12,12.83,0.0
41.0,18.0,10.76,4.58,2.0,6.0,9.0,4.0,13.22,0.77,73.94,2.0
44.0,2.0,11.87,7.65,3.0,8.0,4.0,0.0,15.37,1.13,46.05,1.0
36.0,0.0,13.58,4.89,6.0,18.0,7.0,2.0,17.97,0.57,90.52,2.0
23.0,3.0,5.58,8.99,2.0,17.0,5.0,0.0,6.62,1.38,40.88,1.0
35.0,17.0,7.92,8.12,5.0,11.0,22.0,6.0,9.98,0.15,59.7,1.0
39.0,7.0,12.44,5.72,4.0,9.0,14.0,4.0,17.07,1.58,75.79,2.0
34.0,18.0,12.07,6.13,2.0,9.0,15.0,3.0,14.62,1.44,55.5,1.0
44.0,5.0,10.25,5.3,6.0,2.0,11.0,6.0,14.08,0.43,57.68,1.0
40.0,0.0,6.69,7.84,7.0,11.0,16.0,8.0,8.25,0.6,60.21,1.0
24.0,7.0,6.84,5.9,4.0,3.0,7.0,5.0,10.55,1.61,36.93,1.0
25.0,0.0,5.24,7.78,5.0,9.0,3.0,8.0,6.53,1.55,42.06,1.0
36.0,18.0,13.22,4.09,1.0,1.0,20.0,5.0,17.09,1.63,50.63,1.0
20.0,10.0,5.73,4.68,6.0,11.0,16.0,9.0,8.03,0.64,82.93,2.0
44.0,14.0,9.73,5.82,2.0,10.0,2.0,8.0,12.59,1.94,51.74,1.0
23.0,18.0,7.7,7.01,6.0,14.0,15.0,8.0,11.21,0.13,74.06,2.0
36.0,9.0,7.53,6.46,7.0,13.0,27.0,2.0,9.88,0.96,87.12,2.0
28.0,11.0,10.69,8.3,4.0,11.0,1.0,4.0,13.22,1.33,51.26,1.0
43.0,0.0,7.88,7.81,2.0,1.0,12.0,4.0,11.49,0.34,12.2,0.0
21.0,6.0,6.55,5.08,4.0,1.0,0.0,9.0,8.27,1.8,46.93,1.0
27.0,16.0,7.99,6.42,1.0,0.0,21.0,7.0,12.4,1.51,24.7,0.0
34.0,9.0,12.08,6.26,6.0,19.0,23.0,6.0,16.04,0.16,100.0,2.0
26.0,5.0,8.99,7.62,4.0,14.0,2.0,1.0,16.97,1.83,76.43,2.0
25.0,16.0,10.36,6.01,0.0,9.0,0.0,1.0,11.87,0.81,51.77,1.0
20.0,17.0,11.82,4.16,2.0,19.0,29.0,6.0,15.57,1.02,90.19,2.0
34.0,4.0,9.33,5.37,0.0,0.0,25.0,9.0,10.4,1.57,52.97,1.0
42.0,17.0,10.25,6.33,6.0,0.0,1.0,9.0,14.47,1.29,81.53,2.0
26.0,16.0,13.88,8.87,6.0,0.0,18.0,3.0,16.1,0.88,46.72,1.0
44.0,15.0,8.38,8.41,7.0,10.0,21.0,5.0,9.85,0.52,52.7,1.0
36.0,7.0,4.66,4.91,3.0,11.0,29.0,8.0,6.32,1.03,49.1,1.0
32.0,12.0,13.57,7.62,4.0,14.0,2.0,9.0,18.42,1.16,91.54,2.0
28.0,15.0,11.93,8.68,4.0,13.0,24.0,3.0,12.02,1.26,63.0,1.0
28.0,10.0,7.98,4.04,4.0,0.0,27.0,6.0,9.93,1.21,43.89,1.0
32.0,5.0,13.82,7.6,5.0,0.0,0.0,8.0,18.67,1.23,65.97,1.0
25.0,2.0,7.46,6.3,6.0,5.0,22.0,0.0,9.02,0.95,20.47,0.0
25.0,0.0,7.72,7.4,6.0,2.0,25.0,9.0,11.65,1.12,58.3,1.0
39.0,17.0,10.1,7.03,1.0,13.0,23.0,1.0,13.73,0.58,54.23,1.0
39.0,4.0,6.74,8.92,5.0,5.0,8.0,8.0,11.03,0.32,50.12,1.0
40.0,12.0,10.99,5.44,0.0,7.0,7.0,4.0,13.52,1.21,59.12,1.0
22.0,9.0,5.53,7.93,6.0,19.0,4.0,3.0,8.14,0.09,27.91,0.0
36.0,4.0,5.08,5.17,3.0,14.0,0.0,6.0,8.58,0.13,65.11,1.0
36.0,13.0,9.35,6.18,7.0,16.0,14.0,4.0,11.94,0.49,85.69,2.0
31.0,16.0,9.55,8.88,1.0,8.0,16.0,0.0,10.72,0.39,30.68,0.0
35.0,0.0,5.07,7.83,1.0,15.0,29.0,8.0,8.99,0.75,67.98,1.0
32.0,6.0,9.73,7.1,6.0,15.0,7.0,2.0,12.42,0.23,77.18,2.0
42.0,9.0,5.51,4.25,3.0,18.0,22.0,9.0,7.72,0.49,60.11,1.0
32.0,19.0,7.11,5.33,6.0,8.0,20.0,2.0,9.39,0.01,61.62,1.0
36.0,6.0,12.0,7.59,4.0,16.0,25.0,2.0,15.96,0.7,78.92,2.0
22.0,15.0,9.23,6.85,5.0,5.0,2.0,6.0,13.15,1.59,35.39,1.0
34.0,4.0,5.88,6.35,7.0,13.0,8.0,1.0,10.16,0.53,47.55,1.0
23.0,11.0,5.03,7.45,7.0,17.0,19.0,8.0,9.08,1.29,44.02,1.0
37.0,15.0,7.37,4.13,6.0,6.0,5.0,6.0,9.38,0.02,64.05,1.0
36.0,19.0,10.56,6.21,2.0,9.0,26.0,7.0,11.97,1.0,59.98,1.0
38.0,15.0,13.25,8.51,5.0,15.0,19.0,4.0,17.3,0.92,86.67,2.0
30.0,18.0,6.48,8.28,4.0,6.0,24.0,7.0,7.87,0.38,30.81,0.0
39.0,14.0,12.55,6.04,7.0,19.0,3.0,5.0,17.48,0.57,97.94,2.0
22.0,11.0,13.2,4.11,0.0,5.0,29.0,9.0,17.7,0.06,97.33,2.0
27.0,9.0,13.02,7.18,7.0,5.0,23.0,1.0,16.15,1.6,51.98,1.0
33.0,1.0,13.52,7.71,4.0,6.0,26.0,2.0,15.93,0.6,50.26,1.0
20.0,6.0,12.42,5.47,6.0,16.0,11.0,5.0,15.53,0.44,100.0,2.0
33.0,12.0,9.93,6.38,7.0,7.0,27.0,9.0,13.87,1.61,72.19,2.0
21.0,2.0,8.1,8.96,5.0,1.0,2.0,5.0,12.13,0.08,51.34,1.0
42.0,14.0,8.92,6.88,0.0,9.0,23.0,6.0,10.21,0.57,73.42,2.0
23.0,0.0,12.73,5.76,2.0,6.0,26.0,3.0,16.95,0.53,70.59,2.0
43.0,2.0,7.01,7.14,7.0,11.0,14.0,7.0,10.58,0.53,64.48,1.0
38.0,9.0,5.59,4.9,2.0,19.0,29.0,7.0,6.75,0.02,76.82,2.0
25.0,14.0,5.41,5.0,0.0,2.0,26.0,6.0,7.66,1.87,25.79,0.0
44.0,5.0,12.27,8.62,5.0,3.0,20.0,2.0,15.31,1.73,47.0,1.0
20.0,19.0,11.61,5.2,5.0,10.0,16.0,2.0,13.36,0.83,57.93,1.0
36.0,14.0,8.98,5.55,4.0,11.0,5.0,1.0,10.6,0.89,42.66,1.0
27.0,6.0,6.75,6.72,7.0,18.0,14.0,6.0,7.81,1.05,76.24,2.0
38.0,4.0,10.78,8.5,2.0,18.0,10.0,5.0,15.43,0.96,53.795,2.0
40.0,3.0,4.38,7.91,2.0,10.0,17.0,6.0,5.6,1.56,16.83,0.0
20.0,17.0,9.68,6.46,7.0,12.0,27.0,1.0,12.14,0.98,70.63,2.0
24.0,2.0,7.98,7.47,0.0,0.0,2.0,3.0,9.8,0.38,33.26,0.0
35.0,16.0,13.78,6.52,2.0,5.0,26.0,0.0,17.74,1.02,57.58,1.0
25.0,17.0,9.08,6.38,6.0,15.0,16.0,1.0,12.91,1.84,59.9,1.0
27.0,17.0,9.52,7.46,4.0,1.0,10.0,6.0,13.74,0.1,49.8,1.0
32.0,1.0,11.12,4.98,2.0,13.0,5.0,4.0,14.59,1.8,62.58,1.0
35.0,12.0,8.85,8.91,7.0,17.0,4.0,9.0,12.22,1.38,76.2,2.0
22.0,14.0,6.25,7.23,7.0,16.0,9.0,2.0,12.02,0.81,29.39,0.0
38.0,4.0,9.37,5.83,0.0,19.0,1.0,1.0,12.92,0.37,53.24,1.0
31.0,2.0,13.44,7.0,4.0,17.0,14.0,2.0,14.9,0.62,83.31,2.0
35.0,4.0,8.1,5.08,3.0,18.0,10.0,5.0,11.84,1.06,53.96,1.0
30.0,4.0,10.8,7.17,0.0,14.0,23.0,9.0,12.22,1.31,73.57,2.0
29.0,4.0,13.78,4.14,7.0,1.0,24.0,9.0,12.02,1.38,85.48,2.0
44.0,2.0,12.3,5.71,3.0,3.0,13.0,4.0,15.32,0.89,71.45,2.0
39.0,2.0,10.59,7.74,7.0,0.0,13.0,7.0,13.71,0.75,73.47,2.0
23.0,19.0,11.36,8.04,4.0,7.0,2.0,8.0,14.7,1.54,58.38,1.0
31.0,17.0,13.36,5.26,4.0,19.0,27.0,1.0,17.46,1.85,89.28,2.0
42.0,19.0,13.6,6.7,2.0,13.0,21.0,2.0,16.51,1.83,80.15,2.0
21.0,3.0,13.69,6.64,4.0,10.0,21.0,3.0,16.4,1.1,73.34,2.0
43.0,0.0,10.26,6.11,1.0,13.0,15.0,6.0,12.41,0.16,76.27,2.0
41.0,15.0,7.85,5.14,2.0,15.0,13.0,5.0,9.36,0.15,53.0,1.0
38.0,7.0,5.33,7.52,2.0,9.0,9.0,5.0,7.09,0.81,34.68,0.0
44.0,10.0,7.86,5.26,2.0,6.0,21.0,9.0,8.86,1.47,66.68,1.0
24.0,7.0,13.43,8.56,5.0,15.0,7.0,6.0,12.02,0.99,74.78,2.0
27.0,6.0,12.9,6.64,0.0,3.0,11.0,0.0,16.96,1.02,21.1,0.0
26.0,7.0,9.24,8.35,5.0,11.0,4.0,5.0,11.11,1.69,70.29,2.0
33.0,11.0,9.37,5.45,4.0,11.0,25.0,8.0,10.38,0.08,75.48,2.0
43.0,15.0,7.09,8.04,4.0,1.0,25.0,1.0,10.06,1.85,0.0,0.0
42.0,11.0,8.55,4.57,4.0,5.0,12.0,0.0,11.2,0.66,40.14,1.0
22.0,18.0,11.14,7.83,0.0,19.0,23.0,3.0,15.24,0.09,65.47,1.0
37.0,9.0,8.02,5.93,4.0,14.0,11.0,1.0,10.63,1.67,36.68,1.0
35.0,6.0,5.88,6.35,5.0,14.0,2.0,5.0,10.34,1.87,32.4,0.0
42.0,10.0,8.99,4.83,6.0,15.0,22.0,2.0,10.79,1.54,86.07,2.0
38.0,19.0,6.25,4.09,5.0,2.0,16.0,8.0,8.71,1.61,61.51,1.0
38.0,4.0,13.74,7.33,6.0,0.0,19.0,7.0,18.48,1.74,61.19,1.0
37.0,15.0,7.9,6.46,2.0,11.0,4.0,6.0,8.95,1.04,76.72,2.0
39.0,8.0,13.1,7.11,3.0,14.0,22.0,6.0,15.66,1.36,95.54,2.0
35.0,6.0,6.26,5.28,6.0,18.0,29.0,6.0,8.3,0.57,72.84,2.0
27.0,19.0,5.89,5.2,1.0,5.0,5.0,4.0,9.02,0.5,52.85,1.0
20.0,13.0,8.99,8.15,7.0,18.0,12.0,7.0,12.29,1.22,62.71,1.0
36.0,10.0,11.79,7.81,4.0,16.0,14.0,3.0,16.27,1.47,67.28,1.0
31.0,6.0,9.67,5.68,0.0,8.0,12.0,4.0,14.42,0.79,67.28,1.0
30.0,8.0,4.38,8.14,0.0,14.0,1.0,2.0,6.97,1.91,25.53,0.0
24.0,3.0,10.18,8.44,4.0,15.0,10.0,1.0,15.14,1.04,43.13,1.0
31.0,15.0,5.31,4.03,3.0,12.0,15.0,4.0,9.25,1.97,35.97,1.0
36.0,9.0,7.43,8.07,5.0,1.0,17.0,1.0,9.85,1.73,15.1,0.0
25.0,18.0,10.76,5.75,4.0,1.0,1.0,9.0,12.13,1.28,68.02,1.0
20.0,16.0,4.98,7.59,0.0,10.0,9.0,3.0,8.65,0.02,25.53,0.0
24.0,8.0,5.27,5.86,1.0,15.0,12.0,9.0,9.18,0.59,54.83,1.0
44.0,12.0,4.62,7.03,3.0,16.0,27.0,0.0,6.11,0.84,19.49,0.0
33.0,0.0,13.96,7.23,7.0,2.0,7.0,1.0,17.16,1.31,78.96,2.0
24.0,1.0,7.87,6.02,4.0,0.0,6.0,0.0,12.82,0.79,22.82,0.0
41.0,12.0,13.06,6.56,6.0,17.0,15.0,1.0,15.36,1.66,90.82,2.0
32.0,8.0,6.94,7.63,1.0,13.0,16.0,3.0,9.15,1.33,44.41,1.0
20.0,6.0,11.53,6.38,7.0,8.0,8.0,0.0,16.14,0.69,53.95,1.0
37.0,15.0,6.19,4.07,4.0,8.0,26.0,5.0,7.66,1.57,46.32,1.0
35.0,18.0,8.98,4.06,3.0,11.0,26.0,0.0,13.71,0.61,45.92,1.0
28.0,6.0,12.25,7.31,0.0,2.0,7.0,2.0,16.37,0.13,49.06,1.0
38.0,5.0,12.16,8.24,5.0,1.0,28.0,1.0,14.72,0.35,39.52,1.0
41.0,17.0,11.94,7.93,6.0,0.0,24.0,1.0,13.27,0.01,59.21,1.0
24.0,18.0,12.24,5.55,5.0,8.0,19.0,3.0,13.32,1.66,49.62,1.0
21.0,10.0,6.11,6.36,3.0,12.0,4.0,8.0,8.61,1.02,57.9,1.0
34.0,11.0,8.82,5.17,7.0,15.0,26.0,2.0,12.64,1.14,93.19,2.0
26.0,9.0,8.85,8.95,7.0,18.0,4.0,5.0,11.8,1.32,59.54,1.0
23.0,12.0,12.91,5.3,2.0,9.0,26.0,9.0,16.86,1.31,53.795,2.0
20.0,11.0,6.97,6.08,5.0,4.0,24.0,2.0,10.65,1.13,25.39,0.0
32.0,9.0,13.31,7.41,4.0,13.0,23.0,9.0,16.6,1.68,98.49,2.0
39.0,19.0,8.51,8.38,1.0,14.0,12.0,4.0,13.38,0.88,26.62,0.0
41.0,10.0,10.7,4.26,1.0,2.0,15.0,8.0,14.61,1.61,46.39,1.0
26.0,3.0,6.69,5.51,6.0,8.0,25.0,2.0,11.35,1.57,27.66,0.0
34.0,4.0,8.1,6.84,5.0,0.0,21.0,7.0,10.07,0.4,50.96,1.0
42.0,4.0,11.1,7.09,3.0,0.0,26.0,5.0,14.95,0.91,41.8,1.0
33.0,11.0,9.13,4.35,6.0,18.0,25.0,7.0,12.52,1.67,82.55,2.0
42.0,2.0,13.31,7.32,3.0,5.0,10.0,1.0,18.01,1.66,52.07,1.0
38.0,7.0,11.37,6.64,3.0,10.0,14.0,8.0,14.41,0.05,82.29,2.0
41.0,1.0,9.64,8.14,1.0,17.0,25.0,0.0,11.76,0.45,47.45,1.0
43.0,17.0,12.87,5.11,0.0,13.0,16.0,2.0,15.41,0.85,66.69,1.0
39.0,8.0,10.66,4.98,1.0,15.0,14.0,3.0,12.54,0.09,64.89,1.0
43.0,12.0,10.47,7.97,0.0,0.0,22.0,5.0,12.35,0.52,47.16,1.0
37.0,6.0,6.46,7.52,6.0,9.0,24.0,3.0,9.34,0.52,53.58,1.0
29.0,9.0,7.95,7.96,6.0,9.0,11.0,1.0,12.52,0.43,25.65,0.0
28.0,8.0,10.83,7.91,6.0,12.0,3.0,2.0,12.6,1.02,56.67,1.0
44.0,14.0,12.92,4.52,3.0,0.0,3.0,2.0,15.07,1.63,54.9,1.0
27.0,4.0,7.16,5.39,7.0,2.0,20.0,5.0,11.57,0.49,35.8,1.0
29.0,11.0,6.15,5.3,2.0,13.0,15.0,4.0,8.51,1.16,53.18,1.0
36.0,10.0,9.94,8.67,4.0,15.0,14.0,4.0,14.79,1.12,55.61,1.0
21.0,11.0,4.67,6.44,7.0,19.0,7.0,3.0,6.75,1.64,58.73,1.0
25.0,5.0,11.15,4.56,3.0,5.0,26.0,3.0,13.92,0.79,81.75,2.0
24.0,18.0,11.03,5.45,1.0,0.0,20.0,8.0,12.41,0.45,40.41,1.0
28.0,18.0,7.55,8.36,3.0,19.0,19.0,6.0,12.52,1.78,72.06,2.0
24.0,15.0,12.93,8.24,1.0,4.0,7.0,7.0,17.49,1.67,49.11,1.0
37.0,18.0,9.02,8.5,4.0,7.0,10.0,3.0,13.29,1.24,42.94,1.0
39.0,2.0,10.46,5.94,1.0,11.0,20.0,2.0,12.09,0.19,63.21,1.0
28.0,9.0,6.1,7.21,4.0,0.0,23.0,0.0,10.98,0.03,23.66,0.0
36.0,17.0,8.17,5.39,7.0,12.0,16.0,8.0,12.89,0.37,80.52,2.0
36.0,12.0,12.62,4.9,0.0,8.0,2.0,8.0,15.36,0.39,73.81,2.0
31.0,17.0,6.13,4.11,1.0,19.0,6.0,5.0,9.86,0.27,58.77,1.0
22.0,2.0,7.18,7.02,2.0,12.0,0.0,3.0,9.82,0.68,45.39,1.0
29.0,11.0,5.51,8.52,5.0,1.0,10.0,0.0,6.96,1.51,0.0,0.0
21.0,19.0,6.9,4.67,5.0,14.0,4.0,1.0,11.37,1.42,48.65,1.0
44.0,6.0,6.33,8.59,4.0,13.0,14.0,7.0,9.24,0.21,54.23,1.0
22.0,7.0,13.24,5.73,7.0,18.0,13.0,5.0,18.19,1.95,100.0,2.0
35.0,8.0,11.41,6.13,7.0,8.0,27.0,0.0,14.61,1.5,55.31,1.0
21.0,13.0,7.16,5.82,1.0,18.0,28.0,6.0,8.28,0.33,77.18,2.0
43.0,4.0,11.63,6.04,5.0,13.0,16.0,6.0,14.6,0.25,100.0,2.0
29.0,18.0,4.22,5.3,0.0,7.0,14.0,5.0,8.09,0.18,37.99,1.0
25.0,15.0,9.27,7.49,5.0,4.0,24.0,7.0,10.37,1.46,54.81,1.0
41.0,11.0,6.5,7.79,5.0,9.0,24.0,4.0,9.15,0.47,43.82,1.0
30.0,3.0,5.14,8.12,3.0,3.0,2.0,1.0,6.76,0.15,14.43,0.0
42.0,7.0,12.84,5.71,5.0,7.0,3.0,3.0,16.41,0.84,72.11,2.0
26.0,6.0,5.99,7.82,0.0,3.0,29.0,7.0,10.82,1.42,13.28,0.0
34.0,14.0,12.22,7.19,5.0,0.0,0.0,7.0,15.72,0.61,54.99,1.0
25.0,5.0,8.13,8.79,1.0,7.0,28.0,4.0,11.91,0.97,29.02,0.0
39.0,4.0,4.14,6.12,5.0,6.0,3.0,5.0,6.73,0.39,34.69,0.0
28.0,13.0,11.33,8.96,2.0,10.0,13.0,8.0,14.58,0.86,76.39,2.0
41.0,12.0,9.96,7.7,5.0,15.0,20.0,9.0,13.14,0.72,81.84,2.0
39.0,9.0,7.44,7.88,4.0,16.0,6.0,9.0,11.48,0.87,65.34,1.0
31.0,17.0,6.82,4.13,7.0,4.0,20.0,9.0,11.25,0.93,65.16,1.0
38.0,3.0,4.74,6.49,3.0,6.0,23.0,1.0,8.39,1.02,22.63,0.0
39.0,7.0,13.41,6.64,6.0,9.0,6.0,4.0,18.33,0.19,76.24,2.0
22.0,10.0,8.94,4.2,4.0,12.0,14.0,8.0,13.25,1.02,66.62,1.0
34.0,16.0,4.86,5.56,7.0,19.0,27.0,2.0,6.36,0.23,65.86,1.0
21.0,17.0,12.69,8.78,7.0,14.0,1.0,5.0,15.72,0.51,82.06,2.0
40.0,10.0,6.79,6.13,5.0,5.0,22.0,3.0,11.4,0.05,50.48,1.0
21.0,15.0,6.04,4.93,5.0,1.0,2.0,3.0,10.82,0.7,31.27,0.0
41.0,11.0,6.81,6.57,1.0,3.0,17.0,2.0,9.33,0.43,19.42,0.0
22.0,12.0,9.65,4.17,6.0,13.0,10.0,9.0,13.55,1.78,76.39,2.0
25.0,15.0,4.74,6.58,1.0,14.0,11.0,0.0,7.38,1.72,19.38,0.0
34.0,0.0,8.82,6.97,4.0,13.0,13.0,7.0,10.31,0.6,58.91,1.0
29.0,15.0,12.96,5.79,6.0,3.0,8.0,4.0,17.5,0.95,54.58,1.0
28.0,14.0,5.88,7.81,7.0,5.0,27.0,1.0,10.61,1.91,31.23,0.0
20.0,5.0,7.31,4.68,3.0,6.0,9.0,0.0,10.33,1.05,26.23,0.0
35.0,11.0,7.96,8.39,0.0,12.0,12.0,0.0,9.03,1.7,31.17,0.0
25.0,7.0,9.86,8.78,0.0,16.0,23.0,3.0,14.12,1.65,36.36,1.0
28.0,6.0,13.19,4.01,7.0,16.0,23.0,3.0,16.1,1.88,88.91,2.0
23.0,1.0,7.95,8.21,0.0,3.0,2.0,5.0,9.25,0.61,17.36,0.0
21.0,11.0,4.69,6.53,4.0,18.0,26.0,6.0,6.45,0.09,66.25,1.0
23.0,13.0,7.48,6.31,4.0,19.0,25.0,0.0,9.09,0.21,62.09,1.0
20.0,15.0,5.9,5.19,5.0,12.0,8.0,9.0,9.65,1.14,51.31,1.0
38.0,10.0,10.52,6.24,3.0,8.0,23.0,1.0,12.72,1.06,33.7,0.0
44.0,19.0,4.29,8.75,0.0,1.0,27.0,2.0,5.8,0.6,0.0,0.0
29.0,8.0,6.92,5.05,0.0,19.0,1.0,8.0,11.59,0.5,87.5,2.0
40.0,9.0,9.45,4.9,5.0,17.0,22.0,3.0,14.28,1.42,86.65,2.0
34.0,16.0,6.77,5.21,3.0,19.0,7.0,5.0,8.32,0.68,61.35,1.0
41.0,11.0,9.51,6.76,6.0,16.0,27.0,1.0,11.43,1.21,57.64,1.0
38.0,5.0,5.15,8.65,3.0,6.0,6.0,1.0,8.52,1.42,10.3,0.0
35.0,18.0,13.43,6.87,3.0,16.0,8.0,1.0,15.03,0.86,82.33,2.0
40.0,10.0,6.91,5.22,7.0,9.0,12.0,4.0,8.54,0.39,58.22,1.0
43.0,8.0,13.23,6.2,1.0,13.0,6.0,8.0,15.58,1.72,81.11,2.0
41.0,5.0,7.26,5.95,3.0,11.0,27.0,5.0,12.06,0.19,59.3,1.0
21.0,19.0,6.46,6.55,4.0,16.0,0.0,5.0,10.83,1.67,54.76,1.0
44.0,15.0,10.7,4.63,3.0,18.0,1.0,8.0,14.48,1.14,100.0,2.0
32.0,5.0,7.24,8.21,1.0,13.0,29.0,4.0,11.12,1.26,48.18,1.0
20.0,4.0,9.09,6.74,7.0,16.0,20.0,0.0,11.97,0.72,64.38,1.0
36.0,3.0,10.74,8.22,7.0,14.0,28.0,5.0,13.86,1.68,72.38,2.0
32.0,1.0,9.89,8.78,6.0,5.0,28.0,3.0,13.43,0.53,41.12,1.0
23.0,5.0,9.76,8.72,2.0,18.0,26.0,8.0,13.69,1.12,73.64,2.0
26.0,8.0,4.66,4.5,1.0,19.0,29.0,5.0,6.05,0.0,67.89,1.0
36.0,16.0,6.49,8.72,1.0,5.0,16.0,0.0,8.39,1.88,5.11,0.0
28.0,10.0,9.72,7.98,5.0,5.0,27.0,5.0,14.57,1.9,36.75,1.0
23.0,6.0,4.18,7.89,1.0,3.0,9.0,2.0,6.52,1.42,0.0,0.0
38.0,18.0,6.51,4.45,1.0,0.0,14.0,2.0,8.58,0.85,12.23,0.0
20.0,0.0,6.29,4.9,4.0,18.0,15.0,6.0,12.02,0.36,75.54,2.0
29.0,19.0,6.5,8.88,4.0,10.0,22.0,1.0,8.66,0.98,6.48,0.0
23.0,14.0,9.36,5.07,5.0,6.0,20.0,5.0,10.72,1.58,51.07,1.0
28.0,17.0,9.82,4.85,5.0,1.0,12.0,8.0,11.65,1.21,53.5,1.0
32.0,2.0,13.09,5.81,0.0,3.0,20.0,5.0,16.65,1.05,68.5,1.0
33.0,17.0,7.86,8.57,2.0,5.0,7.0,8.0,9.75,1.7,31.85,0.0
29.0,1.0,13.27,6.38,0.0,4.0,8.0,5.0,16.86,0.63,52.41,1.0
25.0,9.0,10.52,8.6,5.0,8.0,25.0,8.0,11.92,1.72,63.15,1.0
35.0,10.0,13.13,5.67,2.0,10.0,0.0,9.0,14.3,0.88,93.63,2.0
25.0,2.0,12.33,5.13,5.0,17.0,25.0,1.0,16.78,0.0,96.0,2.0
36.0,6.0,10.88,6.48,3.0,19.0,3.0,4.0,14.92,1.46,90.81,2.0
29.0,7.0,7.56,7.08,2.0,16.0,14.0,5.0,11.22,1.76,63.99,1.0
37.0,18.0,6.41,5.96,5.0,12.0,17.0,5.0,7.53,0.97,57.91,1.0
41.0,17.0,6.22,5.73,0.0,16.0,29.0,3.0,8.18,0.91,43.79,1.0
22.0,12.0,13.59,5.38,0.0,17.0,24.0,4.0,15.17,1.77,79.48,2.0
39.0,18.0,11.25,7.37,2.0,16.0,0.0,5.0,15.5,1.95,76.93,2.0
40.0,11.0,12.84,5.85,0.0,11.0,2.0,7.0,16.18,0.69,75.38,2.0
44.0,16.0,13.19,4.4,2.0,14.0,9.0,9.0,17.15,1.19,93.83,2.0
34.0,11.0,9.12,4.69,1.0,18.0,23.0,0.0,12.7,1.65,66.09,1.0
34.0,12.0,10.29,5.86,4.0,14.0,1.0,7.0,12.96,1.06,65.3,1.0
23.0,11.0,8.19,8.62,6.0,12.0,17.0,1.0,10.36,0.92,34.89,0.0
28.0,18.0,8.18,5.9,2.0,6.0,1.0,6.0,11.87,1.14,51.61,1.0
38.0,13.0,4.38,4.3,6.0,10.0,12.0,3.0,8.61,0.71,41.29,1.0
43.0,6.0,8.34,6.09,7.0,7.0,20.0,7.0,9.52,0.38,63.16,1.0
36.0,12.0,10.73,7.34,6.0,19.0,29.0,5.0,13.25,0.13,78.13,2.0
30.0,10.0,8.22,6.97,1.0,15.0,8.0,4.0,10.62,1.22,41.41,1.0
44.0,18.0,12.72,5.39,1.0,10.0,22.0,9.0,15.96,0.76,85.42,2.0
28.0,18.0,7.33,7.44,1.0,4.0,28.0,9.0,8.79,1.77,20.02,0.0
29.0,3.0,5.33,7.15,6.0,6.0,22.0,4.0,10.06,0.45,31.71,0.0
32.0,18.0,12.12,4.86,1.0,15.0,1.0,3.0,15.31,0.62,90.42,2.0
39.0,8.0,10.74,4.81,2.0,15.0,1.0,2.0,15.44,1.94,75.24,2.0
32.0,15.0,6.42,6.74,6.0,19.0,4.0,2.0,10.69,1.11,60.92,1.0
27.0,3.0,8.99,7.3,6.0,16.0,27.0,2.0,11.13,0.69,66.07,1.0
26.0,5.0,8.02,8.81,7.0,18.0,13.0,6.0,9.55,1.72,63.43,1.0
36.0,7.0,13.39,6.11,0.0,14.0,22.0,7.0,17.84,1.49,84.62,2.0
40.0,15.0,10.07,7.82,4.0,14.0,22.0,7.0,13.21,1.15,55.83,1.0
42.0,4.0,5.58,4.58,3.0,19.0,24.0,1.0,6.66,1.78,42.03,1.0
34.0,9.0,9.02,8.45,1.0,14.0,2.0,2.0,13.76,0.19,31.29,0.0
39.0,12.0,12.63,7.17,7.0,2.0,13.0,1.0,15.52,0.79,59.94,1.0
34.0,13.0,10.71,7.15,0.0,11.0,0.0,5.0,12.02,1.62,52.81,1.0
20.0,6.0,12.42,4.71,0.0,5.0,8.0,2.0,12.02,0.77,73.45,2.0
44.0,19.0,6.5,4.2,4.0,19.0,15.0,5.0,10.79,1.85,53.795,1.0
33.0,5.0,12.88,7.51,4.0,4.0,16.0,3.0,14.32,0.31,57.73,1.0
24.0,6.0,11.56,4.59,6.0,10.0,7.0,9.0,14.0,0.67,100.0,2.0
30.0,4.0,11.29,4.63,1.0,11.0,29.0,9.0,13.57,0.85,88.46,2.0
35.0,17.0,7.47,4.94,1.0,6.0,14.0,5.0,11.83,1.37,39.01,1.0
21.0,11.0,12.88,4.49,5.0,8.0,29.0,2.0,16.99,0.39,92.47,2.0
27.0,5.0,10.38,7.13,6.0,17.0,20.0,4.0,12.98,0.02,72.91,2.0
30.0,0.0,12.52,6.11,5.0,13.0,7.0,7.0,16.18,1.95,91.14,2.0
37.0,3.0,7.61,5.33,4.0,3.0,6.0,2.0,10.19,1.8,23.81,0.0
22.0,18.0,5.46,6.2,1.0,7.0,8.0,8.0,8.75,0.6,38.25,1.0
20.0,11.0,7.32,8.22,5.0,15.0,1.0,8.0,12.28,0.97,65.2,1.0
30.0,14.0,8.55,8.64,3.0,3.0,24.0,6.0,11.69,0.98,53.795,0.0
35.0,2.0,9.33,6.44,2.0,18.0,9.0,7.0,14.28,1.74,71.69,2.0
37.0,19.0,9.11,6.83,4.0,5.0,4.0,8.0,13.1,1.19,40.46,1.0
35.0,7.0,9.46,5.29,4.0,18.0,15.0,0.0,10.94,1.65,69.95,1.0
42.0,10.0,12.42,6.57,0.0,14.0,20.0,6.0,16.6,1.82,58.82,1.0
29.0,15.0,5.7,7.74,1.0,11.0,0.0,9.0,7.35,1.13,55.75,1.0
37.0,8.0,8.99,6.46,4.0,11.0,5.0,2.0,10.29,0.57,42.16,1.0
25.0,2.0,12.89,5.51,4.0,1.0,9.0,5.0,16.34,1.0,70.73,2.0
38.0,4.0,9.6,6.91,7.0,8.0,9.0,8.0,14.17,1.7,44.04,1.0
23.0,19.0,9.83,8.73,5.0,2.0,25.0,9.0,11.67,1.17,49.04,1.0
32.0,13.0,8.78,8.44,3.0,0.0,25.0,7.0,13.28,1.79,28.07,0.0
43.0,14.0,9.49,7.85,6.0,13.0,18.0,1.0,14.23,1.79,40.16,1.0
33.0,5.0,5.98,5.38,1.0,12.0,12.0,3.0,7.34,0.75,47.37,1.0
22.0,3.0,9.47,5.21,7.0,4.0,25.0,4.0,14.01,0.9,50.42,1.0
29.0,7.0,13.97,8.19,2.0,6.0,18.0,9.0,16.01,1.36,65.39,1.0
25.0,18.0,9.66,4.91,3.0,13.0,2.0,5.0,10.98,0.22,71.32,2.0
20.0,4.0,4.44,7.03,2.0,15.0,12.0,6.0,9.27,0.93,50.02,1.0
42.0,12.0,11.96,6.19,0.0,17.0,3.0,3.0,14.53,0.3,78.98,2.0
33.0,0.0,5.54,6.27,5.0,0.0,28.0,4.0,8.75,1.89,21.98,0.0
27.0,12.0,12.63,8.5,3.0,5.0,7.0,8.0,14.48,0.28,65.82,1.0
38.0,10.0,5.98,4.44,7.0,9.0,11.0,8.0,9.66,1.33,70.81,2.0
33.0,7.0,13.21,7.91,2.0,5.0,21.0,0.0,14.39,1.27,45.44,1.0
29.0,7.0,8.42,8.18,1.0,1.0,23.0,4.0,10.23,1.52,25.29,0.0
36.0,13.0,11.43,8.71,0.0,6.0,23.0,4.0,16.21,1.39,32.36,0.0
28.0,12.0,9.47,6.26,7.0,16.0,16.0,6.0,14.28,0.43,85.03,2.0
25.0,2.0,6.57,6.5,6.0,13.0,24.0,7.0,9.5,0.58,71.48,2.0
30.0,3.0,10.71,8.81,0.0,6.0,0.0,2.0,12.39,0.33,51.09,1.0
44.0,19.0,13.58,6.29,4.0,8.0,26.0,0.0,16.27,1.84,67.0,1.0
26.0,14.0,11.7,6.52,4.0,18.0,1.0,1.0,16.21,1.04,84.09,2.0
36.0,14.0,10.04,5.66,2.0,10.0,8.0,5.0,11.32,1.95,42.8,1.0
20.0,12.0,13.91,4.16,2.0,2.0,22.0,5.0,15.42,0.9,68.74,1.0
41.0,8.0,6.65,6.17,0.0,3.0,25.0,4.0,11.23,1.11,26.61,0.0
24.0,9.0,4.62,7.28,2.0,4.0,0.0,4.0,7.28,1.58,0.0,0.0
28.0,11.0,4.32,7.45,4.0,3.0,18.0,8.0,5.65,1.59,25.84,0.0
37.0,13.0,11.11,4.03,0.0,12.0,29.0,6.0,12.67,0.46,75.85,2.0
43.0,0.0,12.3,8.01,0.0,8.0,16.0,5.0,16.83,0.58,54.76,1.0
40.0,13.0,10.35,6.46,6.0,13.0,4.0,6.0,13.31,0.2,81.56,2.0
21.0,13.0,13.05,6.6,1.0,15.0,14.0,2.0,14.7,1.61,72.33,2.0
30.0,7.0,10.98,8.81,1.0,5.0,19.0,6.0,15.56,1.59,49.02,1.0
25.0,15.0,7.71,5.42,2.0,9.0,23.0,2.0,12.09,0.16,33.3,0.0
27.0,13.0,5.81,7.81,7.0,12.0,24.0,7.0,6.9,0.51,63.71,1.0
23.0,0.0,13.25,6.87,2.0,2.0,11.0,9.0,16.57,0.9,75.6,2.0
37.0,15.0,5.04,7.5,7.0,10.0,3.0,9.0,7.02,1.08,48.31,1.0
30.0,17.0,9.43,6.09,4.0,2.0,14.0,8.0,12.56,1.05,63.07,1.0
24.0,6.0,7.14,5.4,7.0,6.0,2.0,2.0,9.26,1.97,19.57,0.0
34.0,14.0,6.71,6.73,4.0,9.0,13.0,6.0,8.97,1.53,44.63,1.0
37.0,16.0,10.46,5.87,1.0,0.0,3.0,7.0,13.87,0.23,45.1,1.0
21.0,18.0,6.31,5.11,0.0,3.0,18.0,2.0,9.47,0.59,9.71,0.0
41.0,12.0,8.99,8.2,3.0,7.0,5.0,5.0,15.74,0.69,49.71,1.0
30.0,8.0,8.06,6.38,5.0,19.0,16.0,6.0,9.49,0.63,83.95,2.0
44.0,14.0,10.77,8.24,5.0,16.0,17.0,3.0,15.65,1.57,69.15,1.0
32.0,2.0,11.28,6.46,6.0,4.0,7.0,5.0,12.98,0.72,74.31,2.0
23.0,0.0,10.83,6.78,4.0,16.0,18.0,6.0,14.36,0.98,84.78,2.0
41.0,15.0,13.03,8.98,7.0,8.0,19.0,6.0,14.36,1.07,53.795,1.0
26.0,7.0,6.31,8.76,6.0,7.0,11.0,0.0,10.06,0.54,46.94,1.0
30.0,12.0,4.86,5.36,2.0,6.0,16.0,1.0,6.24,0.65,28.76,0.0
41.0,7.0,4.55,8.34,5.0,4.0,18.0,0.0,6.47,1.56,53.795,0.0
43.0,16.0,12.78,5.95,6.0,3.0,0.0,8.0,16.37,1.73,72.15,2.0
23.0,13.0,13.73,4.36,5.0,9.0,10.0,6.0,15.86,0.07,85.13,2.0
34.0,10.0,7.03,6.88,3.0,7.0,9.0,6.0,10.16,1.21,36.95,1.0
20.0,14.0,10.94,8.89,6.0,4.0,15.0,2.0,12.44,1.27,59.33,1.0
42.0,15.0,8.99,8.87,3.0,4.0,4.0,4.0,5.9,1.47,0.72,0.0
22.0,18.0,5.89,4.63,1.0,16.0,16.0,1.0,9.83,1.39,37.12,1.0
33.0,5.0,10.89,7.86,0.0,14.0,27.0,4.0,12.02,1.75,61.67,1.0
25.0,0.0,4.66,8.01,4.0,7.0,8.0,7.0,6.11,0.16,34.66,0.0
37.0,11.0,8.69,5.84,7.0,6.0,22.0,9.0,10.55,0.78,66.97,1.0
44.0,17.0,10.63,7.29,1.0,16.0,26.0,2.0,11.71,1.56,77.85,2.0
20.0,15.0,11.66,6.44,5.0,11.0,7.0,3.0,13.04,1.02,80.45,2.0
25.0,11.0,8.54,5.14,4.0,3.0,24.0,7.0,10.67,0.53,40.39,1.0
25.0,19.0,10.3,7.81,1.0,19.0,9.0,1.0,11.67,1.02,53.795,2.0
40.0,12.0,9.4,5.31,1.0,17.0,7.0,0.0,13.86,0.36,58.17,1.0
35.0,7.0,4.52,5.7,3.0,3.0,2.0,2.0,5.78,1.7,20.65,0.0
24.0,0.0,11.43,4.95,4.0,9.0,22.0,1.0,15.87,1.46,78.87,2.0
36.0,6.0,5.72,7.6,4.0,2.0,22.0,9.0,10.01,0.44,37.1,1.0
29.0,14.0,4.32,6.29,3.0,4.0,29.0,1.0,5.72,1.25,30.0,0.0
40.0,12.0,8.51,6.22,2.0,11.0,22.0,3.0,9.61,1.02,56.11,1.0
37.0,12.0,12.66,7.02,4.0,4.0,11.0,5.0,13.86,0.52,69.91,1.0
26.0,8.0,5.51,4.79,7.0,4.0,23.0,9.0,8.87,1.79,58.53,1.0
22.0,14.0,4.13,8.49,6.0,3.0,3.0,9.0,7.81,0.3,17.81,0.0
32.0,3.0,5.1,6.33,1.0,5.0,26.0,4.0,8.58,0.93,17.49,0.0
34.0,12.0,7.64,5.83,5.0,9.0,21.0,3.0,10.81,1.17,35.32,1.0
39.0,11.0,9.8,4.63,2.0,5.0,17.0,7.0,11.5,1.65,55.45,1.0
38.0,4.0,5.93,4.84,3.0,9.0,22.0,4.0,12.02,0.3,31.29,0.0
22.0,6.0,12.02,8.6,1.0,15.0,14.0,1.0,14.33,1.22,53.13,1.0
23.0,7.0,11.53,6.28,5.0,10.0,20.0,3.0,16.47,0.01,70.04,2.0
24.0,4.0,10.96,7.61,3.0,5.0,3.0,6.0,13.5,1.65,36.55,1.0
20.0,8.0,8.87,4.4,3.0,19.0,1.0,3.0,10.92,0.47,72.15,2.0
32.0,13.0,7.65,7.22,6.0,17.0,6.0,5.0,12.23,1.44,79.85,2.0
31.0,11.0,7.76,8.61,5.0,5.0,17.0,1.0,11.03,1.2,15.79,0.0
43.0,3.0,9.03,5.5,3.0,16.0,1.0,8.0,12.92,0.1,81.2,2.0
42.0,7.0,10.82,8.7,6.0,16.0,1.0,0.0,15.37,0.54,64.31,1.0
44.0,16.0,7.52,7.6,2.0,17.0,9.0,2.0,12.19,1.77,40.98,1.0
40.0,7.0,6.25,4.31,6.0,9.0,2.0,6.0,9.0,0.96,43.25,1.0
39.0,0.0,6.78,5.89,2.0,19.0,18.0,9.0,8.74,1.83,75.6,2.0
43.0,19.0,5.8,4.43,0.0,11.0,1.0,8.0,9.39,0.09,76.04,2.0
44.0,1.0,13.02,8.31,6.0,3.0,25.0,5.0,17.84,0.01,83.17,2.0
32.0,3.0,8.99,7.11,6.0,9.0,2.0,3.0,9.18,1.02,22.34,0.0
42.0,0.0,12.83,8.78,7.0,4.0,8.0,1.0,17.65,1.45,50.8,1.0
33.0,6.0,9.72,4.1,1.0,3.0,10.0,8.0,12.1,1.57,81.65,2.0
42.0,0.0,12.67,6.12,6.0,15.0,10.0,7.0,17.33,1.83,92.68,2.0
24.0,8.0,8.74,4.52,3.0,4.0,26.0,6.0,10.19,1.97,50.32,1.0
23.0,2.0,13.28,5.75,7.0,18.0,2.0,1.0,15.72,0.2,80.46,2.0
33.0,11.0,6.11,4.81,1.0,5.0,4.0,1.0,9.09,0.32,35.13,1.0
29.0,18.0,9.55,5.64,7.0,6.0,11.0,7.0,13.16,0.38,73.07,2.0
36.0,14.0,5.26,8.1,7.0,9.0,14.0,8.0,7.44,1.64,32.78,0.0
29.0,15.0,8.47,4.8,2.0,6.0,22.0,8.0,13.17,0.71,66.53,1.0
26.0,9.0,9.7,6.37,2.0,13.0,16.0,7.0,14.31,1.19,77.85,2.0
35.0,5.0,10.06,8.61,3.0,9.0,15.0,0.0,14.26,1.71,24.37,0.0
20.0,16.0,7.66,8.99,4.0,19.0,29.0,4.0,9.12,1.37,36.88,1.0
32.0,16.0,4.76,5.25,5.0,10.0,16.0,6.0,6.07,0.13,51.54,1.0
40.0,18.0,10.55,8.68,3.0,13.0,14.0,9.0,13.54,0.89,79.51,2.0
28.0,17.0,8.88,5.31,3.0,11.0,25.0,5.0,12.94,0.14,68.13,1.0
25.0,10.0,5.37,6.07,0.0,3.0,12.0,0.0,6.86,0.96,15.35,0.0
38.0,6.0,13.36,8.39,5.0,12.0,1.0,9.0,16.93,1.02,74.92,2.0
32.0,9.0,13.56,7.93,7.0,2.0,16.0,5.0,16.67,0.0,58.93,1.0
22.0,6.0,12.57,8.29,7.0,12.0,0.0,3.0,16.47,1.63,70.76,2.0
26.0,4.0,12.44,8.0,6.0,19.0,29.0,2.0,15.18,1.94,60.93,1.0
41.0,11.0,4.99,5.18,7.0,18.0,29.0,3.0,8.76,1.93,46.0,1.0
32.0,15.0,13.93,6.79,4.0,14.0,9.0,7.0,15.57,0.6,91.22,2.0
41.0,17.0,8.0,5.93,4.0,18.0,3.0,5.0,9.86,1.66,83.15,2.0
24.0,2.0,5.63,6.3,1.0,19.0,9.0,8.0,10.24,1.36,73.21,2.0
29.0,19.0,12.12,4.77,5.0,3.0,11.0,4.0,14.44,1.6,68.76,1.0
42.0,14.0,6.26,5.58,4.0,5.0,27.0,8.0,11.2,1.69,61.28,1.0
36.0,4.0,9.26,8.29,3.0,14.0,2.0,3.0,10.44,1.96,60.33,1.0
31.0,12.0,5.28,8.49,3.0,3.0,0.0,3.0,8.26,0.3,19.84,0.0
42.0,18.0,8.75,7.05,3.0,5.0,18.0,5.0,11.05,1.54,46.45,1.0
35.0,11.0,9.58,6.49,3.0,1.0,0.0,9.0,14.56,1.47,43.73,1.0
22.0,4.0,8.46,7.56,3.0,3.0,18.0,6.0,13.42,0.58,25.21,0.0
44.0,5.0,4.69,7.04,4.0,17.0,3.0,1.0,6.63,0.79,31.2,0.0
41.0,6.0,8.85,8.92,6.0,14.0,26.0,3.0,10.92,0.35,64.24,1.0
28.0,9.0,8.99,4.95,5.0,11.0,12.0,7.0,12.69,1.83,64.37,1.0
34.0,15.0,6.62,6.25,6.0,9.0,26.0,8.0,11.18,1.76,55.41,1.0
24.0,7.0,13.22,8.59,5.0,11.0,13.0,4.0,16.87,1.23,51.31,1.0
32.0,3.0,12.64,6.48,3.0,6.0,23.0,9.0,13.89,0.47,53.795,2.0
33.0,7.0,5.1,4.67,2.0,7.0,2.0,6.0,8.66,1.58,27.63,0.0
39.0,6.0,7.19,8.07,5.0,19.0,18.0,6.0,10.99,1.02,86.23,2.0
34.0,14.0,5.76,6.93,2.0,9.0,28.0,2.0,7.52,1.02,45.94,1.0
35.0,2.0,8.08,7.87,7.0,10.0,24.0,1.0,12.19,1.72,26.58,0.0
42.0,16.0,5.12,6.31,0.0,1.0,10.0,9.0,9.9,1.24,20.85,0.0
32.0,10.0,8.41,5.02,7.0,3.0,8.0,7.0,13.0,1.27,55.38,1.0
36.0,8.0,7.54,4.12,1.0,9.0,5.0,8.0,9.52,0.14,69.89,1.0
42.0,4.0,6.23,6.8,5.0,7.0,25.0,7.0,8.53,0.57,41.4,1.0
27.0,9.0,10.42,4.81,2.0,4.0,3.0,7.0,13.42,1.35,53.795,1.0
40.0,14.0,8.99,4.94,0.0,13.0,25.0,1.0,15.14,0.1,79.22,2.0
21.0,13.0,6.07,6.18,4.0,1.0,4.0,3.0,10.89,0.66,22.14,0.0
25.0,19.0,11.42,5.37,6.0,7.0,8.0,7.0,15.47,1.0,70.8,2.0
31.0,1.0,8.98,4.66,7.0,1.0,0.0,1.0,11.35,0.72,39.61,1.0
37.0,11.0,12.98,8.72,3.0,14.0,22.0,7.0,16.27,0.91,88.24,2.0
41.0,0.0,13.66,4.66,5.0,1.0,14.0,0.0,14.85,1.09,55.6,1.0
41.0,19.0,7.62,5.75,5.0,10.0,10.0,5.0,9.44,0.26,42.01,1.0
20.0,4.0,10.51,5.52,3.0,13.0,22.0,7.0,13.29,0.36,97.92,2.0
36.0,5.0,10.62,8.33,7.0,9.0,25.0,7.0,14.33,1.67,63.59,1.0
30.0,10.0,8.04,6.05,7.0,6.0,0.0,6.0,12.15,0.92,54.74,1.0
29.0,7.0,7.17,4.62,6.0,13.0,29.0,6.0,8.29,0.71,95.09,2.0
33.0,3.0,11.9,7.61,1.0,1.0,14.0,8.0,15.82,0.35,64.81,1.0
34.0,10.0,5.2,6.09,2.0,0.0,8.0,0.0,7.15,1.03,14.24,0.0
38.0,19.0,13.23,4.63,7.0,0.0,22.0,1.0,15.15,0.72,43.31,1.0
23.0,14.0,4.81,5.86,6.0,2.0,3.0,2.0,6.16,0.95,19.22,0.0
21.0,13.0,10.88,6.95,7.0,10.0,8.0,8.0,12.48,0.3,78.46,2.0
28.0,11.0,6.27,7.52,1.0,18.0,27.0,9.0,7.3,0.31,57.7,1.0
29.0,11.0,4.35,4.39,0.0,8.0,4.0,6.0,7.71,0.77,36.66,1.0
30.0,15.0,4.6,6.78,6.0,12.0,2.0,4.0,9.22,0.76,46.21,1.0
33.0,14.0,7.74,5.38,7.0,3.0,17.0,4.0,9.34,1.77,48.19,1.0
26.0,12.0,4.78,7.09,5.0,19.0,8.0,5.0,8.79,0.07,57.38,1.0
42.0,10.0,9.97,7.24,4.0,5.0,3.0,1.0,13.26,1.99,29.84,0.0
34.0,16.0,10.47,8.55,6.0,1.0,6.0,0.0,15.23,1.91,31.14,0.0
41.0,14.0,7.73,6.05,2.0,8.0,0.0,0.0,11.92,1.08,53.795,1.0
38.0,13.0,11.43,6.69,1.0,17.0,15.0,2.0,15.84,1.44,66.57,1.0
41.0,10.0,8.9,5.34,6.0,3.0,24.0,0.0,12.46,1.87,23.13,0.0
34.0,11.0,8.3,5.43,1.0,0.0,27.0,8.0,12.55,0.5,26.37,0.0
43.0,15.0,8.07,4.23,2.0,0.0,24.0,9.0,10.47,0.63,57.87,1.0
27.0,14.0,8.31,5.43,0.0,19.0,25.0,4.0,10.15,0.22,78.46,2.0
30.0,9.0,13.68,4.32,0.0,16.0,5.0,8.0,18.33,1.13,99.44,2.0
28.0,3.0,10.81,8.82,6.0,18.0,5.0,4.0,14.75,0.32,80.9,2.0
34.0,8.0,7.15,7.12,1.0,2.0,13.0,0.0,8.51,1.86,17.17,0.0
20.0,19.0,11.34,4.87,3.0,16.0,21.0,6.0,15.81,0.86,100.0,2.0
20.0,8.0,7.3,4.58,2.0,2.0,4.0,6.0,9.7,1.84,31.03,0.0
38.0,19.0,5.26,5.85,7.0,3.0,10.0,3.0,7.45,0.41,28.97,0.0
22.0,10.0,8.75,5.54,5.0,12.0,0.0,2.0,12.24,1.39,59.18,1.0
29.0,10.0,11.51,5.4,7.0,14.0,19.0,0.0,14.78,1.3,59.3,1.0
27.0,6.0,7.78,6.34,6.0,11.0,9.0,6.0,10.93,0.8,40.1,1.0
34.0,9.0,12.69,8.56,0.0,2.0,0.0,4.0,14.71,1.8,22.86,0.0
29.0,3.0,7.87,6.84,5.0,7.0,20.0,9.0,12.71,0.87,55.89,1.0
20.0,4.0,7.5,6.61,0.0,0.0,28.0,0.0,12.3,0.4,1.82,0.0
37.0,4.0,13.98,8.03,0.0,17.0,3.0,0.0,15.0,1.95,53.87,1.0
21.0,10.0,8.99,4.02,4.0,12.0,7.0,2.0,11.17,0.88,62.13,1.0
32.0,8.0,12.05,4.99,6.0,6.0,0.0,2.0,13.23,0.42,68.04,1.0
32.0,15.0,12.05,6.48,5.0,12.0,7.0,1.0,12.02,0.73,60.12,1.0
41.0,8.0,13.26,7.53,3.0,16.0,13.0,7.0,17.81,1.23,53.795,2.0
20.0,3.0,4.85,6.46,4.0,12.0,23.0,7.0,7.92,1.02,42.51,1.0
21.0,1.0,6.71,4.82,3.0,12.0,16.0,5.0,11.07,1.27,63.46,1.0
35.0,13.0,11.68,8.65,1.0,9.0,8.0,4.0,15.49,1.32,45.01,1.0
34.0,2.0,9.63,5.64,1.0,13.0,28.0,5.0,12.63,0.25,63.49,1.0
32.0,17.0,9.6,7.94,7.0,9.0,24.0,0.0,12.06,0.63,53.22,1.0
35.0,5.0,5.66,8.46,7.0,7.0,5.0,1.0,7.72,1.5,28.44,0.0
36.0,10.0,6.81,5.73,4.0,5.0,0.0,6.0,8.85,1.3,36.05,1.0
40.0,17.0,9.21,8.23,7.0,18.0,22.0,0.0,12.46,0.18,61.19,1.0
26.0,11.0,6.77,7.55,3.0,18.0,22.0,7.0,8.44,0.63,78.25,2.0
43.0,4.0,6.1,8.52,2.0,11.0,8.0,2.0,7.8,1.86,27.89,0.0
36.0,8.0,4.88,5.26,4.0,6.0,0.0,3.0,5.92,1.72,12.36,0.0
26.0,19.0,5.56,8.66,0.0,17.0,13.0,6.0,9.01,1.34,21.3,0.0
32.0,17.0,11.69,4.33,1.0,19.0,23.0,9.0,16.67,0.15,100.0,2.0
24.0,18.0,11.19,7.97,7.0,17.0,29.0,6.0,15.75,1.21,74.36,2.0
36.0,2.0,4.46,6.18,6.0,2.0,27.0,1.0,8.28,0.02,21.16,0.0
36.0,16.0,7.23,5.95,4.0,0.0,7.0,8.0,9.42,0.99,31.34,0.0
26.0,16.0,12.23,5.95,3.0,9.0,22.0,4.0,14.7,0.01,60.6,1.0
40.0,1.0,11.85,5.15,6.0,7.0,11.0,1.0,13.18,1.33,67.61,1.0
20.0,8.0,12.92,5.08,1.0,16.0,5.0,3.0,16.46,1.64,87.37,2.0
36.0,8.0,9.63,6.0,0.0,9.0,16.0,4.0,11.33,1.17,45.37,1.0
36.0,4.0,7.52,6.05,2.0,2.0,10.0,5.0,11.57,1.42,53.795,0.0
30.0,14.0,10.06,6.21,2.0,2.0,9.0,5.0,11.82,0.18,46.65,1.0
44.0,14.0,4.89,8.34,5.0,6.0,26.0,0.0,6.8,1.43,14.05,0.0
22.0,2.0,4.1,7.06,2.0,10.0,7.0,5.0,8.93,1.23,25.23,0.0
34.0,18.0,4.17,4.1,0.0,17.0,11.0,9.0,5.59,0.66,56.42,1.0
40.0,2.0,8.08,6.6,2.0,4.0,20.0,0.0,11.08,1.37,10.76,0.0
30.0,5.0,8.99,7.81,7.0,1.0,3.0,4.0,7.53,1.29,28.89,0.0
35.0,3.0,5.57,4.28,3.0,13.0,20.0,6.0,6.93,1.2,51.81,1.0
44.0,12.0,10.15,6.11,5.0,0.0,20.0,7.0,13.68,0.37,50.02,1.0
41.0,12.0,13.95,6.26,7.0,3.0,29.0,4.0,17.47,0.59,78.26,2.0
28.0,10.0,5.78,8.77,3.0,13.0,12.0,1.0,7.55,1.98,11.8,0.0
43.0,4.0,9.46,6.38,6.0,14.0,25.0,2.0,13.95,0.87,57.65,1.0
43.0,0.0,5.2,7.75,4.0,19.0,2.0,6.0,9.01,0.12,58.8,1.0
20.0,8.0,13.34,5.51,4.0,19.0,19.0,9.0,15.54,1.8,100.0,2.0
44.0,16.0,6.92,7.9,6.0,16.0,3.0,3.0,8.91,0.35,68.4,1.0
41.0,0.0,12.78,5.61,7.0,2.0,7.0,0.0,16.8,0.81,60.74,1.0
35.0,2.0,6.83,6.15,6.0,3.0,4.0,2.0,10.76,0.56,32.02,0.0
28.0,14.0,12.06,6.4,7.0,17.0,21.0,9.0,13.66,1.93,100.0,2.0
38.0,9.0,6.09,8.63,7.0,0.0,25.0,1.0,8.49,0.76,9.93,0.0
31.0,7.0,6.93,4.27,3.0,4.0,1.0,8.0,8.8,1.42,59.29,1.0
38.0,11.0,5.92,4.98,4.0,17.0,24.0,0.0,8.1,1.2,27.73,0.0
41.0,14.0,6.64,7.53,5.0,12.0,7.0,8.0,8.79,0.09,54.31,1.0
28.0,8.0,12.35,6.89,4.0,13.0,23.0,9.0,17.25,0.77,81.76,2.0
26.0,9.0,10.39,5.26,7.0,19.0,25.0,4.0,14.39,0.78,96.05,2.0
33.0,19.0,8.06,5.45,2.0,2.0,4.0,5.0,12.18,1.98,16.15,0.0
38.0,8.0,13.72,5.84,6.0,5.0,15.0,5.0,15.83,1.62,77.32,2.0
38.0,14.0,8.65,6.25,3.0,10.0,20.0,5.0,9.65,1.71,45.76,1.0
21.0,0.0,13.7,8.09,1.0,8.0,14.0,8.0,14.93,0.63,76.3,2.0
28.0,1.0,5.97,4.07,0.0,19.0,18.0,8.0,9.18,0.66,72.07,2.0
32.0,18.0,13.05,8.49,0.0,18.0,12.0,9.0,15.19,1.03,94.69,2.0
34.0,13.0,4.14,6.07,3.0,6.0,10.0,6.0,5.91,1.26,48.48,1.0
22.0,7.0,9.45,5.15,7.0,9.0,15.0,2.0,10.65,1.46,77.54,2.0
30.0,5.0,8.23,6.54,1.0,6.0,17.0,6.0,12.73,1.64,46.96,1.0
40.0,11.0,9.25,7.3,0.0,4.0,24.0,4.0,12.65,1.75,24.87,0.0
33.0,14.0,9.53,4.22,5.0,3.0,14.0,8.0,10.96,0.05,72.41,2.0
44.0,13.0,7.89,7.58,4.0,16.0,5.0,5.0,11.96,1.59,58.2,1.0
27.0,0.0,13.98,7.8,5.0,4.0,7.0,9.0,18.0,1.22,70.24,2.0
37.0,10.0,13.77,4.83,1.0,16.0,3.0,5.0,15.93,1.06,73.7,2.0
38.0,2.0,13.62,4.84,5.0,16.0,20.0,4.0,15.37,1.26,94.16,2.0
35.0,18.0,13.79,5.02,2.0,16.0,25.0,9.0,18.05,1.76,100.0,2.0
21.0,17.0,11.93,7.98,6.0,0.0,15.0,1.0,14.25,1.09,43.39,1.0
27.0,19.0,13.89,5.36,6.0,1.0,20.0,2.0,18.28,0.32,67.54,1.0
41.0,1.0,12.92,7.98,4.0,18.0,10.0,2.0,14.09,0.87,71.39,2.0
25.0,6.0,8.16,6.7,1.0,8.0,25.0,3.0,11.16,1.85,26.77,0.0
31.0,7.0,11.85,7.84,3.0,19.0,19.0,2.0,13.57,1.63,78.98,2.0
34.0,18.0,13.12,6.77,7.0,14.0,26.0,6.0,16.81,0.41,53.795,2.0
44.0,14.0,11.13,5.68,0.0,18.0,1.0,5.0,16.12,1.43,71.69,2.0
27.0,9.0,8.23,8.55,4.0,4.0,29.0,7.0,10.88,0.51,41.63,1.0
23.0,0.0,4.66,7.58,4.0,12.0,21.0,1.0,6.06,0.7,53.795,0.0
34.0,5.0,12.1,6.42,1.0,3.0,3.0,1.0,14.37,0.94,25.94,0.0
39.0,12.0,8.99,7.19,2.0,12.0,13.0,0.0,18.1,0.88,71.84,2.0
44.0,13.0,7.62,7.08,0.0,5.0,10.0,4.0,11.68,0.06,43.12,1.0
36.0,2.0,5.52,5.79,0.0,11.0,3.0,6.0,7.45,1.55,26.82,0.0
32.0,10.0,7.27,6.12,4.0,8.0,25.0,5.0,12.08,1.69,19.34,0.0
37.0,2.0,9.83,5.59,3.0,14.0,2.0,4.0,13.32,1.06,87.49,2.0
21.0,18.0,7.17,9.0,6.0,14.0,23.0,0.0,8.84,0.35,33.94,0.0
32.0,9.0,10.11,6.9,1.0,16.0,21.0,2.0,13.4,0.5,50.72,1.0
32.0,14.0,13.67,4.46,1.0,4.0,24.0,7.0,16.48,0.25,79.15,2.0
41.0,10.0,10.71,6.6,3.0,4.0,4.0,2.0,14.99,0.34,48.66,1.0
34.0,14.0,7.63,4.25,0.0,4.0,5.0,6.0,10.01,1.75,32.11,0.0
39.0,12.0,13.36,5.44,7.0,13.0,14.0,9.0,17.86,0.96,100.0,2.0
29.0,4.0,9.66,6.23,3.0,1.0,3.0,2.0,13.91,0.22,35.09,1.0
22.0,3.0,5.28,6.67,5.0,8.0,25.0,1.0,8.98,0.51,19.29,0.0
38.0,12.0,8.99,8.88,6.0,13.0,6.0,5.0,11.02,1.9,48.6,1.0
22.0,8.0,10.54,8.91,1.0,14.0,12.0,5.0,15.42,1.02,70.28,2.0
32.0,16.0,12.38,4.49,7.0,3.0,9.0,1.0,15.57,1.03,67.44,1.0
33.0,1.0,13.36,6.69,3.0,5.0,11.0,9.0,17.99,1.05,70.11,2.0
27.0,4.0,7.17,8.09,0.0,13.0,9.0,4.0,9.03,0.22,44.45,1.0
42.0,15.0,5.56,5.19,4.0,4.0,10.0,4.0,12.02,1.94,16.65,0.0
23.0,6.0,4.74,7.75,7.0,10.0,10.0,4.0,9.0,0.17,37.47,1.0
39.0,0.0,11.38,8.39,5.0,13.0,21.0,5.0,16.18,1.4,73.28,2.0
30.0,11.0,8.99,7.31,0.0,6.0,5.0,2.0,13.8,0.12,52.55,1.0
30.0,10.0,8.09,5.64,2.0,13.0,5.0,9.0,10.81,0.89,66.38,1.0
30.0,11.0,7.96,8.62,2.0,12.0,29.0,4.0,9.35,1.8,44.48,1.0
21.0,18.0,13.54,8.42,3.0,17.0,19.0,5.0,15.09,1.54,87.43,2.0
36.0,11.0,13.17,7.58,6.0,1.0,25.0,3.0,12.02,0.67,49.91,1.0
28.0,11.0,6.33,5.82,4.0,8.0,5.0,4.0,11.14,1.1,59.62,1.0
21.0,13.0,11.81,7.96,0.0,10.0,11.0,0.0,15.48,0.33,34.32,0.0
43.0,1.0,10.23,5.58,0.0,19.0,22.0,0.0,12.49,1.91,61.28,1.0
34.0,1.0,5.54,5.26,1.0,10.0,28.0,7.0,10.36,1.42,56.73,1.0
35.0,3.0,7.57,6.58,4.0,5.0,13.0,1.0,11.53,0.75,11.76,0.0
44.0,19.0,5.77,8.99,5.0,0.0,14.0,9.0,10.4,0.64,43.06,1.0
23.0,15.0,6.95,8.02,0.0,4.0,26.0,9.0,11.66,0.48,52.17,1.0
27.0,9.0,10.15,7.65,7.0,13.0,24.0,6.0,14.15,1.57,65.61,1.0
28.0,12.0,7.75,6.26,5.0,15.0,22.0,6.0,9.72,0.87,70.25,2.0
24.0,1.0,7.94,5.56,3.0,8.0,18.0,8.0,12.93,0.66,52.8,1.0
32.0,2.0,9.4,8.28,1.0,18.0,9.0,0.0,11.7,1.81,34.58,0.0
32.0,10.0,4.87,6.84,6.0,19.0,9.0,1.0,8.56,0.3,37.17,1.0
26.0,5.0,11.39,8.07,5.0,7.0,6.0,0.0,15.77,0.53,62.96,1.0
39.0,18.0,8.02,6.44,5.0,7.0,25.0,0.0,9.72,0.69,53.795,0.0
36.0,19.0,8.8,7.77,5.0,15.0,9.0,3.0,12.24,0.52,45.46,1.0
22.0,18.0,13.74,8.34,5.0,17.0,13.0,7.0,16.24,1.17,100.0,2.0
24.0,7.0,7.44,5.96,5.0,7.0,4.0,9.0,9.42,1.2,65.09,1.0
38.0,13.0,10.48,4.07,6.0,8.0,24.0,7.0,11.53,0.11,88.33,2.0
31.0,9.0,7.93,5.27,1.0,4.0,21.0,8.0,12.42,0.29,44.54,1.0
26.0,2.0,8.99,8.57,3.0,1.0,14.0,1.0,14.48,0.4,35.39,1.0
28.0,5.0,12.47,7.44,5.0,13.0,28.0,6.0,16.98,0.14,100.0,2.0
25.0,14.0,6.42,7.69,5.0,17.0,6.0,3.0,9.82,0.25,56.94,1.0
36.0,17.0,10.92,5.63,3.0,12.0,19.0,2.0,14.4,0.48,60.39,1.0
35.0,13.0,4.65,7.51,0.0,11.0,17.0,3.0,8.96,0.69,28.19,0.0
42.0,18.0,13.63,7.23,0.0,14.0,10.0,3.0,16.67,1.58,76.77,2.0
22.0,9.0,7.49,4.89,6.0,14.0,19.0,2.0,9.92,0.44,79.82,2.0
40.0,14.0,12.32,8.84,1.0,0.0,24.0,8.0,13.88,1.34,46.2,1.0
23.0,3.0,7.18,5.77,1.0,6.0,2.0,7.0,10.46,0.12,54.54,1.0
29.0,1.0,10.33,5.65,4.0,12.0,6.0,9.0,13.54,1.32,86.76,2.0
24.0,2.0,13.84,5.85,1.0,17.0,28.0,1.0,16.02,1.59,69.71,1.0
40.0,6.0,12.77,4.46,6.0,0.0,29.0,2.0,16.17,1.21,44.3,1.0
41.0,15.0,5.6,7.12,3.0,10.0,3.0,9.0,8.36,0.4,56.73,1.0
29.0,9.0,9.47,5.19,5.0,12.0,18.0,6.0,13.69,0.66,82.21,2.0
31.0,18.0,7.49,8.02,3.0,19.0,29.0,4.0,10.73,1.61,29.0,0.0
29.0,16.0,8.34,5.97,6.0,8.0,29.0,0.0,13.07,0.86,46.82,1.0
32.0,18.0,7.35,6.29,4.0,15.0,29.0,0.0,10.42,0.51,46.25,1.0
30.0,4.0,7.36,7.23,2.0,10.0,20.0,7.0,11.91,1.87,47.89,1.0
41.0,19.0,9.43,7.81,6.0,2.0,17.0,5.0,12.51,1.27,35.75,1.0
35.0,12.0,5.92,5.16,6.0,16.0,14.0,3.0,9.15,1.61,68.45,1.0
27.0,12.0,9.37,8.83,2.0,1.0,13.0,2.0,11.84,0.05,33.58,0.0
27.0,10.0,6.79,7.11,3.0,8.0,9.0,8.0,9.39,0.68,34.22,0.0
44.0,10.0,6.89,4.03,2.0,8.0,13.0,8.0,11.62,0.92,47.93,1.0
27.0,15.0,11.39,6.08,6.0,15.0,3.0,3.0,13.28,1.17,78.38,2.0
32.0,14.0,4.3,6.18,6.0,0.0,22.0,7.0,5.79,0.38,21.69,0.0
21.0,16.0,7.81,8.05,2.0,16.0,11.0,3.0,12.13,1.0,57.66,1.0
31.0,17.0,8.08,5.53,7.0,9.0,11.0,7.0,11.39,1.37,54.31,1.0
29.0,18.0,8.85,5.66,6.0,19.0,1.0,6.0,10.99,0.69,53.795,2.0
31.0,3.0,10.69,4.35,4.0,4.0,25.0,5.0,13.42,1.38,35.87,1.0
30.0,4.0,7.7,5.42,6.0,7.0,5.0,6.0,10.8,0.78,52.87,1.0
34.0,6.0,6.13,7.58,6.0,12.0,4.0,5.0,9.5,0.94,60.51,1.0
36.0,0.0,13.81,4.41,1.0,3.0,20.0,6.0,16.39,1.3,71.19,2.0
21.0,11.0,4.2,4.57,1.0,7.0,14.0,3.0,7.91,0.45,33.25,0.0
37.0,9.0,9.46,5.88,2.0,6.0,9.0,4.0,13.8,1.66,48.76,1.0
31.0,7.0,7.42,7.72,0.0,4.0,6.0,8.0,11.8,1.11,31.55,0.0
38.0,0.0,6.77,8.16,4.0,9.0,18.0,1.0,8.79,1.12,37.79,1.0
42.0,11.0,7.36,4.07,5.0,16.0,7.0,8.0,9.76,1.82,78.71,2.0
37.0,1.0,10.39,5.65,5.0,5.0,14.0,4.0,13.77,0.33,65.12,1.0
36.0,9.0,5.91,6.46,2.0,9.0,22.0,9.0,10.45,1.06,58.22,1.0
25.0,16.0,13.13,8.56,0.0,15.0,3.0,0.0,17.29,0.76,33.32,0.0
44.0,2.0,8.66,6.51,0.0,9.0,12.0,6.0,12.0,1.93,36.42,1.0
34.0,6.0,7.26,5.35,5.0,3.0,28.0,4.0,12.19,1.59,29.05,0.0
22.0,11.0,11.66,5.95,4.0,1.0,4.0,2.0,12.02,1.52,49.49,1.0
25.0,7.0,4.16,6.18,1.0,0.0,25.0,2.0,12.02,0.41,19.46,0.0
22.0,19.0,8.32,7.35,5.0,2.0,10.0,0.0,12.59,0.47,5.19,0.0
20.0,11.0,7.55,4.21,7.0,12.0,15.0,6.0,12.18,0.06,72.45,2.0
32.0,2.0,7.38,5.95,7.0,11.0,19.0,1.0,12.33,1.28,56.64,1.0
40.0,16.0,7.37,7.23,6.0,0.0,17.0,7.0,10.35,0.74,19.83,0.0
33.0,8.0,4.31,5.42,5.0,9.0,27.0,3.0,6.09,0.62,37.6,1.0
32.0,9.0,5.52,6.96,6.0,5.0,14.0,3.0,8.36,1.27,28.97,0.0
23.0,5.0,5.42,5.79,3.0,8.0,24.0,4.0,9.84,1.66,35.02,1.0
26.0,0.0,13.89,7.79,0.0,0.0,0.0,8.0,18.23,0.27,49.7,1.0
41.0,11.0,4.22,6.46,3.0,11.0,7.0,6.0,6.56,1.84,40.3,1.0
29.0,4.0,5.67,8.59,7.0,4.0,3.0,2.0,6.86,0.07,9.62,0.0
26.0,12.0,13.74,4.86,3.0,0.0,8.0,3.0,16.78,0.19,74.38,2.0
40.0,14.0,10.28,4.79,4.0,1.0,18.0,8.0,13.18,1.68,47.2,1.0
34.0,10.0,8.51,8.2,7.0,13.0,6.0,0.0,9.85,0.99,45.17,1.0
34.0,7.0,4.79,8.35,5.0,1.0,14.0,7.0,12.02,1.88,35.06,1.0
23.0,4.0,10.7,4.46,1.0,4.0,2.0,7.0,12.83,0.92,73.34,2.0
42.0,1.0,5.38,8.54,7.0,9.0,25.0,6.0,8.96,1.85,15.81,0.0
42.0,11.0,10.71,5.37,6.0,19.0,11.0,5.0,12.12,0.48,91.63,2.0
25.0,1.0,13.79,7.09,6.0,9.0,22.0,6.0,18.23,1.23,75.1,2.0
43.0,15.0,9.32,4.34,4.0,4.0,1.0,9.0,13.28,1.99,60.39,1.0
39.0,2.0,6.14,5.9,0.0,1.0,18.0,3.0,8.69,0.75,18.23,0.0
24.0,9.0,10.25,6.25,1.0,8.0,23.0,3.0,13.77,0.0,59.41,1.0
39.0,18.0,9.13,7.0,5.0,9.0,6.0,4.0,10.88,0.13,75.33,2.0
31.0,7.0,9.33,6.63,7.0,7.0,10.0,3.0,14.27,1.72,43.86,1.0
20.0,6.0,8.78,6.31,2.0,5.0,18.0,3.0,12.96,0.98,44.19,1.0
27.0,0.0,10.74,8.8,1.0,4.0,7.0,8.0,14.9,1.07,45.33,1.0
20.0,11.0,9.72,4.93,6.0,17.0,12.0,5.0,11.33,1.6,97.56,2.0
24.0,4.0,13.87,4.79,4.0,19.0,8.0,2.0,14.94,1.62,98.0,2.0
41.0,15.0,12.26,7.57,4.0,17.0,1.0,2.0,15.6,0.95,74.68,2.0
25.0,3.0,6.65,6.46,3.0,1.0,17.0,9.0,8.23,1.02,39.56,1.0
40.0,16.0,11.26,6.41,7.0,11.0,14.0,5.0,15.38,0.94,74.26,2.0
22.0,1.0,6.14,6.42,5.0,7.0,22.0,2.0,8.8,1.35,36.94,1.0
34.0,11.0,11.82,5.55,2.0,3.0,10.0,3.0,14.17,0.07,47.34,1.0
24.0,0.0,5.48,8.65,5.0,19.0,23.0,5.0,6.77,1.02,35.74,1.0
43.0,11.0,8.74,5.41,1.0,3.0,14.0,8.0,13.72,1.02,35.95,1.0
33.0,11.0,11.91,5.44,2.0,8.0,20.0,5.0,16.73,0.63,71.17,2.0
37.0,11.0,6.8,5.17,5.0,8.0,17.0,2.0,8.33,0.67,29.75,0.0
35.0,18.0,12.37,4.73,3.0,11.0,13.0,5.0,12.02,1.33,71.23,2.0
44.0,19.0,7.98,7.4,2.0,2.0,20.0,4.0,10.17,0.16,21.23,0.0
43.0,10.0,8.23,7.71,1.0,5.0,18.0,4.0,12.97,1.53,43.78,1.0
33.0,12.0,13.26,8.07,2.0,14.0,12.0,2.0,17.15,1.23,59.54,1.0
43.0,7.0,6.18,4.99,3.0,18.0,24.0,4.0,11.0,1.71,55.31,1.0
27.0,9.0,10.93,4.18,7.0,3.0,15.0,4.0,15.43,1.07,87.0,2.0
26.0,7.0,8.99,8.87,0.0,0.0,1.0,6.0,15.09,0.83,37.03,1.0
27.0,19.0,13.22,4.07,0.0,8.0,24.0,8.0,17.01,0.74,89.04,2.0
32.0,7.0,11.13,8.8,4.0,15.0,1.0,4.0,15.59,0.01,60.85,1.0
25.0,8.0,9.84,8.14,0.0,8.0,16.0,8.0,13.58,0.08,58.51,1.0
37.0,6.0,13.03,8.56,1.0,11.0,25.0,4.0,14.78,0.26,82.93,2.0
21.0,13.0,12.29,5.94,4.0,13.0,21.0,3.0,15.88,1.86,59.31,1.0
27.0,1.0,11.17,4.99,0.0,14.0,26.0,5.0,14.23,1.76,68.23,1.0
30.0,10.0,4.33,7.03,0.0,15.0,21.0,7.0,9.26,0.99,27.84,0.0
20.0,7.0,7.74,7.71,4.0,7.0,19.0,3.0,10.78,0.36,53.22,1.0
41.0,12.0,10.32,4.65,1.0,9.0,28.0,4.0,11.47,0.29,51.75,1.0
25.0,14.0,9.22,7.99,4.0,13.0,17.0,9.0,11.28,0.51,65.55,1.0
35.0,2.0,7.19,5.04,6.0,16.0,28.0,0.0,11.86,1.82,39.1,1.0
39.0,13.0,5.44,6.46,7.0,2.0,9.0,9.0,10.29,1.04,27.34,0.0
31.0,14.0,9.53,8.28,6.0,3.0,11.0,0.0,13.44,1.61,25.4,0.0
30.0,1.0,6.86,4.97,1.0,15.0,26.0,7.0,8.09,1.01,58.87,1.0
22.0,11.0,7.99,4.31,5.0,13.0,28.0,4.0,10.91,1.22,70.82,2.0
32.0,19.0,11.85,4.73,3.0,15.0,5.0,8.0,16.85,0.06,83.21,2.0
22.0,3.0,8.88,4.73,0.0,7.0,19.0,0.0,13.36,0.89,38.05,1.0
34.0,2.0,6.16,5.02,5.0,17.0,4.0,2.0,10.89,1.73,42.94,1.0
35.0,4.0,5.17,5.43,0.0,6.0,26.0,5.0,8.66,0.98,27.67,0.0
32.0,2.0,8.99,8.07,5.0,2.0,24.0,0.0,13.43,0.87,25.66,0.0
36.0,14.0,11.94,8.58,7.0,5.0,20.0,5.0,14.22,1.05,56.54,1.0
22.0,18.0,10.53,6.03,2.0,19.0,25.0,1.0,11.64,0.76,82.9,2.0
39.0,1.0,6.32,4.64,6.0,15.0,26.0,9.0,10.99,1.03,62.56,1.0
30.0,11.0,8.37,5.12,7.0,3.0,7.0,4.0,10.24,0.27,40.76,1.0
40.0,4.0,12.55,7.68,4.0,18.0,17.0,9.0,16.46,1.94,95.77,2.0
38.0,16.0,5.78,7.39,5.0,1.0,15.0,1.0,9.42,0.07,35.11,1.0
41.0,13.0,9.32,8.84,6.0,3.0,27.0,0.0,10.95,0.97,53.795,0.0
30.0,9.0,7.56,4.07,3.0,1.0,13.0,3.0,9.34,0.42,35.77,1.0
35.0,2.0,5.24,7.75,0.0,6.0,5.0,1.0,7.56,0.12,21.51,0.0
40.0,3.0,4.5,6.53,2.0,14.0,10.0,8.0,8.53,1.3,55.04,1.0
22.0,5.0,9.56,8.51,3.0,16.0,26.0,2.0,10.72,1.97,53.795,1.0
41.0,15.0,4.21,6.88,1.0,13.0,5.0,5.0,6.84,1.02,30.84,0.0
25.0,6.0,5.03,6.23,7.0,10.0,4.0,3.0,8.69,0.51,40.43,1.0
33.0,10.0,7.48,7.33,0.0,16.0,14.0,9.0,9.17,0.99,62.43,1.0
43.0,19.0,4.44,8.17,6.0,4.0,5.0,6.0,5.92,0.1,37.45,1.0
37.0,10.0,8.0,5.41,5.0,13.0,29.0,6.0,10.56,1.06,65.73,1.0
36.0,0.0,5.3,4.54,4.0,16.0,20.0,5.0,7.45,0.2,75.9,2.0
23.0,4.0,7.5,6.17,3.0,19.0,15.0,7.0,11.1,1.59,69.32,1.0
42.0,12.0,11.91,5.07,6.0,1.0,17.0,5.0,16.79,0.11,69.11,1.0
30.0,8.0,8.45,6.46,4.0,9.0,0.0,4.0,13.06,1.72,22.04,0.0
22.0,16.0,4.92,6.87,1.0,7.0,2.0,2.0,7.65,1.89,8.96,0.0
22.0,14.0,10.19,7.47,4.0,0.0,29.0,4.0,13.85,0.17,40.56,1.0
32.0,6.0,5.64,7.39,6.0,9.0,22.0,3.0,10.04,0.56,18.63,0.0
24.0,11.0,4.77,8.1,6.0,0.0,19.0,2.0,8.06,1.48,0.0,0.0
40.0,5.0,10.64,8.72,2.0,0.0,23.0,0.0,12.03,1.08,33.81,0.0
29.0,15.0,13.12,7.29,1.0,3.0,2.0,7.0,14.68,1.9,53.795,1.0
38.0,4.0,8.61,6.38,2.0,16.0,6.0,3.0,12.77,0.78,56.18,1.0
44.0,8.0,4.41,5.59,6.0,4.0,13.0,2.0,6.33,0.01,53.795,0.0
23.0,13.0,12.8,5.8,0.0,13.0,17.0,3.0,16.08,0.04,78.87,2.0
38.0,7.0,4.67,5.67,2.0,5.0,29.0,0.0,7.38,1.13,14.12,0.0
30.0,13.0,12.68,5.62,7.0,6.0,23.0,5.0,14.89,1.5,75.88,2.0
21.0,11.0,7.92,7.47,4.0,7.0,14.0,2.0,12.07,1.58,9.7,0.0
32.0,9.0,7.65,6.94,6.0,17.0,12.0,7.0,11.57,1.82,48.11,1.0
30.0,19.0,9.43,5.01,0.0,3.0,18.0,9.0,13.01,0.46,31.17,0.0
44.0,19.0,13.57,8.85,0.0,2.0,28.0,4.0,16.06,1.48,39.69,1.0
39.0,12.0,12.99,6.14,3.0,3.0,21.0,8.0,14.9,1.65,51.7,1.0
35.0,18.0,8.7,6.83,4.0,15.0,1.0,8.0,11.76,1.67,46.35,1.0
38.0,14.0,10.96,7.51,4.0,12.0,6.0,1.0,15.23,0.82,46.46,1.0
42.0,7.0,9.8,7.07,1.0,10.0,12.0,4.0,13.1,1.25,41.64,1.0
43.0,9.0,10.93,5.56,2.0,10.0,3.0,6.0,15.81,1.1,68.09,1.0
30.0,2.0,12.29,7.99,5.0,4.0,5.0,6.0,13.35,1.19,59.61,1.0
33.0,2.0,4.34,4.55,2.0,19.0,17.0,9.0,9.33,0.56,70.31,2.0
21.0,4.0,7.26,6.84,4.0,0.0,18.0,2.0,11.03,1.37,24.29,0.0
42.0,15.0,13.59,6.46,2.0,13.0,14.0,6.0,17.92,1.42,84.44,2.0
24.0,16.0,13.49,7.08,4.0,19.0,2.0,6.0,15.83,0.39,100.0,2.0
24.0,5.0,4.11,5.09,6.0,18.0,19.0,3.0,7.14,0.89,49.24,1.0
38.0,19.0,6.01,7.86,0.0,4.0,16.0,6.0,10.2,0.84,16.43,0.0
40.0,19.0,13.94,5.14,2.0,19.0,15.0,7.0,17.98,1.5,53.795,2.0
31.0,15.0,8.93,8.45,6.0,5.0,12.0,2.0,11.27,1.33,31.84,0.0
37.0,1.0,9.73,8.31,2.0,18.0,21.0,5.0,12.03,0.95,60.26,1.0
23.0,19.0,5.66,5.81,4.0,11.0,26.0,8.0,9.31,1.31,58.91,1.0
41.0,14.0,12.94,5.93,6.0,13.0,21.0,6.0,17.67,0.53,100.0,2.0
36.0,17.0,6.31,7.51,4.0,16.0,19.0,0.0,9.07,0.46,42.31,1.0
29.0,0.0,5.9,4.45,1.0,6.0,7.0,9.0,8.31,0.48,38.78,1.0
39.0,18.0,6.28,4.4,2.0,0.0,20.0,9.0,10.86,0.06,72.07,2.0
25.0,11.0,13.2,4.68,3.0,16.0,25.0,8.0,16.93,1.38,89.05,2.0
44.0,7.0,11.03,6.81,7.0,5.0,13.0,4.0,13.58,1.97,55.28,1.0
33.0,5.0,11.69,4.75,4.0,3.0,3.0,1.0,12.92,0.62,83.33,2.0
30.0,11.0,7.77,5.39,3.0,9.0,6.0,6.0,11.66,1.86,66.81,1.0
30.0,6.0,13.09,7.23,0.0,7.0,9.0,8.0,15.5,1.21,61.48,1.0
37.0,17.0,11.89,4.08,0.0,17.0,14.0,5.0,12.02,0.45,93.06,2.0
42.0,13.0,11.51,4.9,7.0,19.0,25.0,3.0,14.96,0.02,100.0,2.0
41.0,7.0,13.71,8.65,3.0,12.0,15.0,8.0,16.0,1.45,72.54,2.0
37.0,19.0,7.66,7.32,5.0,7.0,7.0,1.0,10.01,1.39,31.25,0.0
43.0,13.0,10.11,5.53,0.0,15.0,1.0,3.0,13.03,0.46,61.5,1.0
42.0,4.0,13.1,4.23,3.0,4.0,28.0,4.0,16.97,0.67,53.795,1.0
30.0,8.0,11.91,6.93,1.0,2.0,16.0,3.0,12.02,1.8,38.25,1.0
40.0,7.0,9.63,5.11,1.0,12.0,5.0,6.0,10.95,0.31,77.16,2.0
31.0,1.0,4.76,8.8,0.0,14.0,15.0,5.0,7.46,1.67,32.27,0.0
24.0,15.0,10.53,7.43,6.0,3.0,1.0,8.0,11.75,0.34,55.95,1.0
42.0,10.0,9.27,8.87,3.0,2.0,26.0,3.0,13.06,0.96,28.67,0.0
28.0,6.0,5.84,8.24,3.0,1.0,23.0,8.0,10.68,1.0,20.56,0.0
44.0,15.0,12.82,6.42,7.0,3.0,28.0,0.0,16.46,0.94,61.39,1.0
28.0,6.0,7.43,7.35,7.0,5.0,20.0,5.0,9.53,0.58,33.64,0.0
32.0,13.0,7.87,8.06,3.0,3.0,17.0,6.0,9.6,0.51,34.35,0.0
29.0,13.0,10.72,6.89,7.0,9.0,10.0,8.0,12.65,1.47,70.4,2.0
41.0,11.0,8.89,4.31,5.0,6.0,11.0,0.0,10.78,0.55,53.5,1.0
38.0,0.0,4.89,6.35,0.0,17.0,4.0,0.0,7.15,1.22,44.97,1.0
26.0,11.0,4.94,7.57,3.0,16.0,21.0,5.0,9.52,1.67,47.45,1.0
23.0,19.0,5.91,7.4,4.0,3.0,23.0,2.0,10.45,0.33,24.05,0.0
20.0,10.0,4.07,8.96,3.0,18.0,17.0,5.0,7.53,1.31,55.62,1.0
34.0,3.0,5.81,7.14,4.0,6.0,21.0,1.0,7.06,1.2,11.92,0.0
27.0,6.0,7.3,8.0,1.0,12.0,5.0,9.0,11.52,0.56,52.17,1.0
31.0,15.0,9.38,5.34,4.0,2.0,0.0,5.0,10.63,0.78,62.77,1.0
41.0,2.0,13.19,5.7,1.0,7.0,8.0,6.0,14.62,0.57,72.91,2.0
41.0,6.0,9.4,8.59,7.0,10.0,14.0,5.0,11.7,1.07,47.04,1.0
37.0,5.0,11.06,7.78,0.0,15.0,27.0,1.0,13.79,1.61,33.93,0.0
34.0,15.0,7.58,7.28,6.0,19.0,7.0,4.0,10.0,1.76,53.58,1.0
36.0,7.0,11.52,5.27,6.0,18.0,27.0,9.0,13.18,1.45,100.0,2.0
33.0,5.0,10.2,7.49,5.0,8.0,13.0,5.0,11.65,0.97,56.16,1.0
33.0,9.0,8.6,8.43,5.0,9.0,3.0,7.0,13.04,1.92,41.08,1.0
37.0,15.0,5.94,5.15,1.0,5.0,6.0,8.0,8.39,1.13,38.57,1.0
37.0,12.0,10.21,5.97,3.0,19.0,7.0,6.0,13.16,1.71,62.03,1.0
35.0,5.0,8.26,4.59,2.0,7.0,9.0,3.0,9.41,0.37,39.18,1.0
20.0,0.0,12.89,7.82,1.0,5.0,17.0,9.0,16.29,0.32,55.69,1.0
32.0,18.0,6.35,4.84,4.0,7.0,17.0,4.0,8.34,1.57,53.17,1.0
30.0,11.0,4.73,5.26,0.0,13.0,18.0,0.0,8.12,1.74,18.73,0.0
34.0,5.0,9.89,7.91,7.0,7.0,29.0,2.0,13.35,0.15,49.31,1.0
31.0,17.0,12.86,7.71,5.0,10.0,3.0,1.0,17.1,1.53,57.01,1.0
27.0,12.0,7.65,5.27,4.0,9.0,26.0,5.0,9.57,0.85,42.72,1.0
41.0,6.0,10.48,8.7,4.0,9.0,12.0,8.0,13.33,1.41,67.73,1.0
39.0,12.0,6.31,5.08,0.0,10.0,5.0,9.0,11.16,0.27,75.23,2.0
25.0,7.0,9.58,8.97,7.0,0.0,20.0,2.0,13.49,1.95,16.09,0.0
22.0,16.0,11.87,7.69,4.0,14.0,25.0,1.0,16.77,1.76,67.67,1.0
43.0,8.0,12.67,5.96,5.0,4.0,12.0,1.0,17.38,0.81,55.34,1.0
32.0,19.0,5.05,4.65,1.0,13.0,25.0,5.0,8.49,1.79,33.06,0.0
32.0,12.0,7.56,5.6,7.0,19.0,22.0,9.0,9.62,1.79,94.5,2.0
21.0,1.0,10.4,4.97,2.0,7.0,21.0,5.0,14.43,0.92,44.31,1.0
24.0,3.0,4.35,7.11,1.0,16.0,29.0,5.0,8.14,1.89,15.64,0.0
36.0,1.0,10.91,5.78,6.0,3.0,15.0,8.0,14.27,1.95,81.36,2.0
25.0,3.0,9.28,5.48,5.0,3.0,19.0,6.0,13.07,0.43,52.3,1.0
21.0,17.0,6.89,7.79,3.0,17.0,26.0,6.0,10.34,0.13,72.56,2.0
41.0,18.0,6.9,6.93,2.0,2.0,8.0,9.0,9.56,0.98,11.5,0.0
30.0,9.0,13.91,4.97,4.0,8.0,6.0,9.0,15.09,0.19,100.0,2.0
27.0,17.0,12.16,7.57,3.0,6.0,16.0,1.0,16.62,0.28,53.8,1.0
31.0,9.0,11.08,7.13,3.0,1.0,23.0,2.0,15.54,1.94,23.7,0.0
27.0,4.0,4.61,7.99,3.0,8.0,19.0,4.0,7.99,1.47,28.7,0.0
30.0,16.0,13.04,4.34,5.0,5.0,6.0,3.0,15.11,1.75,77.44,2.0
41.0,12.0,11.9,5.05,1.0,5.0,26.0,7.0,13.01,1.94,55.05,1.0
39.0,16.0,6.29,4.77,5.0,15.0,1.0,5.0,7.3,0.76,68.4,1.0
27.0,8.0,7.92,4.95,1.0,1.0,27.0,5.0,9.21,1.38,34.1,0.0
27.0,11.0,6.69,4.52,2.0,15.0,18.0,8.0,9.13,0.37,72.21,2.0
36.0,13.0,13.84,6.81,3.0,2.0,0.0,1.0,15.59,1.1,42.09,1.0
39.0,13.0,12.54,6.97,6.0,15.0,1.0,7.0,14.6,0.42,86.56,2.0
39.0,7.0,13.3,6.46,1.0,11.0,26.0,4.0,17.1,0.32,82.21,2.0
42.0,4.0,11.89,6.09,0.0,2.0,4.0,9.0,16.73,0.2,68.92,1.0
35.0,18.0,8.56,6.66,6.0,10.0,17.0,5.0,10.39,1.16,66.8,1.0
33.0,13.0,6.05,8.96,0.0,10.0,28.0,2.0,8.91,1.9,6.11,0.0
30.0,8.0,6.08,6.66,1.0,15.0,5.0,7.0,11.05,0.24,60.6,1.0
26.0,6.0,5.52,6.87,6.0,4.0,5.0,1.0,10.25,1.0,14.63,0.0
32.0,7.0,9.47,8.98,6.0,19.0,21.0,0.0,11.88,1.37,61.25,1.0
32.0,13.0,13.2,8.97,2.0,7.0,27.0,0.0,15.48,0.99,29.14,0.0
34.0,13.0,13.92,6.12,4.0,10.0,26.0,7.0,15.89,1.82,71.17,2.0
43.0,10.0,6.87,7.17,5.0,10.0,15.0,1.0,8.49,0.33,25.96,0.0
35.0,13.0,10.97,6.4,7.0,17.0,15.0,4.0,13.81,0.05,88.88,2.0
40.0,7.0,9.97,7.6,3.0,18.0,29.0,1.0,12.33,0.77,38.41,1.0
42.0,2.0,8.89,8.69,1.0,9.0,2.0,3.0,12.87,1.11,37.75,1.0
43.0,17.0,8.99,5.55,2.0,3.0,26.0,8.0,12.61,0.51,68.68,1.0
28.0,2.0,7.71,8.09,7.0,9.0,2.0,1.0,11.66,0.34,22.02,0.0
22.0,12.0,8.99,7.27,6.0,13.0,25.0,3.0,15.59,1.61,73.01,2.0
38.0,11.0,11.05,5.4,5.0,5.0,22.0,9.0,14.42,0.38,97.32,2.0
39.0,14.0,11.54,7.99,4.0,4.0,28.0,4.0,15.09,0.89,44.9,1.0
24.0,17.0,6.42,6.14,2.0,14.0,28.0,9.0,10.11,1.91,46.91,1.0
29.0,4.0,5.69,4.6,4.0,4.0,3.0,9.0,7.39,1.23,43.15,1.0
36.0,6.0,7.94,8.97,0.0,5.0,5.0,4.0,10.07,1.0,32.54,0.0
34.0,10.0,11.67,6.13,5.0,18.0,27.0,4.0,13.65,0.72,76.74,2.0
42.0,10.0,13.39,6.71,5.0,19.0,14.0,9.0,16.69,1.04,100.0,2.0
44.0,14.0,8.27,8.04,4.0,16.0,2.0,9.0,9.57,1.47,73.07,2.0
27.0,9.0,11.74,6.46,0.0,13.0,24.0,1.0,14.81,1.65,53.795,1.0
34.0,10.0,8.7,8.36,7.0,10.0,8.0,7.0,10.05,1.3,54.78,1.0
40.0,12.0,6.95,6.63,3.0,13.0,2.0,4.0,9.3,1.58,53.6,1.0
33.0,10.0,11.39,6.73,1.0,4.0,5.0,5.0,15.14,0.18,42.73,1.0
39.0,16.0,11.98,5.4,6.0,12.0,20.0,7.0,14.63,0.03,99.19,2.0
26.0,10.0,6.03,6.31,0.0,11.0,19.0,7.0,8.15,1.47,25.05,0.0
40.0,9.0,7.05,8.73,2.0,18.0,23.0,9.0,10.51,0.52,74.38,2.0
31.0,0.0,5.87,4.06,5.0,12.0,8.0,7.0,7.89,1.07,58.59,1.0
36.0,14.0,13.29,4.58,2.0,14.0,14.0,9.0,15.49,0.96,100.0,2.0
36.0,15.0,9.91,8.62,5.0,19.0,27.0,6.0,12.02,1.55,78.1,2.0
29.0,11.0,5.21,8.24,0.0,12.0,8.0,9.0,10.07,1.48,23.13,0.0
38.0,5.0,5.84,6.43,5.0,3.0,4.0,5.0,7.7,1.41,24.45,0.0
33.0,5.0,13.54,7.08,6.0,8.0,20.0,4.0,17.16,1.38,72.46,2.0
30.0,11.0,11.38,5.45,7.0,18.0,26.0,4.0,16.01,1.03,74.89,2.0
21.0,14.0,11.34,7.96,5.0,19.0,15.0,7.0,14.19,1.85,93.59,2.0
37.0,3.0,4.72,7.02,6.0,6.0,2.0,0.0,6.99,1.78,31.42,0.0
26.0,3.0,12.95,7.47,5.0,14.0,8.0,1.0,16.62,0.66,96.62,2.0
31.0,1.0,8.44,5.87,5.0,9.0,16.0,0.0,9.57,1.61,33.15,0.0
21.0,11.0,10.6,6.15,7.0,13.0,27.0,9.0,13.04,1.78,98.1,2.0
39.0,6.0,13.6,5.04,6.0,13.0,2.0,6.0,12.02,1.24,91.33,2.0
37.0,19.0,5.0,8.74,6.0,8.0,6.0,8.0,6.9,1.11,35.38,1.0
25.0,8.0,8.82,8.73,2.0,15.0,6.0,6.0,10.54,1.34,44.66,1.0
43.0,8.0,4.5,8.09,4.0,1.0,20.0,8.0,8.45,0.33,28.56,0.0
29.0,7.0,9.0,8.68,1.0,13.0,5.0,3.0,12.02,0.17,21.4,0.0
39.0,13.0,6.52,7.33,7.0,3.0,19.0,6.0,9.06,1.64,21.08,0.0
34.0,0.0,13.11,5.17,2.0,2.0,7.0,9.0,14.31,1.15,51.53,1.0
24.0,11.0,7.98,7.8,3.0,2.0,3.0,9.0,11.86,0.25,38.67,1.0
39.0,1.0,10.34,5.63,4.0,10.0,14.0,6.0,13.49,0.83,67.9,1.0
22.0,12.0,8.99,6.2,4.0,4.0,14.0,9.0,16.49,0.6,62.46,1.0
24.0,3.0,13.84,5.37,7.0,15.0,5.0,9.0,12.02,1.75,100.0,2.0
44.0,19.0,9.04,6.12,6.0,18.0,15.0,1.0,13.66,1.01,71.0,2.0
27.0,17.0,8.56,7.4,3.0,8.0,4.0,1.0,10.12,1.16,41.06,1.0
27.0,18.0,4.76,4.55,6.0,10.0,11.0,7.0,6.44,0.47,70.31,2.0
27.0,15.0,4.13,4.53,6.0,11.0,13.0,1.0,6.5,1.6,28.87,0.0
31.0,13.0,10.09,7.42,0.0,7.0,25.0,0.0,13.06,1.86,27.7,0.0
43.0,7.0,4.65,7.9,3.0,13.0,5.0,0.0,9.35,1.58,5.52,0.0
42.0,11.0,7.8,6.76,0.0,16.0,2.0,0.0,12.43,1.02,39.68,1.0
27.0,8.0,4.04,4.91,1.0,19.0,28.0,5.0,8.53,1.67,48.34,1.0
30.0,5.0,10.15,6.15,0.0,14.0,18.0,4.0,12.04,0.38,79.5,2.0
33.0,17.0,8.25,7.79,6.0,14.0,9.0,6.0,12.17,0.23,72.3,2.0
27.0,1.0,5.27,7.43,7.0,11.0,6.0,2.0,7.8,0.88,39.79,1.0
43.0,7.0,6.96,4.55,1.0,9.0,12.0,4.0,11.68,0.36,41.78,1.0
29.0,13.0,9.7,8.85,1.0,11.0,0.0,1.0,11.56,0.52,4.84,0.0
26.0,5.0,10.57,5.12,5.0,18.0,0.0,8.0,12.14,1.17,96.76,2.0
36.0,9.0,8.62,5.1,5.0,11.0,16.0,8.0,12.99,0.81,69.88,1.0
23.0,7.0,12.04,6.3,3.0,10.0,21.0,3.0,15.91,1.73,50.23,1.0
32.0,16.0,5.12,5.64,6.0,5.0,3.0,1.0,9.41,0.45,33.2,0.0
24.0,16.0,4.44,4.38,6.0,10.0,5.0,7.0,8.98,0.72,44.01,1.0
41.0,12.0,9.36,5.53,0.0,2.0,29.0,3.0,13.07,1.03,32.91,0.0
23.0,18.0,11.06,5.91,2.0,15.0,13.0,4.0,14.67,0.26,75.28,2.0
37.0,11.0,5.31,6.47,5.0,5.0,14.0,3.0,8.64,1.16,35.23,1.0
25.0,10.0,10.39,4.08,4.0,8.0,0.0,1.0,14.45,1.92,57.4,1.0
43.0,4.0,8.77,4.41,4.0,9.0,14.0,5.0,11.43,1.5,64.84,1.0
42.0,5.0,11.17,6.77,5.0,4.0,3.0,7.0,14.33,0.89,67.45,1.0
41.0,10.0,10.57,6.46,2.0,0.0,1.0,0.0,14.56,0.85,29.96,0.0
21.0,16.0,9.7,7.43,7.0,2.0,0.0,4.0,11.31,0.2,70.94,2.0
42.0,13.0,13.97,6.46,6.0,2.0,12.0,8.0,15.87,1.77,68.23,1.0
30.0,5.0,13.8,5.99,1.0,11.0,15.0,0.0,17.59,0.76,61.59,1.0
32.0,10.0,9.38,8.35,5.0,3.0,7.0,9.0,11.46,0.99,44.16,1.0
24.0,11.0,8.55,6.3,0.0,15.0,21.0,6.0,10.23,0.58,58.18,1.0
25.0,12.0,8.62,5.5,6.0,10.0,3.0,6.0,13.18,0.3,83.42,2.0
29.0,3.0,8.28,7.15,1.0,7.0,1.0,4.0,9.92,1.8,23.51,0.0
27.0,6.0,9.31,7.46,5.0,8.0,27.0,3.0,11.69,0.07,55.26,1.0
33.0,1.0,6.74,5.99,3.0,13.0,12.0,8.0,9.45,0.8,71.72,2.0
43.0,5.0,13.27,4.14,2.0,14.0,4.0,4.0,16.17,1.46,98.48,2.0
22.0,5.0,8.9,4.47,4.0,18.0,24.0,0.0,11.35,0.62,82.06,2.0
31.0,17.0,12.42,8.23,0.0,8.0,22.0,8.0,17.07,0.89,69.44,1.0
35.0,19.0,8.75,4.28,4.0,16.0,19.0,4.0,12.38,1.13,76.71,2.0
32.0,7.0,11.18,6.96,6.0,8.0,20.0,8.0,13.62,1.99,64.43,1.0
36.0,7.0,7.37,4.92,1.0,2.0,23.0,7.0,9.8,1.52,16.88,0.0
20.0,7.0,10.25,5.14,1.0,15.0,26.0,9.0,13.26,1.93,74.08,2.0
42.0,7.0,8.98,5.37,3.0,12.0,12.0,6.0,10.11,1.39,66.06,1.0
29.0,0.0,7.67,4.19,7.0,16.0,4.0,5.0,12.38,0.54,90.03,2.0
44.0,1.0,12.82,4.89,1.0,3.0,15.0,8.0,14.71,0.57,88.7,2.0
42.0,11.0,5.13,7.25,1.0,8.0,27.0,3.0,8.92,1.64,15.52,0.0
29.0,14.0,8.87,6.49,6.0,8.0,5.0,5.0,12.98,0.86,65.33,1.0
40.0,3.0,5.94,7.99,7.0,17.0,15.0,0.0,10.25,0.74,43.71,1.0
43.0,2.0,12.61,4.31,4.0,13.0,28.0,6.0,14.27,1.89,90.44,2.0
21.0,13.0,6.53,6.46,4.0,19.0,25.0,5.0,9.68,0.03,56.75,1.0
28.0,7.0,10.33,8.98,0.0,2.0,21.0,6.0,11.66,1.05,27.72,0.0
41.0,12.0,5.66,4.08,0.0,3.0,23.0,0.0,9.88,1.55,4.41,0.0
32.0,18.0,8.05,8.84,1.0,0.0,12.0,6.0,11.0,1.47,12.04,0.0
44.0,4.0,12.99,5.18,5.0,17.0,10.0,6.0,14.62,0.74,95.79,2.0
35.0,12.0,5.66,7.46,2.0,3.0,20.0,7.0,9.53,1.07,32.61,0.0
37.0,19.0,10.63,5.46,0.0,9.0,0.0,1.0,12.95,0.01,64.95,1.0
38.0,0.0,6.05,6.61,1.0,3.0,3.0,0.0,7.51,1.07,0.0,0.0
31.0,15.0,8.16,6.55,5.0,16.0,2.0,0.0,11.0,1.18,41.77,1.0
27.0,1.0,9.41,5.81,5.0,7.0,17.0,7.0,11.35,1.75,58.2,1.0
36.0,6.0,9.77,7.59,4.0,18.0,22.0,5.0,14.57,0.42,53.795,1.0
34.0,5.0,10.03,7.0,5.0,8.0,15.0,8.0,12.48,1.65,53.73,1.0
29.0,4.0,10.4,6.54,3.0,15.0,12.0,1.0,13.69,1.44,53.795,1.0
34.0,1.0,8.01,8.7,4.0,19.0,6.0,7.0,10.58,0.79,70.61,2.0
42.0,9.0,4.37,8.78,3.0,15.0,23.0,5.0,6.8,0.73,30.95,0.0
26.0,4.0,11.69,8.41,6.0,11.0,14.0,1.0,13.34,1.41,49.52,1.0
32.0,17.0,12.37,5.28,6.0,17.0,25.0,9.0,17.12,1.98,100.0,2.0
36.0,9.0,5.99,5.75,4.0,6.0,14.0,1.0,10.19,0.81,29.78,0.0
28.0,14.0,6.01,5.16,0.0,15.0,4.0,6.0,7.89,1.84,53.795,1.0
27.0,8.0,4.42,8.93,4.0,18.0,16.0,8.0,6.75,1.17,42.89,1.0
39.0,10.0,13.7,4.76,3.0,5.0,21.0,7.0,18.36,1.74,91.09,2.0
40.0,16.0,12.07,5.83,1.0,5.0,21.0,1.0,15.22,0.43,36.77,1.0
32.0,8.0,7.61,5.0,7.0,5.0,10.0,2.0,10.84,1.52,34.86,0.0
32.0,15.0,8.82,5.12,1.0,14.0,23.0,7.0,12.41,1.67,56.4,1.0
35.0,5.0,6.92,5.24,1.0,1.0,12.0,3.0,10.97,1.66,18.36,0.0
28.0,10.0,9.97,7.2,6.0,8.0,9.0,5.0,14.73,1.57,49.53,1.0
31.0,16.0,11.17,4.38,3.0,7.0,14.0,1.0,15.38,0.61,59.22,1.0
31.0,10.0,8.99,6.86,3.0,6.0,1.0,0.0,13.21,1.04,32.95,0.0
25.0,14.0,12.74,8.1,0.0,15.0,10.0,5.0,17.02,0.6,85.95,2.0
38.0,0.0,9.17,7.83,3.0,14.0,14.0,7.0,10.36,0.69,68.23,1.0
26.0,19.0,8.99,4.76,5.0,8.0,10.0,4.0,6.91,0.6,45.15,1.0
44.0,0.0,10.22,8.57,1.0,19.0,28.0,0.0,14.76,0.57,58.27,1.0
22.0,8.0,8.62,7.85,3.0,14.0,21.0,9.0,9.73,1.39,42.9,1.0
35.0,11.0,13.36,4.03,2.0,1.0,0.0,1.0,17.54,1.3,53.75,1.0
32.0,3.0,7.92,7.69,6.0,19.0,24.0,2.0,12.32,0.41,51.72,1.0
35.0,12.0,8.03,7.69,4.0,13.0,7.0,1.0,10.69,1.38,33.0,0.0
42.0,6.0,10.51,6.48,0.0,10.0,25.0,8.0,12.93,0.58,66.53,1.0
26.0,7.0,9.27,4.23,1.0,2.0,16.0,9.0,11.05,0.4,69.95,1.0
23.0,12.0,7.74,6.9,7.0,1.0,7.0,1.0,8.94,1.49,4.98,0.0
44.0,10.0,13.9,7.83,5.0,17.0,12.0,2.0,17.88,0.73,86.92,2.0
27.0,8.0,7.02,5.35,5.0,13.0,22.0,8.0,12.02,1.14,69.04,1.0
32.0,15.0,6.78,7.34,7.0,4.0,4.0,2.0,11.56,0.4,34.85,0.0
32.0,9.0,12.64,5.77,1.0,11.0,28.0,7.0,14.83,1.23,100.0,2.0
36.0,10.0,4.03,6.87,5.0,13.0,5.0,7.0,8.21,0.42,63.13,1.0
36.0,11.0,8.99,5.92,2.0,5.0,19.0,2.0,7.25,0.33,27.63,0.0
24.0,13.0,9.9,5.52,0.0,7.0,24.0,9.0,13.05,0.77,70.18,2.0
25.0,18.0,5.62,6.46,6.0,6.0,24.0,9.0,8.02,1.58,37.71,1.0
38.0,11.0,13.86,7.77,4.0,6.0,28.0,2.0,14.98,0.35,70.06,2.0
32.0,17.0,8.64,5.73,0.0,11.0,25.0,7.0,12.26,0.23,62.49,1.0
44.0,16.0,9.97,6.17,0.0,6.0,13.0,2.0,14.74,0.06,47.14,1.0
33.0,2.0,5.6,7.46,6.0,11.0,16.0,3.0,6.64,0.83,30.37,0.0
41.0,0.0,6.89,8.06,7.0,15.0,15.0,5.0,8.97,0.56,57.72,1.0
23.0,18.0,10.15,7.42,1.0,6.0,27.0,6.0,13.96,0.58,63.79,1.0
26.0,3.0,9.5,6.7,7.0,7.0,8.0,0.0,13.99,1.02,53.795,1.0
27.0,15.0,11.84,8.77,3.0,9.0,18.0,7.0,13.6,0.39,50.34,1.0
44.0,11.0,6.69,7.87,4.0,12.0,27.0,2.0,7.97,0.92,6.36,0.0
32.0,12.0,10.54,4.58,0.0,18.0,1.0,6.0,11.57,1.97,82.37,2.0
25.0,16.0,6.91,6.79,2.0,0.0,14.0,9.0,8.77,0.06,37.22,1.0
25.0,7.0,9.87,6.05,6.0,17.0,19.0,2.0,11.16,1.39,59.47,1.0
43.0,12.0,10.05,7.97,4.0,6.0,8.0,8.0,12.49,0.74,52.0,1.0
40.0,19.0,5.22,4.22,3.0,16.0,3.0,9.0,7.98,1.81,64.55,1.0
22.0,4.0,9.49,6.05,3.0,14.0,4.0,4.0,12.41,1.82,60.21,1.0
22.0,17.0,4.12,5.59,1.0,18.0,5.0,2.0,5.69,0.77,45.84,1.0
32.0,14.0,9.01,4.71,0.0,3.0,19.0,5.0,11.87,0.44,33.9,0.0
41.0,11.0,10.98,6.46,6.0,16.0,14.0,3.0,12.02,0.86,77.59,2.0
21.0,16.0,4.73,7.36,5.0,6.0,12.0,4.0,6.69,1.93,15.03,0.0
35.0,14.0,13.39,5.81,7.0,15.0,17.0,4.0,15.87,0.56,99.35,2.0
41.0,1.0,8.59,6.9,1.0,16.0,2.0,7.0,10.06,1.96,65.97,1.0
25.0,5.0,13.38,6.96,5.0,19.0,19.0,9.0,17.64,1.02,100.0,2.0
27.0,16.0,5.07,6.94,3.0,14.0,4.0,5.0,6.87,0.53,49.23,1.0
42.0,15.0,13.5,6.65,3.0,8.0,12.0,4.0,17.52,1.58,77.77,2.0
44.0,19.0,8.61,5.09,2.0,6.0,25.0,4.0,11.53,1.1,46.72,1.0
25.0,8.0,13.38,8.0,3.0,18.0,2.0,6.0,16.96,0.71,84.09,2.0
33.0,4.0,6.33,6.51,2.0,10.0,10.0,2.0,7.51,0.85,35.4,1.0
22.0,0.0,4.35,7.53,2.0,7.0,0.0,6.0,5.67,0.95,38.46,1.0
29.0,5.0,11.93,6.85,2.0,16.0,26.0,0.0,14.24,1.01,74.07,2.0
22.0,13.0,9.96,4.19,3.0,3.0,26.0,5.0,12.63,1.31,66.27,1.0
31.0,16.0,9.14,7.98,0.0,3.0,14.0,0.0,11.86,1.39,0.0,0.0
36.0,18.0,4.34,4.32,0.0,17.0,23.0,6.0,8.05,1.95,27.02,0.0
24.0,0.0,10.53,8.72,6.0,16.0,23.0,5.0,11.53,1.53,64.27,1.0
39.0,0.0,5.72,5.08,4.0,2.0,28.0,9.0,10.56,1.38,45.13,1.0
44.0,12.0,13.31,6.56,2.0,8.0,3.0,0.0,15.01,0.78,52.66,1.0
28.0,13.0,10.86,4.32,0.0,5.0,14.0,5.0,12.85,0.24,67.82,1.0
40.0,5.0,11.07,8.47,4.0,1.0,6.0,5.0,15.69,0.12,28.07,0.0
39.0,5.0,6.33,8.9,1.0,11.0,14.0,6.0,7.35,0.96,27.18,0.0
26.0,0.0,12.81,4.73,2.0,14.0,3.0,0.0,17.78,1.34,61.54,1.0
41.0,13.0,9.38,5.48,0.0,8.0,29.0,7.0,10.52,1.3,46.91,1.0
23.0,2.0,12.57,4.08,0.0,1.0,2.0,7.0,14.05,1.91,52.62,1.0
32.0,9.0,6.71,7.93,5.0,11.0,22.0,8.0,8.67,0.76,43.07,1.0
32.0,18.0,11.55,5.56,0.0,15.0,13.0,5.0,14.3,1.26,38.25,1.0
29.0,18.0,9.75,6.94,5.0,6.0,5.0,5.0,12.82,1.78,63.21,1.0
37.0,18.0,4.48,4.2,4.0,0.0,0.0,9.0,5.9,0.81,35.38,1.0
36.0,3.0,8.05,7.58,5.0,6.0,8.0,4.0,9.34,0.96,32.26,0.0
39.0,19.0,5.84,6.65,1.0,2.0,11.0,5.0,6.97,1.85,12.92,0.0
39.0,18.0,7.59,7.62,7.0,19.0,17.0,4.0,9.62,1.1,69.3,1.0
32.0,9.0,7.83,7.95,6.0,4.0,28.0,0.0,12.52,1.6,20.48,0.0
36.0,1.0,8.75,4.45,7.0,2.0,2.0,1.0,11.31,1.87,30.25,0.0
41.0,3.0,10.0,6.89,2.0,14.0,20.0,2.0,14.06,1.14,64.67,1.0
23.0,5.0,9.71,7.25,4.0,5.0,14.0,6.0,11.47,0.22,40.5,1.0
20.0,6.0,4.39,6.58,6.0,14.0,2.0,9.0,5.65,1.64,52.1,1.0
20.0,15.0,11.51,4.91,3.0,2.0,23.0,8.0,14.73,1.64,80.95,2.0
34.0,6.0,13.49,7.98,2.0,0.0,13.0,1.0,17.78,0.23,61.98,1.0
32.0,17.0,7.49,8.99,3.0,1.0,3.0,9.0,12.08,1.1,42.47,1.0
36.0,19.0,5.8,8.85,6.0,3.0,12.0,0.0,8.98,0.97,0.06,0.0
43.0,18.0,9.4,7.89,4.0,13.0,12.0,0.0,11.58,1.69,36.74,1.0
27.0,8.0,11.05,6.09,0.0,13.0,25.0,3.0,12.49,1.02,55.35,1.0
37.0,19.0,10.79,5.69,2.0,9.0,1.0,8.0,14.46,0.85,70.56,2.0
32.0,9.0,10.12,4.34,2.0,10.0,20.0,3.0,12.24,1.02,65.53,1.0
42.0,10.0,5.46,6.08,0.0,3.0,1.0,2.0,9.84,1.03,0.0,0.0
33.0,17.0,12.37,4.78,6.0,14.0,9.0,9.0,15.79,1.91,89.84,2.0
27.0,15.0,8.26,5.27,1.0,19.0,10.0,7.0,12.7,1.92,72.71,2.0
27.0,16.0,6.21,8.46,4.0,3.0,27.0,8.0,9.48,0.16,33.45,0.0
34.0,12.0,4.86,8.84,0.0,19.0,23.0,4.0,8.95,1.02,31.46,0.0
32.0,11.0,8.17,8.74,7.0,19.0,14.0,1.0,10.35,0.02,46.82,1.0
26.0,9.0,10.18,4.97,7.0,15.0,2.0,3.0,13.19,0.84,73.86,2.0
24.0,0.0,10.65,8.5,5.0,1.0,13.0,9.0,11.73,1.02,46.81,1.0
36.0,7.0,13.63,4.71,2.0,12.0,17.0,7.0,17.06,0.94,80.3,2.0
44.0,17.0,5.53,6.54,1.0,7.0,18.0,1.0,8.66,0.13,11.49,0.0
35.0,1.0,13.86,7.22,2.0,12.0,18.0,8.0,17.88,0.39,88.53,2.0
42.0,15.0,10.55,6.31,3.0,19.0,0.0,4.0,14.47,1.02,86.48,2.0
21.0,11.0,8.54,8.76,2.0,7.0,18.0,6.0,12.05,1.02,47.71,1.0
41.0,8.0,12.88,5.67,4.0,3.0,2.0,4.0,14.11,1.36,56.45,1.0
37.0,2.0,10.94,6.64,4.0,4.0,19.0,2.0,15.55,1.02,43.49,1.0
36.0,3.0,7.49,4.38,0.0,5.0,28.0,1.0,8.56,0.26,29.17,0.0
26.0,1.0,12.84,8.26,2.0,18.0,7.0,2.0,17.05,1.6,67.18,1.0
32.0,7.0,10.67,6.07,7.0,9.0,24.0,1.0,13.59,1.72,52.8,1.0
32.0,9.0,10.99,7.5,5.0,2.0,16.0,1.0,15.26,0.55,27.49,0.0
33.0,15.0,12.96,7.41,3.0,12.0,0.0,1.0,15.82,0.84,68.71,1.0
37.0,10.0,8.48,7.38,7.0,8.0,5.0,1.0,12.07,0.16,41.94,1.0
32.0,17.0,10.57,6.53,3.0,16.0,16.0,7.0,13.02,0.46,83.76,2.0
30.0,13.0,11.45,5.39,0.0,9.0,27.0,4.0,15.42,1.53,58.83,1.0
40.0,7.0,8.54,7.13,3.0,9.0,20.0,8.0,10.56,0.73,56.47,1.0
40.0,14.0,4.83,8.81,6.0,12.0,14.0,4.0,8.71,1.21,38.51,1.0
35.0,16.0,11.71,8.17,0.0,9.0,27.0,0.0,13.48,1.89,29.91,0.0
42.0,17.0,4.48,4.54,4.0,18.0,0.0,7.0,8.37,1.45,63.68,1.0
36.0,5.0,11.18,4.12,0.0,18.0,12.0,2.0,13.35,0.91,77.82,2.0
27.0,13.0,13.11,6.49,7.0,16.0,23.0,9.0,15.22,0.73,100.0,2.0
38.0,2.0,7.47,7.88,1.0,4.0,11.0,9.0,11.72,0.38,51.68,1.0
39.0,10.0,5.02,5.57,3.0,7.0,4.0,1.0,12.02,1.51,11.06,0.0
34.0,14.0,6.33,7.51,3.0,4.0,21.0,5.0,10.1,0.22,29.4,0.0
28.0,15.0,9.62,8.66,5.0,9.0,19.0,3.0,14.32,0.12,59.44,1.0
39.0,15.0,13.43,6.29,7.0,3.0,12.0,3.0,15.05,0.21,67.02,1.0
29.0,7.0,9.12,5.22,2.0,12.0,7.0,8.0,11.2,0.49,79.15,2.0
31.0,6.0,5.13,8.59,1.0,16.0,11.0,9.0,7.31,1.25,34.39,0.0
40.0,5.0,10.28,6.36,6.0,4.0,24.0,7.0,12.5,1.72,72.34,2.0
42.0,1.0,11.33,6.04,2.0,0.0,8.0,2.0,13.64,1.99,46.99,1.0
39.0,12.0,7.93,5.77,0.0,14.0,16.0,8.0,11.72,1.46,54.95,1.0
20.0,11.0,8.99,6.12,4.0,9.0,13.0,0.0,13.3,0.29,55.19,1.0
44.0,14.0,7.25,7.37,5.0,10.0,14.0,6.0,9.39,0.56,34.05,0.0
39.0,8.0,11.89,6.17,3.0,17.0,3.0,6.0,15.17,0.26,84.93,2.0
28.0,1.0,7.41,5.62,6.0,12.0,28.0,1.0,9.18,0.23,75.52,2.0
41.0,16.0,6.56,6.46,7.0,19.0,28.0,6.0,9.02,1.14,72.22,2.0
34.0,4.0,12.79,5.01,6.0,15.0,25.0,6.0,14.02,1.81,100.0,2.0
20.0,10.0,9.48,5.01,4.0,18.0,26.0,8.0,14.29,1.37,83.56,2.0
31.0,18.0,6.85,7.48,0.0,9.0,23.0,5.0,9.12,1.6,32.31,0.0
22.0,6.0,13.35,8.33,0.0,13.0,6.0,9.0,17.75,1.02,80.73,2.0
30.0,1.0,10.91,5.21,1.0,1.0,16.0,9.0,14.03,0.95,45.95,1.0
21.0,15.0,6.21,4.96,2.0,9.0,16.0,8.0,8.12,1.87,49.05,1.0
35.0,11.0,10.15,7.35,3.0,3.0,0.0,2.0,11.92,1.44,39.65,1.0
28.0,14.0,12.7,7.1,6.0,0.0,1.0,7.0,16.48,0.92,81.16,2.0
34.0,0.0,10.96,6.24,7.0,16.0,25.0,3.0,15.82,0.67,83.89,2.0
31.0,12.0,6.45,4.48,7.0,10.0,17.0,0.0,8.18,0.19,46.03,1.0
20.0,5.0,10.49,4.46,3.0,6.0,8.0,6.0,11.95,1.64,61.08,1.0
32.0,12.0,10.19,7.89,6.0,16.0,4.0,2.0,12.74,0.34,71.38,2.0
33.0,17.0,12.21,6.26,4.0,16.0,0.0,3.0,14.79,1.03,87.55,2.0
44.0,2.0,5.78,8.29,1.0,8.0,6.0,2.0,10.01,1.27,24.06,0.0
44.0,0.0,11.0,6.46,5.0,9.0,25.0,5.0,13.88,1.49,41.83,1.0
27.0,14.0,4.27,7.09,0.0,5.0,1.0,9.0,5.52,0.17,39.79,1.0
27.0,12.0,10.96,8.67,1.0,16.0,2.0,0.0,15.64,0.02,42.02,1.0
31.0,4.0,13.6,4.82,3.0,15.0,3.0,9.0,16.09,1.41,94.84,2.0
20.0,12.0,5.74,6.72,5.0,6.0,2.0,6.0,9.41,0.91,35.17,1.0
30.0,4.0,7.11,4.29,2.0,18.0,18.0,9.0,10.78,0.36,88.6,2.0
27.0,18.0,9.83,5.79,4.0,3.0,24.0,7.0,11.06,1.96,38.05,1.0
29.0,17.0,11.32,4.74,0.0,9.0,11.0,5.0,12.33,1.58,67.79,1.0
38.0,9.0,7.44,4.94,0.0,16.0,14.0,8.0,8.79,1.16,70.5,2.0
30.0,7.0,8.99,8.67,0.0,8.0,3.0,1.0,15.47,1.4,35.35,1.0
26.0,14.0,12.99,7.05,2.0,10.0,23.0,9.0,17.17,0.31,90.79,2.0
30.0,19.0,11.27,8.46,7.0,0.0,0.0,9.0,12.8,1.92,63.32,1.0
36.0,3.0,11.11,6.22,3.0,6.0,15.0,8.0,14.57,1.99,74.16,2.0
20.0,1.0,7.82,6.99,3.0,4.0,28.0,4.0,11.27,1.3,31.71,0.0
40.0,5.0,13.11,4.16,1.0,4.0,5.0,5.0,14.11,1.34,66.52,1.0
40.0,2.0,6.77,6.35,7.0,0.0,16.0,1.0,9.49,1.41,10.46,0.0
27.0,6.0,6.05,6.82,5.0,5.0,4.0,4.0,9.9,1.33,22.54,0.0
42.0,9.0,7.64,4.08,6.0,12.0,22.0,5.0,9.39,0.88,54.85,1.0
43.0,5.0,10.5,7.95,1.0,14.0,12.0,4.0,14.9,1.08,71.19,2.0
25.0,15.0,12.62,5.48,3.0,3.0,11.0,3.0,16.26,0.57,58.65,1.0
41.0,1.0,5.32,6.26,0.0,9.0,0.0,7.0,6.35,0.89,57.55,1.0
37.0,16.0,12.14,6.68,4.0,12.0,24.0,1.0,16.56,0.87,87.4,2.0
25.0,12.0,12.13,8.96,3.0,10.0,11.0,0.0,13.21,0.58,70.17,2.0
24.0,0.0,9.87,4.5,7.0,3.0,26.0,1.0,14.42,1.57,57.59,1.0
32.0,5.0,11.61,6.78,7.0,9.0,24.0,3.0,13.94,0.82,58.06,1.0
38.0,4.0,5.82,6.65,2.0,18.0,21.0,0.0,9.61,1.1,45.01,1.0
41.0,12.0,5.7,4.34,4.0,6.0,29.0,8.0,9.85,0.31,53.54,1.0
27.0,17.0,12.63,7.17,0.0,13.0,1.0,0.0,14.76,0.95,46.32,1.0
28.0,11.0,8.98,5.43,4.0,15.0,17.0,4.0,11.41,1.52,56.46,1.0
36.0,6.0,6.46,4.52,3.0,8.0,8.0,7.0,9.5,0.89,61.29,1.0
22.0,14.0,10.89,4.89,1.0,1.0,15.0,8.0,14.22,1.12,64.65,1.0
38.0,2.0,12.92,8.12,3.0,15.0,28.0,8.0,15.09,1.4,97.32,2.0
30.0,15.0,10.32,4.52,4.0,4.0,29.0,7.0,15.29,0.78,64.26,1.0
43.0,0.0,7.47,6.33,2.0,11.0,14.0,5.0,11.42,0.71,45.07,1.0
36.0,15.0,8.83,4.98,5.0,19.0,19.0,5.0,10.93,0.17,75.49,2.0
40.0,11.0,11.52,4.81,5.0,14.0,14.0,8.0,15.08,1.16,77.99,2.0
38.0,18.0,4.68,5.03,3.0,2.0,21.0,1.0,7.42,1.41,0.76,0.0
21.0,7.0,6.17,6.46,6.0,8.0,28.0,2.0,10.61,1.16,26.69,0.0
27.0,11.0,8.63,5.19,1.0,6.0,9.0,5.0,12.02,0.57,37.17,1.0
38.0,14.0,10.04,4.48,4.0,3.0,1.0,7.0,11.79,0.52,59.55,1.0
26.0,1.0,7.39,8.01,3.0,8.0,3.0,6.0,8.57,0.32,62.27,1.0
36.0,16.0,6.98,6.46,7.0,14.0,17.0,7.0,11.92,0.09,63.77,1.0
25.0,6.0,4.41,4.78,4.0,6.0,18.0,4.0,6.85,0.85,12.19,0.0
38.0,12.0,8.99,6.36,4.0,10.0,17.0,8.0,6.21,0.32,48.13,1.0
43.0,0.0,6.79,4.34,0.0,18.0,13.0,5.0,9.76,1.38,67.1,1.0
32.0,5.0,9.31,6.9,5.0,10.0,7.0,9.0,11.48,1.92,57.49,1.0
21.0,12.0,9.56,5.7,6.0,0.0,4.0,1.0,11.49,0.15,46.83,1.0
25.0,10.0,8.94,6.46,5.0,12.0,4.0,5.0,12.41,1.79,84.72,2.0
42.0,9.0,8.1,6.46,2.0,12.0,7.0,3.0,9.4,1.32,48.89,1.0
24.0,15.0,6.52,5.73,7.0,1.0,10.0,4.0,9.56,1.72,36.51,1.0
38.0,19.0,8.01,8.03,6.0,16.0,23.0,4.0,10.56,0.31,71.62,2.0
39.0,16.0,5.39,4.87,0.0,18.0,28.0,0.0,8.52,1.81,38.53,1.0
23.0,16.0,5.15,4.55,5.0,14.0,22.0,9.0,7.43,1.92,72.03,2.0
41.0,3.0,7.0,6.58,4.0,18.0,20.0,4.0,10.28,1.81,60.95,1.0
36.0,4.0,13.95,6.79,7.0,9.0,6.0,9.0,15.28,1.57,84.27,2.0
30.0,13.0,7.26,4.45,1.0,9.0,12.0,8.0,9.76,0.18,39.2,1.0
23.0,19.0,8.99,5.42,1.0,8.0,16.0,7.0,15.31,0.44,83.79,2.0
32.0,9.0,7.92,5.31,0.0,18.0,18.0,7.0,10.67,1.83,63.9,1.0
39.0,13.0,8.39,4.93,1.0,10.0,2.0,2.0,10.98,0.46,31.66,0.0
36.0,0.0,11.97,5.58,4.0,5.0,1.0,8.0,15.49,0.7,73.88,2.0
28.0,10.0,4.94,4.19,6.0,1.0,5.0,8.0,8.46,0.1,44.09,1.0
23.0,17.0,5.82,7.26,3.0,9.0,18.0,9.0,8.47,1.26,47.75,1.0
42.0,15.0,13.74,8.94,4.0,14.0,14.0,6.0,15.47,1.13,92.44,2.0
33.0,17.0,9.06,7.17,7.0,4.0,3.0,5.0,12.39,1.92,35.95,1.0
38.0,7.0,4.44,5.81,5.0,17.0,18.0,8.0,9.31,1.78,37.42,1.0
22.0,10.0,4.47,7.34,7.0,6.0,6.0,5.0,6.21,1.01,24.92,0.0
32.0,9.0,13.07,6.86,3.0,2.0,19.0,2.0,14.35,1.22,55.95,1.0
27.0,4.0,12.73,8.23,7.0,15.0,20.0,5.0,14.79,0.83,98.96,2.0
43.0,9.0,8.58,7.11,1.0,16.0,13.0,1.0,11.23,0.26,44.13,1.0
20.0,17.0,5.63,7.17,6.0,1.0,6.0,1.0,7.85,1.74,13.62,0.0
29.0,5.0,12.3,5.11,2.0,15.0,19.0,6.0,16.64,1.1,76.56,2.0
37.0,2.0,7.25,6.08,2.0,19.0,13.0,7.0,10.22,0.85,70.75,2.0
35.0,7.0,8.19,5.72,4.0,0.0,21.0,6.0,10.17,0.14,14.88,0.0
20.0,4.0,7.53,5.57,1.0,15.0,21.0,3.0,9.03,0.8,55.57,1.0
31.0,1.0,10.29,6.43,2.0,8.0,4.0,7.0,11.78,0.51,59.59,1.0
27.0,1.0,12.85,7.0,7.0,16.0,14.0,8.0,14.83,1.75,83.46,2.0
43.0,6.0,11.97,8.67,2.0,7.0,11.0,6.0,13.28,0.37,60.1,1.0
35.0,16.0,7.82,5.2,4.0,8.0,29.0,0.0,11.83,1.03,55.28,1.0
37.0,9.0,6.88,4.76,5.0,1.0,14.0,3.0,12.02,1.59,20.1,0.0
23.0,11.0,6.86,8.35,2.0,12.0,16.0,3.0,10.78,1.7,22.25,0.0
25.0,1.0,7.49,8.71,4.0,0.0,23.0,9.0,11.54,1.64,27.01,0.0
31.0,9.0,8.94,6.44,0.0,9.0,20.0,2.0,10.89,1.79,44.63,1.0
28.0,19.0,8.17,4.58,7.0,17.0,4.0,3.0,11.24,0.28,64.8,1.0
35.0,3.0,5.63,4.55,3.0,6.0,9.0,0.0,10.12,0.02,34.61,0.0
43.0,12.0,7.43,8.42,6.0,11.0,11.0,1.0,8.53,0.51,25.57,0.0
31.0,11.0,9.62,7.54,1.0,16.0,1.0,6.0,11.89,0.17,60.52,1.0
43.0,10.0,9.93,5.21,6.0,4.0,16.0,8.0,14.46,1.89,81.11,2.0
42.0,9.0,8.86,8.43,7.0,11.0,24.0,6.0,10.81,0.85,77.79,2.0
33.0,14.0,11.39,7.19,7.0,18.0,4.0,0.0,12.94,0.63,80.94,2.0
32.0,4.0,11.37,8.77,4.0,12.0,25.0,6.0,14.67,0.33,73.4,2.0
44.0,16.0,8.28,8.9,2.0,15.0,27.0,5.0,10.5,0.31,47.38,1.0
21.0,4.0,5.24,4.02,2.0,18.0,14.0,0.0,8.11,1.23,44.01,1.0
22.0,1.0,9.3,4.6,5.0,9.0,19.0,0.0,13.58,0.09,48.02,1.0
43.0,8.0,7.81,6.73,4.0,11.0,22.0,1.0,10.89,1.19,54.36,1.0
41.0,5.0,5.38,8.78,3.0,6.0,12.0,5.0,8.44,1.55,18.5,0.0
29.0,17.0,13.82,8.97,2.0,13.0,19.0,3.0,15.93,1.2,64.67,1.0
28.0,13.0,7.7,6.84,0.0,9.0,10.0,3.0,11.87,1.65,30.43,0.0
39.0,18.0,10.26,4.87,1.0,7.0,17.0,5.0,14.22,0.53,53.81,1.0
27.0,13.0,8.9,4.82,4.0,14.0,8.0,8.0,10.84,0.15,89.61,2.0
29.0,7.0,5.43,7.82,2.0,15.0,15.0,0.0,7.71,1.44,20.47,0.0
38.0,16.0,4.56,6.96,6.0,7.0,23.0,5.0,8.71,1.02,44.73,1.0
22.0,2.0,10.26,6.74,5.0,3.0,27.0,7.0,12.69,1.0,51.97,1.0
43.0,9.0,6.47,6.33,5.0,16.0,14.0,7.0,9.08,1.64,70.18,2.0
24.0,10.0,6.44,7.63,1.0,3.0,3.0,5.0,8.9,0.92,38.54,1.0
22.0,10.0,8.99,8.29,7.0,10.0,23.0,5.0,15.22,0.4,53.79,1.0
35.0,7.0,8.62,5.51,4.0,12.0,11.0,7.0,10.98,0.95,65.01,1.0
36.0,0.0,4.29,5.1,4.0,5.0,12.0,1.0,8.5,0.43,35.19,1.0
34.0,12.0,7.4,7.35,4.0,13.0,14.0,1.0,10.36,0.94,17.43,0.0
22.0,10.0,9.84,8.57,3.0,6.0,14.0,0.0,12.67,0.3,43.36,1.0
31.0,6.0,7.29,5.74,0.0,11.0,17.0,5.0,8.92,0.37,51.92,1.0
28.0,13.0,4.27,5.36,5.0,0.0,19.0,5.0,5.98,1.77,31.48,0.0
40.0,4.0,8.44,5.13,4.0,9.0,26.0,5.0,9.61,0.23,58.54,1.0
31.0,10.0,5.06,5.27,3.0,0.0,21.0,1.0,6.12,0.45,13.62,0.0
34.0,16.0,10.19,4.67,7.0,15.0,6.0,6.0,13.14,1.99,72.62,2.0
21.0,4.0,10.2,6.98,4.0,6.0,20.0,2.0,12.84,1.15,41.05,1.0
42.0,19.0,4.38,5.4,7.0,19.0,25.0,0.0,6.48,1.17,38.68,1.0
37.0,10.0,6.91,7.07,7.0,5.0,11.0,0.0,11.87,1.69,15.97,0.0
39.0,4.0,8.14,4.42,4.0,17.0,9.0,8.0,12.02,1.05,85.26,2.0
31.0,14.0,9.5,4.58,7.0,19.0,28.0,2.0,13.66,0.44,77.15,2.0
42.0,18.0,6.96,6.68,3.0,3.0,6.0,7.0,8.8,0.84,14.56,0.0
23.0,15.0,6.88,6.56,0.0,15.0,13.0,9.0,8.87,1.51,60.06,1.0
42.0,7.0,13.83,5.36,1.0,0.0,26.0,6.0,17.1,1.74,61.18,1.0
35.0,12.0,4.42,8.14,5.0,19.0,14.0,1.0,5.44,0.55,45.22,1.0
42.0,15.0,13.89,4.94,7.0,1.0,3.0,1.0,14.96,0.52,66.03,1.0
35.0,2.0,4.48,6.46,2.0,15.0,7.0,3.0,6.05,0.66,28.07,0.0
20.0,0.0,6.88,6.78,6.0,8.0,18.0,1.0,8.77,1.19,47.58,1.0
41.0,8.0,8.94,8.34,4.0,14.0,28.0,4.0,12.05,0.56,53.15,1.0
44.0,8.0,5.43,6.09,0.0,15.0,18.0,9.0,9.17,1.79,41.14,1.0
21.0,16.0,5.35,5.99,5.0,8.0,4.0,6.0,7.6,1.96,51.53,1.0
22.0,1.0,6.56,6.9,2.0,6.0,21.0,1.0,8.52,1.36,34.42,0.0
40.0,8.0,13.74,5.58,4.0,9.0,2.0,8.0,18.03,1.94,59.03,1.0
44.0,18.0,7.8,7.55,6.0,6.0,9.0,0.0,9.45,0.58,20.62,0.0
39.0,12.0,9.66,5.24,2.0,12.0,14.0,5.0,13.37,1.63,48.36,1.0
36.0,4.0,11.04,8.12,7.0,1.0,1.0,6.0,15.77,1.36,52.7,1.0
39.0,8.0,11.42,5.36,3.0,11.0,20.0,4.0,13.35,0.53,79.55,2.0
41.0,12.0,10.88,8.96,6.0,12.0,9.0,0.0,12.23,0.64,76.54,2.0
40.0,0.0,7.37,5.58,5.0,2.0,21.0,3.0,12.29,0.98,21.67,0.0
20.0,14.0,5.12,8.39,0.0,10.0,15.0,7.0,7.2,1.58,26.71,0.0
39.0,3.0,6.82,5.99,0.0,7.0,2.0,4.0,8.92,1.74,12.69,0.0
25.0,3.0,6.1,5.23,5.0,10.0,6.0,1.0,9.04,1.27,38.5,1.0
34.0,10.0,5.36,5.13,7.0,17.0,18.0,8.0,7.28,1.44,87.66,2.0
33.0,9.0,4.24,8.25,7.0,6.0,14.0,0.0,9.21,0.53,0.0,0.0
39.0,5.0,13.36,5.54,1.0,11.0,11.0,0.0,14.53,1.48,46.87,1.0
34.0,11.0,13.21,5.69,1.0,5.0,28.0,9.0,16.02,1.21,84.07,2.0
33.0,19.0,4.5,4.98,7.0,9.0,1.0,4.0,7.69,0.45,52.42,1.0
44.0,15.0,5.73,8.81,2.0,19.0,29.0,8.0,8.6,1.9,41.62,1.0
40.0,2.0,5.4,5.22,3.0,14.0,12.0,5.0,8.48,1.02,58.14,1.0
43.0,13.0,6.81,5.24,2.0,19.0,25.0,4.0,11.76,1.59,72.19,2.0
44.0,0.0,6.04,8.72,4.0,14.0,19.0,5.0,10.55,1.05,46.58,1.0
24.0,9.0,13.46,8.5,0.0,18.0,18.0,5.0,15.69,1.87,89.55,2.0
25.0,14.0,4.84,5.24,2.0,5.0,6.0,8.0,8.05,0.28,43.08,1.0
36.0,6.0,6.12,8.32,2.0,9.0,23.0,8.0,7.12,1.09,53.25,1.0
30.0,3.0,4.81,5.25,7.0,14.0,2.0,4.0,7.45,0.05,59.65,1.0
35.0,13.0,13.8,4.42,5.0,19.0,5.0,3.0,15.46,0.39,100.0,2.0
31.0,15.0,13.18,8.1,6.0,19.0,0.0,0.0,17.03,0.56,64.58,1.0
42.0,2.0,8.26,5.47,7.0,1.0,1.0,6.0,12.26,1.64,43.93,1.0
23.0,16.0,5.9,4.45,0.0,6.0,0.0,6.0,8.15,0.93,31.74,0.0
37.0,13.0,6.21,5.03,7.0,4.0,28.0,0.0,10.91,1.12,15.98,0.0
40.0,17.0,8.43,7.86,1.0,2.0,22.0,5.0,11.21,1.85,3.65,0.0
22.0,2.0,11.68,8.82,1.0,5.0,25.0,7.0,16.04,1.51,43.4,1.0
41.0,18.0,6.65,5.3,0.0,5.0,3.0,2.0,10.16,0.1,21.59,0.0
27.0,2.0,7.11,8.09,6.0,0.0,4.0,0.0,12.02,0.35,22.86,0.0
42.0,11.0,10.0,5.14,2.0,18.0,1.0,6.0,13.97,0.08,98.34,2.0
22.0,4.0,6.38,7.4,4.0,11.0,15.0,3.0,10.29,0.14,32.07,0.0
27.0,9.0,9.84,4.42,2.0,4.0,7.0,4.0,11.9,0.68,43.5,1.0
37.0,8.0,7.87,6.93,6.0,6.0,14.0,1.0,10.89,1.46,25.71,0.0
32.0,10.0,4.34,5.35,4.0,19.0,10.0,6.0,6.5,0.49,73.04,2.0
44.0,12.0,8.03,8.63,0.0,7.0,28.0,0.0,9.11,0.78,9.02,0.0
39.0,2.0,13.2,5.45,5.0,18.0,9.0,3.0,17.04,0.79,100.0,2.0
36.0,18.0,6.93,5.99,4.0,5.0,29.0,7.0,8.87,1.18,45.05,1.0
27.0,10.0,7.23,8.2,1.0,14.0,2.0,6.0,9.82,1.79,46.83,1.0
42.0,15.0,4.66,6.19,5.0,5.0,22.0,6.0,6.8,1.97,21.99,0.0
30.0,5.0,10.15,5.19,7.0,8.0,10.0,6.0,11.95,1.21,88.13,2.0
24.0,2.0,12.49,6.46,6.0,3.0,16.0,4.0,13.76,1.01,64.79,1.0
32.0,18.0,7.53,8.2,0.0,15.0,9.0,9.0,9.88,1.36,50.25,1.0
40.0,5.0,6.4,6.17,6.0,9.0,16.0,2.0,7.73,1.34,23.43,0.0
42.0,7.0,13.57,4.66,3.0,0.0,13.0,9.0,16.73,1.05,83.83,2.0
24.0,10.0,11.45,5.92,4.0,10.0,22.0,6.0,12.53,1.47,65.82,1.0
43.0,11.0,9.67,8.77,4.0,9.0,0.0,7.0,14.43,0.98,67.59,1.0
32.0,9.0,7.06,4.36,7.0,17.0,27.0,6.0,11.93,1.99,53.795,1.0
25.0,2.0,6.21,6.04,6.0,19.0,24.0,5.0,8.43,0.1,62.17,1.0
24.0,3.0,11.16,7.24,5.0,19.0,8.0,8.0,13.2,0.89,88.29,2.0
28.0,0.0,9.22,4.39,3.0,14.0,23.0,5.0,10.64,0.79,72.94,2.0
35.0,12.0,9.21,5.72,3.0,5.0,23.0,4.0,13.83,1.54,31.59,0.0
21.0,3.0,4.74,8.7,0.0,15.0,14.0,5.0,8.09,0.38,29.47,0.0
20.0,10.0,9.12,4.15,5.0,1.0,14.0,9.0,12.56,0.87,56.45,1.0
27.0,18.0,12.23,7.76,7.0,2.0,19.0,3.0,16.81,1.4,48.9,1.0
38.0,10.0,13.47,8.21,2.0,16.0,20.0,5.0,18.11,1.21,88.63,2.0
30.0,11.0,5.07,5.39,3.0,7.0,24.0,3.0,9.38,1.09,29.44,0.0
31.0,10.0,10.31,5.07,6.0,19.0,2.0,4.0,14.4,0.87,82.84,2.0
31.0,5.0,9.68,8.57,4.0,14.0,19.0,5.0,12.02,1.5,57.14,1.0
26.0,11.0,12.9,7.82,3.0,12.0,25.0,0.0,17.4,1.29,62.74,1.0
32.0,8.0,11.51,4.57,6.0,18.0,20.0,5.0,13.98,1.75,100.0,2.0
27.0,9.0,13.65,5.06,0.0,0.0,6.0,5.0,18.54,1.47,57.74,1.0
41.0,2.0,13.6,7.11,0.0,11.0,20.0,0.0,17.44,0.28,78.14,2.0
28.0,2.0,6.26,6.1,4.0,17.0,24.0,5.0,8.74,1.24,51.86,1.0
26.0,19.0,11.25,6.52,7.0,17.0,21.0,9.0,14.02,0.09,100.0,2.0
40.0,15.0,9.31,8.76,4.0,2.0,2.0,4.0,13.06,0.77,30.98,0.0
43.0,2.0,6.15,6.1,4.0,17.0,21.0,7.0,8.59,0.82,75.44,2.0
34.0,9.0,5.95,8.41,2.0,16.0,21.0,4.0,10.26,1.02,35.66,1.0
21.0,10.0,4.81,7.3,4.0,10.0,14.0,9.0,6.4,0.36,68.89,1.0
42.0,7.0,11.96,4.61,7.0,4.0,27.0,4.0,16.59,1.29,69.8,1.0
39.0,5.0,8.99,7.72,5.0,6.0,9.0,1.0,9.45,0.38,35.8,1.0
44.0,19.0,12.57,6.6,0.0,17.0,15.0,3.0,12.02,1.9,67.95,1.0
31.0,10.0,10.08,5.13,7.0,6.0,16.0,5.0,14.51,1.06,53.795,1.0
20.0,11.0,10.74,5.45,0.0,17.0,22.0,9.0,12.7,1.42,79.68,2.0
42.0,15.0,6.92,6.79,3.0,1.0,18.0,9.0,11.29,1.29,40.28,1.0
41.0,17.0,8.57,7.01,4.0,5.0,0.0,7.0,10.76,0.61,31.13,0.0
24.0,2.0,6.36,8.27,5.0,16.0,20.0,0.0,8.24,1.25,27.57,0.0
34.0,14.0,12.33,5.03,1.0,3.0,13.0,6.0,13.61,1.02,81.47,2.0
20.0,17.0,4.37,4.04,7.0,15.0,25.0,5.0,6.03,1.78,50.95,1.0
44.0,13.0,12.2,4.65,5.0,14.0,1.0,1.0,16.98,0.12,75.18,2.0
29.0,4.0,8.99,5.0,6.0,14.0,1.0,1.0,9.36,0.78,48.51,1.0
41.0,13.0,8.04,6.99,2.0,7.0,27.0,0.0,9.37,1.68,18.52,0.0
29.0,7.0,9.71,4.97,4.0,16.0,19.0,5.0,12.49,0.08,78.72,2.0
40.0,14.0,4.08,5.83,2.0,18.0,9.0,7.0,5.37,1.28,73.07,2.0
34.0,14.0,10.53,5.21,1.0,0.0,14.0,0.0,12.85,0.81,31.29,0.0
36.0,18.0,10.6,5.69,5.0,12.0,26.0,0.0,12.02,0.41,68.97,1.0
41.0,10.0,10.53,8.71,2.0,5.0,27.0,0.0,13.93,1.22,29.78,0.0
25.0,5.0,5.63,8.99,6.0,9.0,27.0,9.0,10.53,1.66,32.49,0.0
22.0,18.0,6.56,7.43,1.0,0.0,14.0,4.0,8.24,0.93,6.65,0.0
32.0,7.0,6.47,6.86,4.0,11.0,6.0,6.0,8.79,0.29,34.25,0.0
35.0,5.0,8.99,7.54,5.0,18.0,7.0,3.0,16.95,0.61,77.51,2.0
27.0,19.0,4.68,7.86,1.0,14.0,10.0,0.0,6.37,1.96,12.5,0.0
32.0,14.0,8.29,7.7,5.0,4.0,15.0,0.0,12.13,1.02,28.56,0.0
36.0,2.0,12.71,4.41,2.0,1.0,25.0,9.0,15.32,0.32,76.03,2.0
36.0,9.0,11.69,5.55,6.0,18.0,22.0,2.0,16.49,1.98,84.11,2.0
41.0,14.0,12.22,5.72,4.0,13.0,24.0,4.0,15.74,1.76,73.75,2.0
32.0,15.0,13.72,5.85,4.0,8.0,6.0,4.0,12.02,1.41,78.54,2.0
25.0,18.0,7.1,7.94,0.0,12.0,8.0,8.0,11.46,0.48,59.14,1.0
36.0,10.0,4.31,7.74,4.0,16.0,24.0,8.0,8.51,0.36,56.34,1.0
35.0,15.0,5.5,4.02,4.0,1.0,18.0,7.0,7.55,1.26,10.49,0.0
33.0,4.0,9.62,5.48,0.0,13.0,25.0,8.0,12.29,0.8,57.09,1.0
32.0,4.0,5.58,7.12,4.0,19.0,29.0,5.0,8.39,0.1,52.67,1.0
25.0,13.0,11.36,4.6,1.0,5.0,23.0,7.0,13.91,0.58,71.52,2.0
22.0,17.0,4.37,4.36,2.0,5.0,0.0,7.0,6.61,1.72,19.94,0.0
33.0,7.0,6.59,8.14,2.0,17.0,17.0,7.0,10.6,1.59,61.88,1.0
33.0,4.0,10.95,6.26,3.0,18.0,7.0,4.0,12.0,1.29,66.32,1.0
34.0,6.0,6.56,8.28,3.0,8.0,28.0,9.0,8.73,0.17,53.795,1.0
27.0,15.0,11.29,8.12,3.0,14.0,7.0,2.0,12.86,1.77,44.98,1.0
34.0,13.0,13.96,8.47,5.0,6.0,21.0,3.0,15.48,1.07,67.29,1.0
41.0,4.0,11.97,4.24,4.0,5.0,7.0,8.0,14.08,0.99,76.75,2.0
32.0,8.0,7.42,4.93,7.0,4.0,29.0,6.0,11.47,1.87,43.52,1.0
36.0,3.0,13.01,5.48,2.0,18.0,13.0,8.0,17.89,0.02,100.0,2.0
40.0,3.0,4.51,4.68,3.0,9.0,23.0,6.0,7.57,1.11,49.2,1.0
43.0,15.0,11.25,6.43,2.0,0.0,1.0,7.0,13.61,1.58,51.24,1.0
22.0,16.0,4.23,7.99,1.0,6.0,2.0,2.0,8.55,0.13,1.73,0.0
25.0,14.0,5.75,8.76,3.0,17.0,6.0,7.0,7.02,0.71,75.1,2.0
24.0,3.0,13.88,8.45,2.0,7.0,14.0,3.0,15.25,1.95,68.76,1.0
41.0,5.0,7.61,6.29,4.0,11.0,28.0,5.0,9.99,0.42,53.11,1.0
36.0,15.0,12.2,7.18,5.0,9.0,14.0,5.0,14.99,1.06,50.86,1.0
42.0,3.0,7.76,5.15,6.0,5.0,10.0,1.0,11.95,1.49,33.8,0.0
44.0,5.0,8.99,6.02,4.0,15.0,1.0,6.0,17.1,0.78,100.0,2.0
21.0,4.0,13.65,8.36,4.0,18.0,21.0,5.0,16.78,0.82,100.0,2.0
34.0,15.0,8.36,4.15,6.0,17.0,17.0,9.0,11.34,0.13,77.88,2.0
24.0,15.0,9.59,6.66,3.0,12.0,13.0,4.0,11.44,0.38,74.78,2.0
39.0,9.0,10.29,8.36,4.0,19.0,17.0,6.0,13.09,1.76,70.32,2.0
25.0,8.0,13.35,4.61,5.0,6.0,26.0,1.0,18.04,1.64,56.88,1.0
25.0,3.0,6.57,8.91,0.0,6.0,1.0,9.0,9.14,0.61,44.34,1.0
37.0,13.0,10.11,4.06,7.0,15.0,3.0,3.0,11.95,0.76,84.33,2.0
37.0,3.0,7.25,8.43,5.0,9.0,13.0,4.0,9.6,0.88,51.81,1.0
23.0,11.0,6.17,5.77,1.0,14.0,6.0,7.0,9.23,0.69,64.84,1.0
36.0,9.0,8.99,4.66,5.0,13.0,14.0,5.0,8.24,1.31,53.38,1.0
44.0,3.0,10.21,4.79,2.0,11.0,5.0,5.0,12.94,0.03,88.97,2.0
33.0,17.0,12.82,7.51,0.0,14.0,4.0,4.0,16.85,1.76,63.74,1.0
33.0,12.0,7.51,8.35,3.0,7.0,19.0,9.0,10.85,0.6,37.18,1.0
32.0,12.0,9.53,7.21,2.0,6.0,17.0,4.0,13.19,1.74,57.29,1.0
26.0,13.0,10.42,8.64,6.0,8.0,10.0,0.0,14.87,0.91,38.62,1.0
31.0,17.0,8.15,8.21,5.0,13.0,7.0,3.0,12.61,1.55,46.89,1.0
42.0,0.0,13.03,4.05,2.0,6.0,28.0,8.0,14.84,1.65,75.08,2.0
34.0,15.0,7.63,7.35,4.0,11.0,11.0,1.0,11.12,0.6,39.76,1.0
38.0,14.0,5.25,5.52,2.0,13.0,17.0,5.0,9.12,1.28,45.97,1.0
30.0,4.0,5.44,6.27,2.0,10.0,14.0,1.0,7.02,1.21,11.95,0.0
34.0,5.0,12.91,4.47,5.0,18.0,26.0,8.0,17.28,0.95,100.0,2.0
31.0,5.0,13.88,5.41,1.0,5.0,7.0,4.0,15.6,0.94,58.23,1.0
22.0,2.0,6.89,7.16,6.0,2.0,25.0,8.0,11.09,0.61,41.49,1.0
36.0,15.0,5.44,5.09,5.0,5.0,29.0,9.0,7.09,0.62,55.07,1.0
22.0,11.0,8.82,7.24,3.0,8.0,3.0,4.0,12.79,1.1,56.6,1.0
38.0,3.0,11.1,8.62,7.0,1.0,27.0,8.0,12.69,0.06,85.22,2.0
39.0,0.0,10.12,4.02,7.0,5.0,20.0,1.0,12.64,1.87,53.97,1.0
23.0,3.0,13.51,7.93,6.0,13.0,14.0,6.0,15.08,1.3,80.82,2.0
22.0,0.0,12.18,7.21,0.0,18.0,10.0,7.0,14.26,0.89,60.81,1.0
35.0,7.0,12.69,4.23,4.0,3.0,0.0,2.0,17.63,0.12,68.52,1.0
31.0,4.0,9.42,7.95,1.0,13.0,1.0,0.0,10.85,1.26,35.3,1.0
27.0,1.0,7.27,5.12,0.0,9.0,26.0,1.0,9.9,0.04,33.1,0.0
43.0,11.0,11.02,5.33,0.0,5.0,7.0,9.0,14.73,1.36,57.41,1.0
36.0,16.0,8.39,4.47,6.0,10.0,14.0,4.0,12.02,0.15,61.06,1.0
26.0,6.0,6.88,6.67,1.0,12.0,0.0,8.0,8.32,1.31,54.46,1.0
30.0,10.0,5.52,6.49,4.0,17.0,2.0,4.0,7.09,0.81,58.01,1.0
37.0,3.0,9.28,5.74,3.0,19.0,17.0,0.0,12.86,1.33,60.53,1.0
20.0,4.0,9.94,4.84,1.0,13.0,25.0,0.0,14.58,0.28,64.81,1.0
22.0,5.0,9.69,8.19,1.0,19.0,15.0,1.0,13.99,0.23,70.41,2.0
23.0,10.0,5.17,8.38,1.0,19.0,20.0,0.0,10.1,0.49,28.95,0.0
32.0,0.0,9.7,6.7,7.0,10.0,27.0,7.0,13.01,0.82,84.83,2.0
25.0,9.0,5.68,5.22,4.0,4.0,19.0,1.0,10.53,0.51,53.795,0.0
33.0,19.0,10.64,4.48,7.0,9.0,19.0,7.0,12.86,0.16,86.38,2.0
24.0,10.0,8.29,8.34,1.0,3.0,12.0,4.0,10.98,0.65,21.01,0.0
35.0,16.0,12.49,4.48,1.0,11.0,19.0,0.0,12.02,1.41,66.39,1.0
34.0,7.0,11.78,4.07,2.0,5.0,26.0,3.0,12.97,1.17,38.21,1.0
34.0,12.0,11.24,6.35,2.0,7.0,3.0,1.0,15.56,1.93,53.92,1.0
23.0,19.0,11.01,7.66,2.0,3.0,3.0,5.0,12.11,0.87,44.58,1.0
27.0,17.0,9.6,6.29,2.0,19.0,21.0,4.0,13.52,0.67,77.83,2.0
35.0,15.0,4.61,4.26,1.0,9.0,1.0,8.0,7.24,1.39,35.2,1.0
35.0,1.0,10.55,7.45,7.0,10.0,12.0,2.0,11.57,0.82,75.54,2.0
23.0,4.0,8.67,7.21,6.0,14.0,12.0,4.0,10.83,1.24,63.76,1.0
32.0,17.0,8.7,7.41,7.0,4.0,19.0,9.0,11.08,1.89,49.61,1.0
32.0,2.0,7.79,5.06,2.0,2.0,29.0,6.0,12.65,1.0,18.74,0.0
21.0,16.0,13.29,7.98,0.0,14.0,6.0,8.0,16.93,1.0,78.05,2.0
22.0,15.0,6.49,6.4,6.0,1.0,6.0,2.0,9.66,1.55,0.0,0.0
41.0,5.0,7.17,6.68,3.0,1.0,16.0,3.0,8.68,1.51,19.86,0.0
27.0,18.0,13.63,6.73,2.0,7.0,9.0,0.0,16.19,1.03,59.99,1.0
43.0,6.0,12.1,5.43,4.0,13.0,11.0,1.0,13.24,0.13,82.22,2.0
34.0,17.0,4.14,5.25,3.0,8.0,24.0,2.0,8.19,1.02,9.32,0.0
30.0,13.0,13.06,4.02,7.0,4.0,22.0,9.0,14.71,0.75,88.14,2.0
28.0,5.0,6.27,5.98,7.0,11.0,26.0,6.0,9.65,0.63,57.35,1.0
26.0,7.0,11.06,6.43,5.0,9.0,21.0,6.0,14.86,1.96,60.31,1.0
32.0,14.0,9.53,7.71,7.0,0.0,29.0,0.0,12.0,1.74,5.51,0.0
21.0,14.0,9.37,4.33,5.0,18.0,15.0,8.0,12.9,0.66,90.03,2.0
27.0,14.0,11.18,8.62,0.0,10.0,1.0,2.0,15.24,0.62,48.31,1.0
26.0,15.0,6.07,5.32,3.0,16.0,21.0,2.0,7.81,1.44,41.27,1.0
43.0,0.0,5.59,5.83,3.0,2.0,20.0,1.0,8.99,0.67,11.93,0.0
31.0,10.0,10.52,4.24,7.0,0.0,8.0,2.0,14.46,0.5,47.94,1.0
38.0,4.0,6.91,7.27,0.0,16.0,11.0,5.0,9.34,1.96,66.09,1.0
26.0,4.0,13.74,7.54,5.0,5.0,16.0,9.0,15.39,1.13,81.14,2.0
29.0,5.0,8.52,8.64,2.0,12.0,15.0,3.0,10.66,1.52,39.68,1.0
44.0,1.0,5.12,5.68,0.0,19.0,4.0,1.0,9.85,1.43,31.02,0.0
35.0,5.0,10.86,5.29,4.0,3.0,18.0,7.0,13.29,1.51,65.32,1.0
29.0,10.0,5.49,7.53,1.0,14.0,27.0,9.0,6.82,1.0,31.92,0.0
25.0,3.0,8.23,8.69,5.0,13.0,16.0,7.0,9.95,1.51,70.8,2.0
37.0,8.0,13.64,5.03,1.0,18.0,21.0,1.0,15.15,1.59,80.03,2.0
37.0,2.0,8.11,7.53,5.0,14.0,2.0,8.0,11.09,1.89,68.34,1.0
24.0,10.0,7.47,4.33,5.0,11.0,16.0,3.0,9.86,1.43,47.53,1.0
40.0,10.0,8.45,6.4,3.0,17.0,26.0,3.0,12.82,1.79,61.17,1.0
26.0,3.0,4.12,4.6,2.0,13.0,14.0,6.0,8.64,0.19,55.91,1.0
21.0,0.0,5.33,7.27,2.0,9.0,18.0,2.0,8.22,0.25,9.68,0.0
30.0,15.0,12.5,7.01,5.0,7.0,14.0,9.0,17.05,0.32,89.08,2.0
32.0,10.0,13.78,4.24,5.0,3.0,17.0,2.0,16.58,0.29,71.42,2.0
42.0,15.0,5.58,5.6,7.0,17.0,25.0,3.0,9.15,0.18,51.32,1.0
24.0,10.0,9.36,5.98,1.0,7.0,11.0,9.0,11.01,0.25,81.36,2.0
25.0,7.0,13.66,5.24,7.0,3.0,27.0,2.0,14.87,1.99,54.06,1.0
33.0,8.0,5.86,5.59,4.0,4.0,23.0,7.0,7.87,0.96,26.73,0.0
31.0,11.0,13.27,7.96,0.0,9.0,2.0,8.0,17.27,1.64,57.3,1.0
23.0,7.0,11.06,5.8,5.0,5.0,10.0,4.0,12.75,0.24,73.49,2.0
42.0,16.0,5.52,5.62,7.0,3.0,22.0,2.0,7.04,0.63,24.46,0.0
25.0,9.0,7.93,8.71,5.0,17.0,9.0,6.0,12.64,0.32,79.63,2.0
29.0,6.0,4.56,4.21,0.0,16.0,21.0,2.0,8.32,0.13,39.19,1.0
37.0,18.0,8.33,7.84,0.0,6.0,14.0,5.0,11.22,1.92,23.13,0.0
34.0,5.0,11.78,6.42,4.0,8.0,22.0,3.0,13.16,1.72,50.01,1.0
27.0,10.0,9.54,8.72,4.0,2.0,10.0,6.0,13.95,1.76,29.1,0.0
24.0,14.0,7.27,7.54,5.0,3.0,25.0,6.0,10.71,0.31,39.51,1.0
29.0,1.0,5.61,4.35,5.0,18.0,0.0,3.0,9.28,1.57,54.73,1.0
39.0,13.0,4.13,8.64,0.0,8.0,19.0,5.0,6.73,1.46,16.69,0.0
25.0,9.0,12.21,5.72,5.0,19.0,3.0,9.0,16.85,1.85,100.0,2.0
35.0,15.0,10.37,6.62,4.0,5.0,20.0,6.0,11.57,0.44,56.37,1.0
43.0,6.0,6.29,4.69,0.0,10.0,29.0,9.0,10.56,0.83,70.78,2.0
22.0,7.0,8.18,8.73,4.0,14.0,25.0,7.0,11.4,0.59,44.61,1.0
29.0,9.0,12.01,7.36,5.0,5.0,20.0,9.0,15.45,0.52,79.07,2.0
30.0,14.0,9.39,4.27,5.0,19.0,7.0,8.0,14.34,1.3,94.14,2.0
30.0,7.0,7.0,4.78,4.0,9.0,19.0,2.0,10.33,0.33,49.26,1.0
36.0,12.0,6.67,6.0,1.0,17.0,12.0,4.0,10.86,0.93,53.74,1.0
23.0,11.0,6.18,5.08,1.0,15.0,16.0,9.0,7.79,1.29,65.76,1.0
23.0,7.0,12.24,5.52,6.0,3.0,14.0,2.0,16.48,0.26,43.93,1.0
36.0,14.0,9.82,8.99,4.0,9.0,20.0,4.0,13.86,0.51,70.85,2.0
28.0,11.0,11.09,7.29,0.0,12.0,0.0,1.0,15.96,1.93,54.06,1.0
38.0,10.0,8.99,8.61,1.0,4.0,27.0,2.0,17.34,1.59,30.57,0.0
24.0,18.0,13.87,6.18,5.0,19.0,2.0,6.0,15.73,1.35,100.0,2.0
41.0,13.0,6.49,7.55,7.0,18.0,23.0,7.0,9.35,1.71,61.17,1.0
43.0,17.0,5.81,6.46,2.0,17.0,25.0,4.0,10.46,0.03,47.77,1.0
25.0,12.0,8.62,5.64,0.0,19.0,20.0,2.0,12.18,0.01,58.79,1.0
22.0,3.0,4.35,6.6,4.0,16.0,22.0,3.0,7.2,0.31,32.59,0.0
41.0,16.0,8.99,6.14,5.0,15.0,29.0,2.0,13.36,0.99,76.81,2.0
20.0,18.0,12.84,8.9,5.0,0.0,16.0,2.0,15.25,1.14,32.66,0.0
39.0,8.0,10.86,6.48,2.0,0.0,21.0,8.0,14.52,0.23,49.76,1.0
41.0,6.0,6.68,8.06,4.0,19.0,27.0,3.0,10.79,0.14,48.62,1.0
35.0,0.0,5.23,7.33,6.0,13.0,29.0,5.0,8.02,1.66,44.8,1.0
42.0,6.0,7.82,6.4,0.0,1.0,23.0,2.0,9.04,0.93,4.19,0.0
30.0,6.0,12.33,6.37,5.0,14.0,21.0,7.0,15.86,1.98,91.19,2.0
32.0,19.0,7.48,5.71,6.0,2.0,3.0,3.0,12.17,0.46,42.28,1.0
29.0,6.0,4.34,4.53,3.0,12.0,26.0,7.0,12.02,1.29,53.21,1.0
22.0,7.0,6.74,7.81,5.0,18.0,7.0,1.0,11.45,1.61,33.6,0.0
28.0,15.0,13.9,8.59,3.0,0.0,14.0,8.0,16.32,1.75,58.78,1.0
31.0,2.0,10.77,5.09,7.0,12.0,7.0,1.0,15.32,0.61,84.47,2.0
42.0,12.0,13.01,8.63,3.0,14.0,29.0,2.0,17.16,0.39,56.5,1.0
33.0,9.0,11.75,5.16,0.0,15.0,13.0,2.0,16.6,0.45,73.67,2.0
20.0,17.0,9.4,6.65,7.0,10.0,5.0,4.0,13.56,1.33,48.61,1.0
37.0,6.0,5.49,5.72,0.0,2.0,23.0,2.0,7.78,1.04,6.64,0.0
36.0,4.0,7.49,4.57,2.0,7.0,27.0,7.0,12.09,1.2,51.84,1.0
28.0,6.0,9.84,4.26,5.0,5.0,21.0,9.0,13.52,0.04,72.63,2.0
28.0,16.0,12.71,5.83,0.0,4.0,14.0,6.0,14.36,0.78,54.82,1.0
42.0,3.0,6.69,4.24,0.0,14.0,19.0,0.0,7.87,0.62,43.95,1.0
29.0,15.0,5.21,4.52,4.0,8.0,26.0,5.0,7.67,1.73,24.22,0.0
38.0,18.0,9.59,4.71,2.0,4.0,27.0,1.0,13.74,1.55,41.52,1.0
34.0,9.0,5.77,4.01,5.0,9.0,21.0,7.0,9.24,0.86,74.93,2.0
24.0,2.0,10.1,4.77,6.0,5.0,14.0,9.0,13.21,1.26,61.34,1.0
34.0,2.0,6.64,6.89,4.0,10.0,23.0,7.0,7.65,0.1,40.76,1.0
39.0,16.0,6.31,8.1,1.0,3.0,29.0,6.0,9.05,1.27,3.64,0.0
42.0,9.0,7.99,4.97,5.0,19.0,22.0,7.0,9.62,0.19,83.36,2.0
44.0,16.0,9.93,4.4,1.0,11.0,4.0,0.0,12.75,1.43,57.48,1.0
21.0,16.0,9.45,7.65,7.0,19.0,12.0,7.0,14.42,1.15,93.38,2.0
32.0,3.0,6.45,4.04,7.0,5.0,6.0,0.0,10.97,0.6,41.3,1.0
43.0,5.0,12.91,7.67,4.0,0.0,16.0,2.0,15.15,0.74,46.17,1.0
35.0,11.0,5.1,4.66,3.0,17.0,7.0,3.0,8.47,0.18,67.72,1.0
34.0,19.0,4.39,5.14,6.0,1.0,4.0,2.0,7.4,0.65,13.25,0.0
44.0,16.0,10.03,4.6,5.0,4.0,22.0,1.0,11.55,1.93,48.69,1.0
29.0,16.0,5.23,5.24,0.0,15.0,6.0,2.0,10.19,0.97,56.19,1.0
33.0,9.0,9.05,7.99,2.0,11.0,7.0,8.0,11.75,0.95,70.88,2.0
29.0,6.0,13.52,4.66,5.0,11.0,6.0,1.0,16.54,1.26,66.45,1.0
44.0,15.0,10.99,8.97,2.0,10.0,21.0,4.0,14.58,0.97,44.43,1.0
33.0,12.0,10.17,5.64,3.0,19.0,14.0,2.0,11.94,0.71,95.08,2.0
42.0,2.0,9.75,8.61,2.0,18.0,5.0,8.0,11.64,0.28,71.15,2.0
28.0,1.0,5.8,4.95,3.0,6.0,20.0,6.0,7.57,1.26,54.88,1.0
44.0,15.0,8.33,4.94,6.0,1.0,20.0,9.0,10.87,1.5,51.07,1.0
33.0,5.0,7.43,6.83,4.0,5.0,3.0,2.0,9.23,1.85,22.59,0.0
22.0,5.0,13.53,4.25,3.0,3.0,22.0,1.0,18.24,0.01,53.795,1.0
39.0,12.0,6.42,8.01,7.0,1.0,14.0,1.0,10.28,0.13,10.94,0.0
35.0,6.0,8.72,6.2,1.0,16.0,27.0,4.0,13.31,1.8,53.85,1.0
21.0,4.0,13.38,7.5,7.0,7.0,26.0,8.0,17.77,1.26,84.45,2.0
29.0,6.0,11.89,4.87,5.0,4.0,29.0,1.0,15.7,1.92,47.34,1.0
22.0,1.0,13.65,7.21,7.0,9.0,2.0,1.0,15.62,0.86,77.11,2.0
30.0,16.0,10.08,6.97,7.0,15.0,4.0,7.0,13.54,0.83,79.37,2.0
30.0,12.0,7.34,7.78,7.0,1.0,18.0,2.0,9.09,0.69,3.49,0.0
40.0,15.0,12.27,5.49,3.0,18.0,14.0,2.0,13.8,0.29,83.86,2.0
40.0,19.0,6.91,8.67,5.0,6.0,4.0,5.0,10.44,0.76,28.34,0.0
41.0,1.0,5.65,8.81,4.0,1.0,26.0,5.0,9.15,0.03,32.73,0.0
32.0,4.0,11.06,8.34,6.0,12.0,12.0,5.0,12.69,1.02,76.8,2.0
26.0,17.0,10.39,6.86,4.0,3.0,9.0,4.0,12.8,1.69,57.99,1.0
42.0,6.0,12.79,6.1,3.0,15.0,5.0,3.0,14.06,0.64,88.38,2.0
36.0,10.0,13.62,4.29,4.0,9.0,0.0,8.0,17.48,0.19,100.0,2.0
21.0,10.0,12.57,8.74,1.0,16.0,29.0,3.0,17.52,1.95,65.5,1.0
31.0,16.0,4.6,8.76,6.0,13.0,10.0,0.0,8.56,0.26,33.89,0.0
44.0,15.0,10.65,4.09,0.0,11.0,19.0,7.0,15.03,1.06,80.39,2.0
29.0,12.0,11.85,5.78,4.0,12.0,8.0,7.0,14.76,1.62,75.76,2.0
37.0,4.0,13.82,8.4,0.0,19.0,15.0,2.0,15.2,0.5,53.795,1.0
41.0,19.0,7.75,4.4,4.0,7.0,14.0,8.0,11.66,1.68,39.88,1.0
30.0,15.0,5.7,4.98,7.0,16.0,4.0,6.0,7.73,1.11,58.54,1.0
35.0,15.0,12.53,8.89,6.0,17.0,14.0,6.0,15.08,0.66,80.43,2.0
36.0,15.0,7.17,8.24,3.0,9.0,0.0,4.0,12.02,1.73,29.29,0.0
38.0,13.0,9.98,8.56,0.0,12.0,14.0,2.0,14.6,1.24,38.23,1.0
37.0,5.0,7.9,4.71,6.0,1.0,3.0,9.0,10.84,1.23,72.89,2.0
22.0,1.0,8.02,5.06,4.0,16.0,27.0,4.0,12.87,1.01,72.43,2.0
40.0,13.0,11.32,7.03,5.0,5.0,15.0,2.0,14.4,0.55,44.27,1.0
35.0,15.0,7.61,6.51,4.0,11.0,21.0,2.0,9.1,0.61,58.67,1.0
25.0,19.0,10.93,5.49,0.0,12.0,6.0,0.0,14.0,0.18,53.49,1.0
32.0,12.0,4.14,8.42,5.0,3.0,22.0,3.0,8.58,0.49,15.24,0.0
31.0,14.0,7.25,8.51,7.0,14.0,7.0,8.0,10.4,0.56,70.09,2.0
30.0,11.0,7.19,5.46,6.0,15.0,20.0,5.0,11.18,0.12,70.91,2.0
34.0,8.0,11.49,4.78,4.0,18.0,21.0,5.0,14.68,0.22,100.0,2.0
34.0,17.0,7.15,4.75,0.0,14.0,26.0,5.0,10.33,0.54,51.21,1.0
35.0,13.0,10.33,6.42,1.0,9.0,26.0,4.0,12.47,1.35,44.51,1.0
29.0,19.0,10.89,4.66,2.0,19.0,1.0,1.0,12.7,0.37,69.94,1.0
31.0,3.0,10.58,6.37,1.0,5.0,29.0,4.0,12.7,1.04,49.72,1.0
32.0,7.0,10.03,6.31,0.0,4.0,11.0,9.0,12.79,1.02,58.89,1.0
23.0,7.0,8.14,8.42,3.0,1.0,25.0,2.0,12.38,1.67,13.53,0.0
26.0,15.0,7.73,5.48,3.0,19.0,27.0,9.0,12.05,1.22,82.31,2.0
41.0,9.0,9.65,6.8,2.0,1.0,1.0,1.0,12.02,1.83,19.15,0.0
21.0,16.0,4.64,7.72,0.0,4.0,13.0,3.0,7.85,1.26,6.79,0.0
34.0,0.0,12.76,6.98,5.0,2.0,18.0,9.0,15.42,0.05,82.81,2.0
27.0,17.0,12.25,8.77,4.0,5.0,19.0,8.0,15.53,0.76,52.25,1.0
26.0,9.0,7.46,7.01,1.0,10.0,5.0,6.0,11.05,1.4,39.49,1.0
34.0,3.0,9.67,8.51,5.0,4.0,21.0,9.0,11.79,0.95,50.94,1.0
42.0,0.0,13.32,5.23,6.0,17.0,18.0,8.0,18.0,0.84,100.0,2.0
33.0,3.0,6.72,6.8,1.0,13.0,16.0,2.0,11.46,1.34,45.78,1.0
27.0,3.0,11.42,6.72,2.0,9.0,2.0,1.0,12.84,0.57,56.65,1.0
31.0,3.0,4.83,8.95,7.0,2.0,19.0,8.0,8.64,1.82,22.68,0.0
32.0,16.0,9.23,5.02,2.0,15.0,24.0,5.0,10.36,0.83,63.23,1.0
30.0,8.0,12.84,4.7,6.0,15.0,9.0,9.0,14.03,1.26,100.0,2.0
36.0,18.0,9.52,7.06,2.0,10.0,23.0,3.0,14.35,1.96,33.34,0.0
36.0,12.0,10.16,5.12,7.0,3.0,12.0,3.0,12.02,1.57,53.795,1.0
43.0,3.0,13.08,7.2,6.0,10.0,19.0,9.0,15.38,1.06,97.5,2.0
23.0,4.0,11.15,8.86,5.0,7.0,22.0,9.0,14.83,1.72,57.59,1.0
40.0,12.0,10.96,8.73,5.0,15.0,28.0,5.0,15.34,1.12,76.93,2.0
27.0,15.0,9.86,5.16,2.0,7.0,28.0,6.0,14.34,0.88,74.58,2.0
24.0,4.0,10.33,4.85,5.0,8.0,24.0,9.0,11.41,1.75,73.83,2.0
35.0,7.0,12.04,6.8,2.0,13.0,17.0,4.0,16.31,0.05,79.31,2.0
23.0,15.0,13.79,6.93,7.0,7.0,18.0,7.0,18.2,0.81,81.72,2.0
41.0,0.0,8.99,7.31,5.0,15.0,14.0,9.0,15.33,0.69,94.8,2.0
34.0,5.0,11.08,7.71,2.0,1.0,7.0,0.0,14.0,1.43,22.13,0.0
31.0,10.0,5.36,7.0,4.0,19.0,17.0,0.0,6.8,0.03,54.25,1.0
24.0,15.0,12.17,4.56,7.0,18.0,6.0,3.0,14.13,1.32,89.56,2.0
32.0,4.0,11.36,7.95,4.0,19.0,22.0,7.0,14.32,0.69,81.81,2.0
35.0,15.0,11.7,4.4,6.0,19.0,10.0,7.0,16.16,0.2,100.0,2.0
33.0,6.0,6.31,4.1,1.0,18.0,2.0,5.0,10.52,1.96,64.98,1.0
29.0,18.0,13.03,7.85,6.0,18.0,1.0,4.0,16.01,0.42,83.66,2.0
26.0,0.0,4.97,6.74,1.0,17.0,18.0,9.0,9.11,0.7,45.56,1.0
32.0,8.0,6.54,7.49,6.0,12.0,27.0,9.0,10.6,0.41,75.44,2.0
39.0,17.0,10.63,5.91,2.0,16.0,23.0,1.0,13.95,1.32,39.68,1.0
24.0,12.0,10.74,4.06,4.0,0.0,27.0,4.0,12.62,1.57,30.59,0.0
22.0,14.0,7.13,5.66,5.0,4.0,24.0,4.0,9.52,1.72,56.07,1.0
34.0,2.0,11.02,7.04,2.0,19.0,10.0,1.0,12.68,1.02,51.32,1.0
23.0,9.0,7.88,5.13,4.0,12.0,7.0,7.0,8.91,1.05,62.25,1.0
34.0,8.0,4.0,7.44,3.0,5.0,10.0,9.0,5.32,1.33,20.1,0.0
33.0,12.0,5.63,7.97,4.0,9.0,1.0,4.0,9.67,1.26,5.03,0.0
39.0,15.0,12.83,6.27,0.0,9.0,11.0,4.0,13.96,1.43,49.89,1.0
38.0,2.0,6.23,8.38,4.0,5.0,28.0,0.0,8.83,1.54,10.58,0.0
32.0,14.0,5.13,8.27,0.0,0.0,8.0,0.0,10.07,0.19,0.0,0.0
29.0,16.0,10.82,8.39,1.0,17.0,5.0,0.0,15.0,0.34,65.87,1.0
40.0,13.0,8.41,7.31,4.0,6.0,11.0,7.0,12.41,1.47,42.72,1.0
24.0,6.0,11.97,5.52,3.0,9.0,17.0,9.0,14.07,0.95,65.52,1.0
42.0,19.0,12.61,6.41,5.0,11.0,24.0,1.0,16.18,0.85,68.68,1.0
39.0,15.0,12.46,7.55,4.0,14.0,4.0,7.0,15.45,0.91,98.29,2.0
39.0,7.0,7.13,5.05,5.0,16.0,21.0,5.0,10.63,0.74,84.01,2.0
44.0,3.0,9.06,7.69,4.0,2.0,16.0,4.0,11.8,1.18,42.46,1.0
25.0,19.0,10.5,6.74,4.0,14.0,15.0,5.0,13.62,0.65,59.66,1.0
23.0,14.0,7.22,4.48,7.0,0.0,11.0,3.0,12.17,1.27,32.88,0.0
21.0,4.0,4.41,6.79,5.0,10.0,28.0,2.0,6.73,0.41,31.14,0.0
41.0,12.0,8.96,4.33,5.0,5.0,29.0,3.0,10.83,1.52,52.8,1.0
35.0,5.0,4.13,4.07,2.0,15.0,1.0,8.0,6.92,1.56,36.78,1.0
37.0,4.0,13.51,8.45,4.0,11.0,15.0,7.0,16.61,1.16,99.51,2.0
24.0,16.0,11.97,6.45,4.0,14.0,0.0,7.0,13.31,0.74,100.0,2.0
41.0,6.0,5.92,6.72,7.0,17.0,19.0,0.0,10.14,0.03,50.54,1.0
23.0,5.0,6.88,5.4,3.0,9.0,1.0,4.0,9.57,0.24,48.88,1.0
32.0,1.0,13.83,6.71,5.0,11.0,12.0,5.0,16.48,0.16,83.51,2.0
38.0,10.0,7.74,4.84,7.0,19.0,15.0,8.0,11.38,0.02,100.0,2.0
42.0,6.0,11.84,7.73,5.0,18.0,0.0,9.0,15.93,1.44,82.51,2.0
21.0,7.0,8.47,8.12,0.0,4.0,18.0,9.0,13.41,1.91,36.46,1.0
32.0,4.0,12.64,8.28,0.0,17.0,3.0,5.0,14.33,0.02,70.61,2.0
30.0,17.0,8.99,4.53,5.0,18.0,19.0,0.0,13.42,0.23,81.75,2.0
41.0,15.0,4.23,6.79,3.0,11.0,2.0,0.0,5.9,1.72,25.08,0.0
23.0,13.0,6.94,8.04,7.0,0.0,1.0,6.0,11.46,1.38,21.21,0.0
41.0,11.0,9.58,4.64,1.0,1.0,11.0,2.0,12.77,0.81,37.1,1.0
39.0,16.0,13.26,4.5,4.0,2.0,23.0,6.0,17.67,1.99,67.07,1.0
39.0,4.0,5.02,8.08,1.0,11.0,25.0,4.0,9.96,1.15,15.69,0.0
34.0,13.0,10.01,7.98,3.0,13.0,12.0,0.0,13.21,1.34,37.25,1.0
23.0,5.0,7.02,6.24,1.0,9.0,26.0,7.0,8.49,1.31,32.52,0.0
28.0,14.0,12.89,4.55,0.0,3.0,17.0,8.0,15.34,0.45,55.95,1.0
26.0,6.0,11.65,6.58,2.0,11.0,4.0,5.0,12.79,0.98,66.46,1.0
38.0,13.0,7.7,5.97,1.0,7.0,22.0,1.0,12.1,0.43,32.25,0.0
38.0,17.0,5.67,6.59,2.0,0.0,24.0,8.0,6.74,1.02,9.73,0.0
25.0,0.0,4.11,6.2,1.0,4.0,11.0,1.0,7.48,0.06,3.92,0.0
25.0,5.0,10.21,6.84,7.0,0.0,18.0,5.0,11.63,0.76,46.63,1.0
39.0,2.0,8.06,7.64,3.0,14.0,0.0,9.0,9.09,0.74,75.12,2.0
34.0,4.0,7.15,7.87,2.0,12.0,8.0,3.0,9.17,0.58,55.62,1.0
34.0,11.0,13.86,7.24,1.0,12.0,0.0,5.0,17.07,0.16,84.47,2.0
44.0,10.0,8.66,4.99,3.0,3.0,23.0,3.0,9.96,1.54,22.87,0.0
39.0,12.0,11.5,5.99,6.0,14.0,17.0,2.0,14.96,0.84,66.09,1.0
28.0,15.0,5.77,4.36,6.0,11.0,22.0,7.0,9.46,1.63,58.99,1.0
23.0,17.0,4.13,6.26,5.0,7.0,14.0,4.0,12.02,1.67,18.74,0.0
37.0,16.0,8.18,8.85,7.0,15.0,2.0,0.0,12.78,0.43,46.95,1.0
37.0,16.0,10.66,7.21,6.0,11.0,5.0,7.0,13.93,0.84,83.54,2.0
24.0,10.0,9.07,4.77,0.0,5.0,21.0,2.0,13.24,1.44,33.35,0.0
39.0,19.0,12.9,5.34,4.0,14.0,3.0,3.0,15.35,1.0,100.0,2.0
42.0,9.0,8.34,4.32,3.0,6.0,23.0,8.0,11.68,1.71,42.09,1.0
30.0,15.0,7.11,6.46,3.0,4.0,11.0,2.0,9.72,1.14,35.6,1.0
24.0,1.0,13.16,6.44,4.0,14.0,11.0,4.0,15.51,1.26,57.06,1.0
41.0,16.0,8.07,5.72,2.0,11.0,4.0,7.0,11.98,1.57,48.09,1.0
23.0,19.0,6.7,5.02,1.0,10.0,22.0,5.0,8.89,0.24,57.63,1.0
31.0,9.0,4.98,4.73,2.0,3.0,28.0,2.0,7.5,1.17,0.0,0.0
21.0,12.0,11.93,6.46,7.0,12.0,20.0,7.0,12.02,0.17,91.65,2.0
32.0,11.0,12.25,6.79,3.0,17.0,12.0,4.0,16.73,0.52,71.05,2.0
29.0,14.0,4.33,8.21,5.0,7.0,11.0,5.0,6.01,0.43,24.96,0.0
28.0,6.0,7.59,4.92,6.0,6.0,3.0,2.0,10.12,1.13,36.32,1.0
29.0,12.0,11.5,8.24,1.0,15.0,5.0,7.0,16.05,1.69,69.23,1.0
26.0,11.0,13.46,6.89,6.0,2.0,18.0,3.0,14.52,0.27,67.37,1.0
23.0,11.0,7.78,5.33,6.0,15.0,5.0,8.0,12.57,1.54,86.47,2.0
38.0,1.0,12.72,5.37,4.0,15.0,5.0,4.0,17.32,0.29,92.06,2.0
29.0,4.0,7.94,5.95,6.0,6.0,10.0,0.0,10.61,0.38,44.16,1.0
22.0,1.0,5.79,6.3,7.0,12.0,26.0,8.0,9.4,1.83,55.93,1.0
44.0,19.0,4.03,4.41,7.0,12.0,21.0,7.0,8.99,0.02,47.98,1.0
40.0,12.0,7.3,8.21,7.0,18.0,13.0,4.0,10.52,0.39,52.32,1.0
38.0,2.0,7.78,4.61,4.0,17.0,29.0,2.0,9.17,0.43,81.23,2.0
40.0,10.0,13.45,6.42,1.0,6.0,26.0,8.0,17.86,0.56,64.56,1.0
21.0,15.0,6.06,5.91,7.0,19.0,2.0,6.0,7.6,0.73,74.92,2.0
39.0,0.0,7.82,6.56,3.0,17.0,28.0,7.0,9.85,0.21,74.55,2.0
29.0,18.0,4.25,8.44,5.0,17.0,7.0,2.0,8.74,0.94,33.97,0.0
21.0,10.0,11.64,6.46,0.0,3.0,3.0,5.0,13.66,0.8,49.63,1.0
21.0,8.0,13.15,4.1,6.0,8.0,26.0,3.0,17.13,1.25,73.65,2.0
43.0,13.0,6.38,5.97,5.0,15.0,15.0,2.0,9.17,1.74,43.2,1.0
36.0,8.0,8.29,6.46,6.0,3.0,17.0,3.0,12.33,0.6,29.68,0.0
35.0,6.0,5.22,6.46,6.0,7.0,6.0,1.0,7.15,1.09,4.47,0.0
35.0,15.0,8.57,7.25,4.0,2.0,10.0,4.0,11.25,0.74,22.54,0.0
33.0,2.0,5.33,8.96,5.0,8.0,7.0,7.0,7.6,0.08,48.07,1.0
26.0,18.0,8.99,7.23,5.0,7.0,26.0,4.0,11.23,1.64,65.27,1.0
30.0,6.0,9.53,8.21,0.0,13.0,5.0,6.0,11.82,0.0,62.7,1.0
43.0,11.0,6.45,8.83,0.0,9.0,23.0,7.0,11.27,0.5,19.68,0.0
20.0,17.0,7.54,7.56,4.0,16.0,15.0,5.0,10.67,0.62,55.21,1.0
30.0,4.0,10.39,6.1,7.0,10.0,4.0,2.0,13.24,1.62,60.44,1.0
42.0,9.0,9.9,8.74,6.0,9.0,24.0,7.0,12.91,1.52,81.35,2.0
40.0,11.0,5.37,8.84,7.0,12.0,5.0,9.0,10.35,0.79,35.07,1.0
23.0,7.0,12.45,8.68,0.0,1.0,5.0,1.0,16.06,0.31,18.47,0.0
26.0,18.0,8.75,6.06,1.0,0.0,27.0,6.0,12.56,0.77,47.78,1.0
34.0,14.0,5.62,7.95,4.0,0.0,28.0,9.0,7.87,1.62,53.795,1.0
32.0,0.0,5.23,7.27,7.0,15.0,1.0,7.0,8.12,0.9,60.88,1.0
31.0,2.0,13.66,4.9,3.0,9.0,6.0,4.0,15.4,0.23,79.9,2.0
36.0,17.0,6.82,6.68,4.0,9.0,8.0,6.0,10.56,0.08,56.71,1.0
20.0,17.0,13.09,7.74,6.0,6.0,14.0,8.0,15.47,0.67,100.0,2.0
30.0,1.0,8.11,8.48,5.0,6.0,20.0,7.0,12.1,0.3,41.65,1.0
20.0,4.0,7.86,8.31,5.0,0.0,13.0,4.0,9.71,1.49,25.26,0.0
34.0,0.0,11.01,4.77,4.0,12.0,20.0,3.0,13.62,0.56,72.15,2.0
40.0,9.0,8.99,6.44,2.0,4.0,27.0,2.0,6.98,1.75,7.68,0.0
29.0,19.0,7.38,6.39,6.0,9.0,12.0,5.0,9.05,1.23,43.98,1.0
26.0,9.0,7.03,8.49,0.0,12.0,26.0,3.0,8.31,0.79,24.37,0.0
32.0,4.0,12.68,4.01,5.0,11.0,4.0,3.0,14.95,1.22,92.07,2.0
29.0,17.0,9.29,7.69,5.0,17.0,16.0,5.0,12.47,0.59,69.82,1.0
43.0,14.0,7.65,7.09,1.0,4.0,14.0,9.0,11.26,0.28,51.22,1.0
23.0,19.0,6.66,8.61,6.0,4.0,25.0,4.0,9.36,1.93,1.78,0.0
31.0,7.0,9.91,6.28,0.0,1.0,23.0,0.0,12.91,1.13,28.41,0.0
38.0,16.0,5.52,7.29,6.0,5.0,2.0,4.0,8.69,0.01,23.52,0.0
30.0,11.0,6.46,8.86,5.0,6.0,8.0,5.0,9.51,0.62,25.76,0.0
27.0,11.0,6.94,7.72,2.0,0.0,8.0,0.0,8.3,0.32,0.0,0.0
37.0,0.0,10.08,4.34,5.0,2.0,21.0,2.0,12.7,0.52,48.19,1.0
30.0,3.0,7.73,4.84,0.0,19.0,3.0,5.0,9.55,0.11,85.02,2.0
30.0,7.0,9.06,8.11,1.0,1.0,19.0,6.0,12.19,0.49,16.75,0.0
32.0,0.0,10.5,5.67,7.0,9.0,10.0,6.0,14.53,1.37,74.92,2.0
22.0,14.0,13.56,7.53,7.0,10.0,16.0,6.0,16.88,1.64,61.08,1.0
31.0,17.0,11.65,7.5,0.0,12.0,13.0,8.0,13.54,0.69,71.3,2.0
22.0,0.0,8.05,8.97,6.0,15.0,9.0,1.0,9.88,1.04,53.795,1.0
29.0,10.0,11.48,6.35,6.0,19.0,4.0,2.0,12.63,0.08,86.51,2.0
36.0,1.0,13.5,7.69,2.0,10.0,20.0,6.0,16.21,0.18,85.65,2.0
41.0,0.0,8.99,4.24,1.0,17.0,20.0,5.0,11.72,1.1,68.47,1.0
21.0,11.0,8.1,6.31,7.0,10.0,27.0,0.0,10.05,1.68,66.7,1.0
36.0,15.0,4.78,4.93,0.0,0.0,16.0,9.0,8.84,0.18,41.29,1.0
35.0,9.0,12.92,8.2,2.0,17.0,15.0,6.0,15.47,0.84,85.69,2.0
21.0,17.0,6.46,8.2,2.0,19.0,0.0,1.0,10.14,1.94,51.92,1.0
41.0,14.0,4.64,5.18,4.0,4.0,9.0,3.0,8.2,1.48,34.03,0.0
39.0,16.0,9.37,5.59,5.0,1.0,11.0,6.0,12.79,0.4,47.12,1.0
25.0,9.0,12.46,7.51,6.0,17.0,17.0,3.0,17.09,0.57,89.42,2.0
44.0,2.0,8.07,7.69,1.0,6.0,0.0,5.0,9.13,1.9,26.13,0.0
29.0,15.0,11.83,7.29,1.0,10.0,28.0,8.0,13.1,0.44,82.98,2.0
29.0,5.0,12.36,8.98,5.0,10.0,14.0,4.0,16.25,0.88,79.2,2.0
27.0,2.0,8.54,8.34,6.0,12.0,27.0,2.0,10.95,0.71,32.99,0.0
20.0,8.0,9.91,6.09,6.0,3.0,11.0,5.0,14.86,0.98,54.48,1.0
32.0,10.0,9.34,5.63,0.0,0.0,19.0,3.0,11.21,0.47,45.45,1.0
43.0,12.0,13.39,6.98,4.0,17.0,5.0,8.0,15.12,1.34,100.0,2.0
28.0,17.0,11.26,8.09,1.0,9.0,7.0,1.0,14.61,0.47,52.87,1.0
41.0,3.0,13.25,6.38,2.0,9.0,13.0,9.0,15.37,1.2,94.48,2.0
29.0,7.0,6.2,7.69,1.0,7.0,4.0,4.0,8.56,0.72,11.26,0.0
34.0,12.0,7.1,6.46,4.0,2.0,21.0,8.0,11.78,0.5,58.28,1.0
24.0,9.0,4.71,8.63,5.0,6.0,3.0,9.0,5.81,1.39,43.42,1.0
41.0,1.0,9.0,7.87,3.0,9.0,21.0,6.0,12.13,1.93,71.56,2.0
35.0,7.0,12.74,5.97,5.0,10.0,15.0,4.0,15.08,1.74,60.93,1.0
32.0,5.0,7.27,5.92,2.0,6.0,5.0,7.0,9.65,0.17,45.05,1.0
41.0,15.0,5.28,4.51,1.0,6.0,2.0,1.0,7.27,0.91,20.92,0.0
44.0,17.0,4.68,8.08,5.0,8.0,3.0,3.0,6.22,1.39,10.94,0.0
39.0,16.0,8.48,7.84,2.0,2.0,21.0,5.0,9.62,1.13,19.38,0.0
37.0,5.0,5.64,7.15,7.0,10.0,7.0,6.0,10.59,1.45,49.26,1.0
30.0,12.0,7.46,4.51,6.0,16.0,28.0,7.0,11.1,1.95,90.98,2.0
28.0,13.0,12.2,5.31,0.0,7.0,29.0,3.0,16.31,0.68,40.51,1.0
35.0,9.0,7.84,6.29,7.0,19.0,13.0,8.0,9.1,1.54,77.51,2.0
21.0,10.0,10.1,5.33,4.0,1.0,6.0,6.0,11.16,0.19,55.01,1.0
44.0,12.0,9.02,6.17,2.0,19.0,3.0,1.0,12.42,1.74,71.73,2.0
21.0,11.0,11.19,5.13,1.0,0.0,29.0,8.0,15.09,1.56,60.86,1.0
31.0,8.0,5.56,5.75,0.0,15.0,18.0,6.0,8.14,1.04,61.52,1.0
27.0,3.0,13.2,7.26,0.0,3.0,10.0,4.0,15.75,1.64,55.62,1.0
28.0,6.0,10.44,8.46,7.0,8.0,14.0,2.0,12.98,1.33,59.52,1.0
31.0,1.0,6.71,5.93,0.0,7.0,23.0,8.0,8.32,1.1,45.2,1.0
28.0,6.0,5.23,7.46,3.0,0.0,15.0,6.0,9.25,1.89,15.62,0.0
29.0,8.0,5.5,4.67,3.0,7.0,5.0,2.0,7.36,0.26,38.77,1.0
44.0,4.0,11.83,6.7,0.0,4.0,11.0,4.0,14.13,1.99,42.73,1.0
21.0,14.0,9.88,8.61,7.0,0.0,7.0,2.0,13.57,0.31,33.46,0.0
35.0,17.0,7.81,4.14,5.0,6.0,14.0,2.0,8.81,0.96,50.44,1.0
39.0,3.0,7.33,5.34,7.0,14.0,24.0,6.0,11.4,0.46,77.49,2.0
26.0,18.0,12.56,4.66,5.0,6.0,9.0,8.0,17.16,0.54,89.57,2.0
21.0,19.0,12.75,6.67,5.0,0.0,10.0,4.0,13.96,1.26,54.58,1.0
20.0,6.0,9.81,7.4,1.0,8.0,8.0,3.0,13.18,0.07,53.22,1.0
38.0,7.0,9.25,4.29,0.0,9.0,25.0,3.0,11.88,1.88,27.41,0.0
23.0,16.0,12.16,4.35,5.0,11.0,16.0,2.0,13.47,0.56,66.39,1.0
43.0,12.0,11.49,8.35,0.0,6.0,27.0,7.0,15.22,0.55,56.36,1.0
41.0,10.0,8.0,6.28,2.0,8.0,13.0,9.0,11.45,1.73,44.25,1.0
21.0,0.0,4.83,6.31,5.0,4.0,2.0,0.0,8.4,1.53,19.65,0.0
32.0,1.0,11.69,8.72,4.0,11.0,8.0,2.0,15.94,1.34,53.0,1.0
33.0,16.0,5.69,5.6,2.0,1.0,19.0,1.0,7.84,0.29,8.6,0.0
21.0,4.0,4.16,8.49,2.0,17.0,25.0,6.0,7.87,1.54,39.29,1.0
34.0,5.0,12.43,8.87,5.0,8.0,27.0,5.0,16.4,0.72,63.95,1.0
31.0,6.0,9.78,5.21,4.0,0.0,17.0,0.0,11.46,1.99,53.795,1.0
24.0,14.0,12.92,6.57,2.0,9.0,16.0,2.0,17.75,1.34,57.53,1.0
39.0,18.0,8.85,6.67,5.0,13.0,29.0,3.0,11.21,1.67,51.28,1.0
26.0,15.0,13.26,8.33,6.0,13.0,4.0,9.0,17.11,1.47,83.0,2.0
43.0,12.0,7.54,5.52,2.0,6.0,29.0,6.0,11.56,1.19,31.82,0.0
40.0,4.0,11.25,7.99,1.0,11.0,19.0,2.0,14.27,1.43,41.88,1.0
29.0,2.0,7.01,8.86,3.0,5.0,20.0,3.0,8.52,1.19,22.77,0.0
33.0,2.0,4.01,8.2,3.0,12.0,26.0,6.0,6.11,0.1,47.59,1.0
33.0,18.0,7.8,8.55,3.0,7.0,20.0,3.0,9.74,0.69,38.86,1.0
24.0,13.0,11.38,7.54,6.0,1.0,23.0,8.0,14.45,0.63,55.89,1.0
37.0,15.0,5.5,8.52,4.0,9.0,5.0,5.0,7.55,1.43,28.89,0.0
43.0,16.0,9.05,4.82,0.0,5.0,2.0,1.0,12.24,1.15,33.5,0.0
33.0,3.0,6.12,7.56,2.0,9.0,15.0,0.0,8.27,1.22,53.795,1.0
21.0,12.0,4.75,7.66,6.0,9.0,14.0,7.0,5.75,1.69,48.81,1.0
31.0,7.0,10.17,6.2,1.0,14.0,24.0,2.0,12.62,1.05,37.33,1.0
41.0,18.0,13.52,4.4,4.0,19.0,7.0,6.0,16.95,0.44,100.0,2.0
43.0,4.0,7.11,7.11,6.0,9.0,8.0,3.0,11.2,0.02,30.31,0.0
25.0,10.0,9.81,4.26,3.0,10.0,3.0,2.0,10.92,0.32,65.14,1.0
23.0,14.0,13.54,5.91,4.0,1.0,12.0,8.0,15.57,0.06,56.86,1.0
32.0,1.0,10.5,5.97,6.0,9.0,23.0,5.0,15.44,0.47,81.43,2.0
23.0,10.0,10.73,8.99,1.0,11.0,26.0,5.0,12.78,1.27,46.95,1.0
41.0,12.0,5.79,5.5,5.0,10.0,2.0,5.0,12.02,0.3,57.22,1.0
33.0,9.0,8.93,8.1,4.0,14.0,20.0,2.0,11.97,0.16,50.57,1.0
35.0,2.0,7.67,4.27,3.0,3.0,29.0,5.0,9.16,1.94,48.28,1.0
23.0,4.0,8.71,6.65,0.0,4.0,6.0,3.0,12.28,1.99,7.33,0.0
43.0,2.0,12.01,6.68,6.0,0.0,15.0,1.0,16.88,1.27,48.08,1.0
44.0,5.0,8.61,7.14,3.0,0.0,16.0,2.0,13.16,0.22,29.56,0.0
20.0,12.0,4.63,8.05,6.0,9.0,29.0,3.0,8.39,1.64,25.5,0.0
32.0,9.0,13.06,7.81,3.0,3.0,16.0,0.0,16.11,1.08,45.8,1.0
23.0,18.0,9.45,7.81,3.0,12.0,18.0,6.0,11.73,0.36,73.56,2.0
39.0,7.0,13.24,6.16,6.0,13.0,19.0,4.0,15.67,1.15,95.68,2.0
37.0,17.0,9.72,6.46,4.0,18.0,16.0,8.0,12.1,0.08,71.53,2.0
25.0,2.0,4.7,6.46,1.0,4.0,23.0,5.0,9.39,1.94,14.11,0.0
22.0,16.0,9.53,4.33,3.0,10.0,1.0,7.0,11.38,1.65,72.63,2.0
42.0,7.0,9.76,8.45,7.0,7.0,26.0,8.0,12.27,0.52,63.74,1.0
32.0,9.0,6.14,8.45,5.0,0.0,4.0,5.0,8.87,0.84,19.25,0.0
35.0,1.0,8.71,5.61,4.0,4.0,15.0,6.0,11.35,0.79,55.94,1.0
24.0,11.0,8.59,8.57,1.0,17.0,28.0,5.0,9.61,1.72,58.64,1.0
23.0,5.0,10.23,7.79,0.0,12.0,29.0,5.0,12.31,0.71,61.14,1.0
40.0,1.0,6.6,6.0,7.0,4.0,21.0,1.0,9.59,0.1,42.14,1.0
27.0,2.0,9.82,5.66,3.0,6.0,10.0,4.0,13.86,0.43,74.0,2.0
38.0,16.0,6.41,8.88,2.0,11.0,21.0,5.0,9.69,0.43,33.31,0.0
33.0,6.0,8.46,7.56,4.0,1.0,5.0,9.0,11.0,1.9,38.22,1.0
26.0,4.0,5.23,5.89,5.0,12.0,10.0,4.0,8.89,1.85,46.37,1.0
33.0,0.0,4.37,7.21,0.0,13.0,0.0,3.0,8.03,0.6,24.97,0.0
25.0,7.0,7.21,6.46,0.0,5.0,18.0,5.0,9.2,0.01,30.17,0.0
31.0,11.0,6.75,6.62,0.0,15.0,14.0,5.0,8.17,1.03,42.57,1.0
35.0,13.0,8.07,7.22,4.0,9.0,7.0,7.0,12.28,1.59,56.8,1.0
36.0,15.0,13.62,6.69,1.0,10.0,21.0,5.0,16.74,0.54,86.16,2.0
32.0,9.0,9.22,7.27,2.0,9.0,17.0,9.0,10.93,0.88,62.27,1.0
33.0,14.0,13.42,8.97,5.0,15.0,29.0,1.0,17.49,0.65,60.96,1.0
26.0,9.0,13.21,7.55,1.0,9.0,0.0,0.0,16.82,1.52,48.92,1.0
33.0,6.0,12.84,8.64,3.0,9.0,19.0,9.0,17.62,0.86,68.5,1.0
34.0,2.0,4.98,8.29,4.0,2.0,16.0,6.0,7.84,0.89,0.0,0.0
31.0,1.0,10.34,5.48,1.0,10.0,4.0,7.0,11.55,1.58,60.66,1.0
36.0,5.0,12.08,8.66,3.0,10.0,11.0,2.0,15.88,1.53,71.74,2.0
41.0,9.0,9.78,5.65,2.0,5.0,23.0,6.0,12.08,0.83,59.57,1.0
34.0,3.0,4.17,7.2,4.0,8.0,25.0,7.0,5.96,1.7,17.41,0.0
31.0,2.0,13.74,6.63,5.0,0.0,17.0,5.0,15.98,0.91,54.81,1.0
21.0,8.0,8.72,6.71,6.0,5.0,7.0,7.0,13.04,1.32,54.09,1.0
24.0,16.0,7.94,7.97,5.0,17.0,28.0,1.0,11.25,0.61,46.73,1.0
32.0,13.0,7.95,4.97,3.0,12.0,23.0,6.0,9.39,0.12,68.9,1.0
42.0,12.0,6.42,6.19,2.0,18.0,23.0,5.0,9.95,0.8,46.1,1.0
27.0,11.0,7.27,8.75,3.0,1.0,12.0,6.0,11.81,0.71,23.31,0.0
33.0,0.0,13.85,5.92,3.0,3.0,1.0,8.0,18.29,1.79,77.25,2.0
34.0,18.0,7.68,7.01,4.0,3.0,22.0,6.0,8.93,1.09,33.17,0.0
30.0,18.0,9.27,6.25,3.0,9.0,15.0,0.0,13.74,1.02,48.57,1.0
20.0,5.0,12.48,7.38,2.0,16.0,11.0,4.0,13.68,1.38,74.54,2.0
40.0,12.0,9.27,4.92,0.0,15.0,7.0,3.0,10.89,1.06,59.07,1.0
22.0,18.0,7.24,6.0,4.0,7.0,3.0,7.0,8.69,1.54,44.12,1.0
36.0,12.0,9.24,4.34,2.0,5.0,14.0,6.0,10.97,1.57,47.58,1.0
38.0,3.0,5.14,6.99,4.0,1.0,8.0,3.0,9.35,0.7,17.3,0.0
33.0,1.0,5.3,8.81,4.0,14.0,10.0,2.0,9.04,0.17,23.84,0.0
41.0,14.0,10.94,4.23,5.0,10.0,15.0,5.0,14.69,1.97,96.82,2.0
42.0,11.0,13.17,7.3,6.0,15.0,5.0,7.0,17.86,1.29,100.0,2.0
27.0,6.0,11.26,6.46,5.0,3.0,11.0,2.0,13.83,1.42,38.91,1.0
32.0,19.0,4.75,6.46,3.0,10.0,18.0,4.0,5.76,1.51,39.62,1.0
39.0,17.0,8.03,5.37,7.0,13.0,15.0,9.0,11.59,1.23,85.54,2.0
22.0,12.0,4.03,5.01,5.0,7.0,12.0,0.0,8.5,0.94,25.36,0.0
24.0,16.0,9.11,5.49,4.0,5.0,3.0,9.0,14.02,1.97,65.59,1.0
28.0,3.0,5.93,4.55,3.0,18.0,11.0,9.0,8.39,1.46,80.71,2.0
25.0,13.0,12.68,5.85,4.0,3.0,3.0,7.0,16.97,1.69,65.48,1.0
44.0,19.0,5.04,5.84,1.0,3.0,16.0,6.0,9.44,0.88,15.58,0.0
41.0,12.0,4.01,8.04,4.0,5.0,13.0,7.0,5.59,1.81,22.29,0.0
21.0,2.0,8.51,8.0,6.0,10.0,28.0,1.0,12.04,1.46,30.8,0.0
32.0,17.0,5.55,7.98,7.0,0.0,25.0,6.0,7.24,1.49,25.61,0.0
24.0,13.0,11.38,6.84,4.0,1.0,16.0,3.0,14.17,0.17,57.05,1.0
44.0,14.0,13.2,5.63,0.0,9.0,0.0,1.0,17.72,1.23,60.08,1.0
27.0,2.0,4.42,6.05,6.0,15.0,19.0,8.0,8.58,0.67,68.03,1.0
42.0,0.0,7.96,5.59,4.0,5.0,0.0,4.0,11.24,1.34,42.94,1.0
20.0,16.0,13.97,6.91,5.0,8.0,29.0,6.0,18.2,1.14,99.0,2.0
39.0,2.0,11.33,8.69,5.0,18.0,21.0,3.0,12.94,0.22,79.9,2.0
31.0,13.0,13.53,5.42,5.0,4.0,29.0,9.0,15.31,1.06,76.48,2.0
42.0,2.0,5.64,6.29,7.0,9.0,1.0,3.0,7.48,0.9,34.68,0.0
30.0,12.0,6.21,7.28,0.0,6.0,16.0,2.0,10.31,1.55,16.52,0.0
26.0,14.0,5.55,8.22,3.0,1.0,22.0,0.0,10.11,1.01,10.95,0.0
34.0,17.0,7.02,5.27,7.0,19.0,21.0,1.0,10.27,0.96,68.24,1.0
41.0,13.0,11.24,5.4,4.0,3.0,14.0,8.0,16.07,1.44,67.66,1.0
43.0,2.0,5.65,8.43,4.0,7.0,11.0,0.0,9.56,1.34,0.0,0.0
30.0,18.0,9.24,4.4,5.0,2.0,12.0,4.0,12.49,1.98,63.66,1.0
41.0,7.0,6.69,7.03,3.0,1.0,13.0,1.0,10.14,0.7,0.0,0.0
35.0,3.0,12.29,8.3,7.0,8.0,9.0,3.0,12.02,1.02,44.89,1.0
22.0,3.0,4.07,8.61,4.0,10.0,11.0,6.0,5.43,0.33,25.56,0.0
39.0,18.0,6.23,4.06,7.0,3.0,24.0,4.0,7.9,1.61,44.79,1.0
33.0,10.0,10.05,5.85,2.0,8.0,21.0,0.0,12.12,1.57,35.0,0.0
22.0,0.0,4.97,6.46,0.0,5.0,14.0,2.0,9.55,1.02,6.28,0.0
20.0,7.0,8.66,6.46,1.0,0.0,6.0,9.0,13.44,0.24,35.52,1.0
40.0,14.0,8.36,7.16,2.0,2.0,18.0,8.0,10.78,1.98,52.94,1.0
34.0,0.0,12.53,9.0,6.0,6.0,29.0,0.0,17.23,1.89,44.55,1.0
20.0,6.0,10.25,6.56,1.0,9.0,14.0,9.0,13.44,0.74,75.27,2.0
36.0,19.0,10.4,6.76,2.0,7.0,6.0,3.0,13.29,1.15,66.78,1.0
21.0,19.0,13.52,6.07,2.0,12.0,13.0,4.0,17.85,1.78,94.67,2.0
39.0,10.0,13.82,4.74,6.0,17.0,8.0,9.0,17.0,0.99,100.0,2.0
25.0,13.0,10.53,5.52,7.0,18.0,4.0,2.0,13.35,1.2,83.07,2.0
27.0,15.0,9.22,5.23,6.0,8.0,0.0,2.0,10.28,1.21,61.0,1.0
35.0,10.0,10.08,8.01,2.0,19.0,15.0,0.0,11.13,1.3,54.94,1.0
38.0,11.0,7.82,6.73,0.0,5.0,4.0,5.0,11.33,1.15,24.67,0.0
20.0,16.0,13.87,5.48,1.0,11.0,23.0,3.0,15.16,0.81,49.71,1.0
22.0,13.0,11.05,6.45,3.0,3.0,7.0,7.0,15.0,1.08,70.51,2.0
22.0,10.0,6.91,5.09,3.0,8.0,18.0,5.0,10.4,1.74,60.97,1.0
24.0,13.0,4.58,4.93,5.0,9.0,19.0,2.0,7.41,1.73,35.9,1.0
31.0,17.0,4.45,8.3,7.0,2.0,11.0,6.0,8.29,1.55,17.06,0.0
31.0,8.0,6.05,8.72,7.0,16.0,7.0,2.0,11.02,0.83,37.69,1.0
39.0,16.0,6.33,4.4,7.0,6.0,7.0,5.0,8.32,1.57,57.5,1.0
32.0,5.0,8.15,7.82,4.0,7.0,22.0,7.0,11.38,1.02,61.93,1.0
39.0,7.0,6.15,6.27,0.0,10.0,5.0,2.0,10.52,1.33,30.54,0.0
28.0,10.0,10.31,5.94,7.0,12.0,19.0,1.0,11.38,1.13,41.37,1.0
26.0,17.0,6.11,7.45,5.0,2.0,25.0,2.0,12.02,0.6,33.79,0.0
23.0,4.0,5.88,5.33,5.0,18.0,28.0,3.0,8.96,0.91,65.32,1.0
38.0,5.0,8.71,4.1,0.0,13.0,8.0,2.0,11.92,1.66,40.13,1.0
41.0,18.0,12.89,5.07,0.0,15.0,1.0,8.0,14.24,1.83,94.94,2.0
38.0,3.0,8.68,4.92,2.0,14.0,17.0,5.0,11.31,0.41,82.75,2.0
25.0,6.0,8.14,4.17,0.0,1.0,0.0,1.0,11.22,0.91,26.51,0.0
32.0,3.0,9.78,5.61,3.0,5.0,10.0,7.0,12.47,0.87,49.03,1.0
30.0,10.0,6.57,6.37,0.0,6.0,14.0,6.0,10.37,0.98,29.86,0.0
32.0,11.0,7.53,7.68,6.0,8.0,11.0,0.0,11.62,1.95,9.06,0.0
32.0,13.0,6.14,5.63,2.0,8.0,2.0,5.0,8.98,1.02,50.24,1.0
44.0,12.0,9.72,4.97,1.0,16.0,18.0,5.0,12.42,1.66,60.85,1.0
41.0,9.0,10.97,5.15,5.0,2.0,19.0,8.0,14.79,1.33,76.82,2.0
39.0,17.0,10.74,8.46,7.0,9.0,14.0,5.0,13.96,0.21,71.95,2.0
34.0,15.0,6.55,5.02,0.0,1.0,9.0,7.0,12.02,1.39,24.76,0.0
40.0,4.0,11.8,8.4,6.0,0.0,15.0,6.0,14.72,1.29,41.46,1.0
32.0,7.0,6.56,6.24,6.0,9.0,5.0,6.0,9.86,1.52,50.33,1.0
41.0,13.0,5.5,8.67,5.0,2.0,8.0,4.0,7.02,0.15,28.92,0.0
30.0,4.0,7.5,6.04,1.0,9.0,7.0,1.0,11.84,0.48,42.07,1.0
38.0,7.0,9.98,4.89,4.0,8.0,21.0,9.0,12.67,1.54,79.29,2.0
27.0,5.0,5.42,6.75,2.0,16.0,15.0,4.0,9.3,0.74,42.77,1.0
39.0,15.0,10.48,6.94,5.0,14.0,7.0,0.0,13.2,1.82,61.7,1.0
27.0,3.0,12.63,7.18,0.0,2.0,23.0,9.0,13.63,1.04,44.8,1.0
29.0,11.0,6.93,6.06,4.0,2.0,25.0,5.0,9.53,0.0,39.87,1.0
35.0,10.0,8.5,4.24,4.0,3.0,21.0,1.0,10.09,1.4,35.63,1.0
38.0,2.0,6.28,7.13,1.0,3.0,17.0,0.0,8.87,1.03,0.0,0.0
42.0,11.0,7.61,8.67,5.0,16.0,4.0,0.0,9.9,0.63,38.72,1.0
30.0,4.0,4.22,8.79,5.0,5.0,19.0,0.0,6.03,0.04,22.66,0.0
32.0,5.0,13.54,6.98,3.0,10.0,11.0,3.0,15.04,0.4,78.49,2.0
28.0,18.0,8.16,4.1,3.0,11.0,5.0,4.0,12.07,0.32,72.19,2.0
39.0,17.0,11.89,4.53,3.0,6.0,1.0,4.0,15.91,1.17,61.02,1.0
43.0,15.0,5.43,8.17,5.0,12.0,3.0,0.0,7.49,1.54,3.97,0.0
32.0,10.0,12.12,8.15,5.0,5.0,15.0,5.0,15.1,0.47,75.66,2.0
35.0,4.0,12.6,8.73,3.0,9.0,28.0,2.0,15.46,1.4,29.75,0.0
26.0,8.0,11.15,6.82,2.0,13.0,23.0,3.0,13.57,1.8,55.17,1.0
38.0,2.0,13.03,8.32,6.0,13.0,13.0,4.0,15.14,1.24,62.18,1.0
31.0,7.0,5.67,8.12,6.0,9.0,16.0,3.0,7.41,1.55,41.04,1.0
34.0,5.0,8.76,6.95,6.0,4.0,18.0,3.0,13.25,0.41,46.26,1.0
42.0,3.0,8.99,7.92,7.0,1.0,3.0,9.0,14.53,0.15,60.25,1.0
33.0,11.0,9.96,4.63,0.0,5.0,17.0,0.0,12.63,0.73,43.76,1.0
30.0,11.0,12.61,7.2,0.0,10.0,11.0,1.0,16.49,1.42,46.45,1.0
29.0,15.0,6.16,8.77,2.0,17.0,1.0,1.0,9.15,1.37,23.82,0.0
30.0,9.0,5.76,4.81,1.0,10.0,5.0,1.0,7.1,1.91,13.2,0.0
25.0,13.0,6.53,7.72,6.0,14.0,5.0,9.0,10.82,1.26,49.38,1.0
21.0,12.0,12.92,5.6,6.0,2.0,2.0,0.0,14.8,0.82,64.81,1.0
30.0,8.0,13.41,8.09,4.0,1.0,7.0,9.0,17.24,1.59,68.42,1.0
38.0,6.0,9.7,7.49,5.0,6.0,11.0,7.0,12.81,0.31,43.03,1.0
25.0,11.0,9.01,8.63,4.0,4.0,2.0,0.0,12.77,1.63,17.87,0.0
33.0,4.0,10.05,7.56,5.0,12.0,1.0,7.0,12.93,0.73,72.42,2.0
39.0,17.0,10.16,6.05,7.0,7.0,20.0,5.0,13.97,0.31,46.55,1.0
25.0,3.0,5.7,4.05,0.0,8.0,28.0,9.0,6.83,0.32,45.55,1.0
36.0,1.0,10.86,7.96,7.0,7.0,22.0,2.0,12.02,1.97,47.62,1.0
29.0,2.0,8.52,6.04,7.0,9.0,0.0,8.0,13.11,1.25,61.22,1.0
20.0,11.0,9.17,6.46,2.0,1.0,17.0,7.0,13.17,0.35,42.02,1.0
22.0,2.0,4.3,4.53,1.0,9.0,17.0,1.0,8.61,0.54,12.88,0.0
27.0,3.0,11.65,8.45,0.0,10.0,7.0,3.0,14.48,0.74,43.91,1.0
27.0,5.0,12.35,6.18,2.0,10.0,25.0,7.0,15.19,0.11,78.71,2.0
39.0,11.0,10.19,8.6,4.0,4.0,21.0,8.0,13.33,0.22,53.795,1.0
41.0,18.0,11.49,7.54,3.0,13.0,14.0,6.0,13.46,1.52,81.15,2.0
34.0,9.0,9.23,4.61,4.0,2.0,28.0,0.0,13.16,1.57,26.34,0.0
43.0,0.0,10.18,6.9,4.0,19.0,12.0,7.0,14.5,1.98,89.83,2.0
26.0,16.0,7.95,8.55,6.0,9.0,14.0,0.0,12.58,0.14,0.0,0.0
30.0,15.0,11.92,8.0,1.0,17.0,14.0,8.0,14.99,1.78,78.72,2.0
26.0,8.0,8.68,6.09,0.0,0.0,12.0,5.0,11.34,0.63,15.94,0.0
23.0,8.0,10.8,8.78,7.0,0.0,3.0,3.0,15.12,0.66,50.91,1.0
44.0,8.0,10.21,5.34,3.0,16.0,3.0,9.0,14.22,0.25,100.0,2.0
31.0,11.0,11.02,5.88,2.0,5.0,4.0,3.0,15.49,1.97,44.37,1.0
25.0,8.0,11.85,7.75,3.0,12.0,2.0,3.0,15.47,1.96,74.67,2.0
33.0,14.0,9.13,5.16,0.0,0.0,14.0,5.0,13.66,1.73,23.39,0.0
31.0,1.0,12.13,6.58,1.0,5.0,29.0,1.0,13.49,0.18,58.25,1.0
30.0,10.0,8.97,7.64,0.0,7.0,19.0,5.0,12.69,1.68,37.35,1.0
38.0,10.0,13.57,7.22,2.0,12.0,11.0,3.0,14.93,1.27,68.09,1.0
40.0,7.0,11.53,4.78,3.0,1.0,19.0,7.0,15.53,0.26,66.14,1.0
24.0,5.0,5.71,7.15,4.0,7.0,6.0,1.0,9.22,0.52,25.67,0.0
33.0,19.0,12.3,6.86,0.0,0.0,6.0,5.0,13.36,1.38,50.22,1.0
40.0,6.0,9.52,6.79,7.0,12.0,0.0,9.0,12.92,1.61,80.83,2.0
43.0,2.0,13.84,8.13,5.0,0.0,11.0,1.0,15.43,1.7,62.57,1.0
35.0,7.0,11.19,4.92,1.0,9.0,2.0,8.0,12.76,1.09,94.87,2.0
44.0,17.0,4.84,7.76,1.0,4.0,14.0,8.0,6.44,1.07,30.29,0.0
32.0,16.0,7.95,7.8,3.0,19.0,8.0,5.0,10.89,1.37,81.38,2.0
44.0,10.0,9.17,7.61,4.0,12.0,21.0,9.0,10.63,1.56,55.65,1.0
41.0,1.0,12.39,6.53,2.0,4.0,21.0,4.0,13.89,0.34,66.36,1.0
41.0,18.0,11.29,5.98,4.0,9.0,19.0,6.0,13.31,1.48,77.75,2.0
44.0,10.0,7.69,5.97,7.0,2.0,25.0,7.0,8.69,0.68,46.05,1.0
39.0,17.0,10.53,7.67,3.0,1.0,8.0,7.0,12.63,0.77,68.68,1.0
41.0,7.0,9.77,6.49,4.0,1.0,13.0,2.0,13.24,0.16,54.27,1.0
23.0,13.0,5.26,5.69,3.0,4.0,27.0,2.0,8.67,1.18,23.0,0.0
30.0,6.0,8.99,7.13,4.0,3.0,2.0,5.0,11.23,0.19,21.2,0.0
36.0,3.0,7.41,8.19,0.0,1.0,7.0,4.0,8.89,1.02,0.0,0.0
26.0,16.0,5.95,4.31,1.0,8.0,28.0,1.0,10.41,1.24,16.98,0.0
33.0,4.0,5.5,8.86,3.0,8.0,5.0,4.0,8.06,1.98,32.55,0.0
30.0,11.0,4.58,4.48,3.0,8.0,11.0,0.0,7.13,0.49,21.8,0.0
41.0,8.0,12.73,6.56,1.0,3.0,1.0,6.0,15.13,1.36,68.14,1.0
28.0,19.0,6.89,6.8,5.0,7.0,2.0,6.0,8.39,1.93,43.25,1.0
42.0,12.0,6.9,4.69,5.0,17.0,13.0,0.0,9.81,0.6,36.49,1.0
32.0,17.0,6.06,8.58,2.0,8.0,16.0,2.0,10.21,0.19,53.795,0.0
42.0,19.0,8.75,6.36,3.0,2.0,2.0,7.0,13.25,1.27,33.38,0.0
37.0,8.0,9.14,4.72,0.0,5.0,3.0,8.0,13.99,0.73,65.5,1.0
30.0,3.0,6.08,7.56,4.0,18.0,14.0,2.0,10.22,0.55,56.29,1.0
34.0,7.0,10.09,7.32,0.0,4.0,29.0,5.0,13.58,1.99,32.37,0.0
44.0,0.0,11.23,8.81,3.0,16.0,21.0,5.0,14.22,1.51,81.77,2.0
44.0,16.0,7.74,6.21,2.0,18.0,25.0,5.0,12.24,0.97,74.83,2.0
41.0,8.0,9.85,5.34,7.0,2.0,29.0,4.0,13.81,1.02,53.11,1.0
38.0,19.0,9.02,4.3,7.0,7.0,6.0,5.0,10.67,0.38,74.46,2.0
20.0,12.0,5.96,7.67,7.0,8.0,18.0,5.0,9.69,0.6,33.2,0.0
23.0,1.0,11.3,6.46,3.0,7.0,13.0,9.0,14.02,0.97,66.93,1.0
33.0,12.0,12.01,8.86,7.0,13.0,15.0,5.0,15.39,0.99,80.75,2.0
33.0,8.0,10.49,7.56,2.0,9.0,26.0,7.0,15.08,0.05,65.55,1.0
22.0,19.0,7.24,8.67,1.0,16.0,14.0,5.0,10.85,1.89,53.795,0.0
36.0,5.0,13.27,8.96,4.0,2.0,22.0,2.0,18.02,1.09,47.22,1.0
22.0,10.0,8.55,6.14,7.0,2.0,28.0,6.0,13.02,0.04,50.8,1.0
35.0,4.0,6.66,4.75,7.0,2.0,19.0,5.0,8.18,1.4,32.33,0.0
33.0,2.0,8.08,4.98,7.0,3.0,16.0,8.0,9.13,0.14,52.83,1.0
39.0,3.0,10.92,5.59,0.0,16.0,16.0,3.0,13.46,1.44,64.11,1.0
32.0,0.0,12.46,6.54,2.0,13.0,23.0,0.0,16.92,1.4,61.69,1.0
32.0,13.0,7.57,4.61,0.0,1.0,9.0,5.0,9.49,1.97,24.25,0.0
33.0,8.0,6.33,5.51,6.0,11.0,6.0,8.0,10.1,1.02,67.27,1.0
43.0,3.0,10.26,5.54,1.0,4.0,19.0,7.0,13.16,0.29,56.07,1.0
44.0,17.0,8.99,4.02,3.0,1.0,16.0,1.0,17.19,0.18,65.98,1.0
38.0,13.0,5.83,5.77,2.0,11.0,21.0,2.0,7.49,0.14,35.9,1.0
25.0,3.0,12.03,4.58,4.0,8.0,26.0,7.0,13.99,1.62,62.37,1.0
29.0,9.0,8.77,6.15,6.0,8.0,11.0,8.0,10.74,1.44,52.06,1.0
40.0,6.0,8.99,8.11,5.0,0.0,9.0,9.0,11.22,0.62,59.36,1.0
41.0,9.0,7.77,4.4,3.0,6.0,14.0,0.0,12.02,1.61,21.65,0.0
39.0,12.0,10.97,8.33,3.0,17.0,21.0,2.0,13.36,0.19,70.51,2.0
25.0,3.0,13.01,6.9,4.0,9.0,27.0,7.0,16.65,1.81,79.47,2.0
42.0,17.0,7.2,6.29,4.0,14.0,21.0,0.0,11.99,0.1,34.17,0.0
44.0,10.0,8.61,6.75,1.0,8.0,7.0,6.0,12.04,1.58,41.45,1.0
29.0,3.0,6.29,5.88,6.0,10.0,29.0,3.0,8.26,0.61,47.43,1.0
26.0,13.0,5.83,4.64,6.0,0.0,14.0,6.0,10.15,0.36,35.99,1.0
41.0,17.0,11.78,7.83,0.0,10.0,21.0,3.0,12.83,1.41,55.2,1.0
36.0,7.0,6.01,8.64,7.0,0.0,17.0,7.0,8.04,1.79,26.83,0.0
37.0,9.0,11.93,8.75,2.0,4.0,22.0,5.0,14.48,1.53,46.12,1.0
36.0,4.0,8.29,7.35,1.0,17.0,12.0,9.0,10.07,0.63,81.08,2.0
28.0,6.0,13.95,6.05,0.0,0.0,25.0,9.0,17.37,0.71,68.96,1.0
29.0,11.0,5.97,6.39,6.0,9.0,15.0,7.0,9.2,0.38,54.52,1.0
29.0,2.0,4.93,7.28,7.0,12.0,29.0,0.0,7.56,1.65,28.11,0.0
44.0,3.0,4.75,8.12,7.0,7.0,12.0,8.0,6.93,0.21,31.24,0.0
32.0,9.0,12.35,5.87,1.0,12.0,3.0,8.0,15.09,1.81,85.02,2.0
35.0,3.0,8.38,8.58,5.0,19.0,10.0,5.0,10.54,1.2,58.45,1.0
37.0,14.0,4.03,5.62,4.0,1.0,26.0,8.0,5.92,1.18,23.64,0.0
25.0,9.0,12.75,6.65,4.0,11.0,18.0,5.0,15.16,1.68,79.22,2.0
39.0,15.0,12.77,8.81,3.0,12.0,7.0,5.0,16.18,1.34,71.38,2.0
20.0,14.0,12.06,8.69,7.0,7.0,9.0,3.0,15.65,0.61,45.28,1.0
20.0,18.0,6.48,7.48,2.0,14.0,11.0,2.0,8.67,0.7,22.86,0.0
31.0,19.0,7.73,5.62,2.0,6.0,27.0,2.0,12.52,0.35,26.46,0.0
40.0,18.0,11.45,5.1,2.0,6.0,20.0,1.0,13.5,0.93,53.21,1.0
21.0,17.0,8.89,4.4,1.0,16.0,19.0,3.0,12.74,0.22,81.82,2.0
23.0,11.0,5.54,7.54,1.0,18.0,10.0,8.0,6.87,1.31,48.17,1.0
36.0,15.0,6.43,6.52,2.0,2.0,19.0,6.0,12.02,0.34,20.95,0.0
23.0,0.0,13.73,6.86,3.0,6.0,20.0,2.0,16.57,1.73,47.19,1.0
30.0,15.0,5.51,6.36,0.0,11.0,27.0,5.0,8.79,1.4,42.48,1.0
41.0,1.0,11.26,6.46,5.0,13.0,3.0,8.0,13.0,1.78,92.51,2.0
23.0,14.0,8.99,6.86,1.0,1.0,18.0,0.0,11.51,0.17,29.79,0.0
20.0,6.0,11.49,8.57,2.0,6.0,19.0,0.0,15.56,1.6,24.42,0.0
26.0,0.0,10.61,4.15,4.0,15.0,9.0,8.0,14.68,1.76,74.48,2.0
37.0,4.0,8.39,8.01,1.0,8.0,14.0,8.0,10.34,0.09,52.3,1.0
28.0,9.0,7.54,5.95,0.0,0.0,12.0,6.0,9.95,2.0,36.72,1.0
22.0,3.0,11.54,7.72,1.0,11.0,12.0,2.0,12.56,0.6,58.14,1.0
27.0,13.0,7.23,8.74,0.0,1.0,20.0,3.0,8.59,0.42,0.0,0.0
43.0,12.0,11.88,5.53,0.0,17.0,27.0,6.0,13.39,0.83,84.46,2.0
38.0,0.0,10.8,4.45,1.0,13.0,17.0,8.0,12.97,0.02,78.0,2.0
23.0,15.0,9.78,5.16,0.0,11.0,6.0,7.0,13.82,1.77,65.71,1.0
37.0,8.0,7.69,5.11,7.0,17.0,29.0,7.0,10.73,0.54,83.88,2.0
39.0,15.0,6.05,7.71,4.0,4.0,13.0,0.0,10.22,1.04,1.48,0.0
30.0,18.0,8.99,4.31,1.0,6.0,4.0,5.0,15.12,1.25,54.7,1.0
33.0,14.0,4.91,4.25,3.0,3.0,8.0,5.0,8.26,1.58,30.91,0.0
44.0,13.0,13.71,7.47,4.0,12.0,29.0,4.0,16.71,0.5,92.11,2.0
37.0,19.0,13.79,6.78,7.0,15.0,21.0,0.0,18.52,1.43,94.86,2.0
35.0,9.0,5.3,6.09,5.0,9.0,26.0,2.0,8.58,0.24,51.07,1.0
22.0,11.0,5.04,6.88,7.0,18.0,16.0,3.0,7.97,1.41,62.34,1.0
34.0,0.0,8.13,7.68,0.0,3.0,24.0,9.0,12.61,1.84,23.62,0.0
23.0,16.0,13.64,4.52,7.0,19.0,4.0,6.0,14.93,0.17,100.0,2.0
24.0,8.0,8.0,6.77,1.0,19.0,15.0,4.0,11.62,0.23,54.19,1.0
36.0,18.0,7.64,8.12,0.0,0.0,8.0,1.0,9.09,1.11,0.0,0.0
26.0,17.0,11.04,5.81,1.0,12.0,16.0,2.0,15.32,0.09,53.25,1.0
35.0,6.0,5.79,7.82,5.0,19.0,29.0,0.0,9.96,0.37,60.11,1.0
33.0,8.0,7.63,8.23,6.0,19.0,17.0,5.0,10.64,0.38,64.6,1.0
35.0,11.0,6.91,8.1,1.0,8.0,2.0,7.0,10.55,0.96,34.94,0.0
26.0,6.0,10.02,7.25,1.0,9.0,27.0,3.0,14.11,0.5,32.14,0.0
28.0,13.0,5.63,7.59,4.0,5.0,4.0,1.0,8.56,0.95,0.0,0.0
23.0,14.0,9.49,7.94,0.0,6.0,29.0,3.0,14.11,1.04,48.49,1.0
41.0,14.0,12.58,7.67,4.0,15.0,21.0,9.0,15.33,1.46,87.53,2.0
30.0,5.0,9.14,6.26,7.0,16.0,20.0,3.0,13.71,1.89,89.15,2.0
21.0,13.0,10.83,4.8,7.0,0.0,14.0,4.0,14.16,1.01,54.4,1.0
31.0,1.0,4.75,5.55,4.0,8.0,19.0,5.0,7.45,0.71,15.56,0.0
31.0,7.0,8.49,5.04,7.0,13.0,14.0,8.0,9.51,0.52,83.91,2.0
23.0,12.0,4.95,5.81,6.0,14.0,3.0,6.0,7.13,1.27,53.9,1.0
37.0,5.0,9.99,6.45,7.0,3.0,3.0,8.0,14.46,1.89,60.14,1.0
40.0,4.0,6.81,8.8,6.0,7.0,20.0,6.0,9.52,1.53,34.5,0.0
26.0,4.0,6.87,8.8,4.0,14.0,23.0,9.0,9.56,0.41,44.96,1.0
20.0,0.0,4.77,7.85,4.0,3.0,20.0,3.0,7.73,1.79,53.795,0.0
42.0,8.0,7.1,8.9,3.0,18.0,6.0,4.0,9.25,1.47,58.19,1.0
32.0,5.0,9.07,8.99,0.0,2.0,7.0,6.0,12.04,0.26,49.76,1.0
25.0,19.0,9.85,8.43,0.0,7.0,21.0,5.0,12.35,1.43,34.51,0.0
25.0,6.0,4.67,4.4,1.0,1.0,21.0,8.0,9.31,0.58,12.56,0.0
31.0,8.0,10.51,6.13,0.0,7.0,29.0,2.0,13.77,0.98,55.17,1.0
27.0,4.0,8.89,6.67,5.0,7.0,1.0,7.0,13.23,0.6,51.29,1.0
43.0,13.0,9.37,4.62,4.0,16.0,28.0,9.0,13.12,0.17,98.0,2.0
41.0,4.0,12.33,8.04,2.0,15.0,28.0,3.0,14.18,1.54,59.55,1.0
38.0,7.0,7.42,4.74,6.0,15.0,9.0,8.0,11.89,1.66,70.9,2.0
24.0,6.0,5.74,5.92,0.0,15.0,4.0,0.0,7.09,0.46,24.09,0.0
37.0,12.0,9.52,4.34,6.0,6.0,16.0,4.0,12.31,0.48,77.81,2.0
24.0,12.0,13.45,6.62,6.0,14.0,24.0,3.0,15.41,0.86,89.99,2.0
44.0,7.0,9.18,6.99,2.0,16.0,6.0,5.0,12.33,1.62,61.15,1.0
29.0,10.0,12.32,7.68,7.0,2.0,1.0,5.0,14.52,0.15,63.51,1.0
20.0,17.0,11.57,5.7,6.0,0.0,5.0,0.0,15.46,1.62,42.8,1.0
29.0,18.0,9.18,6.95,5.0,7.0,9.0,7.0,13.93,1.85,42.0,1.0
24.0,5.0,10.48,7.67,3.0,6.0,8.0,2.0,14.32,1.12,45.35,1.0
31.0,1.0,8.07,7.81,1.0,17.0,27.0,6.0,12.02,0.12,74.6,2.0
41.0,12.0,9.31,5.51,1.0,4.0,4.0,6.0,12.71,0.54,52.01,1.0
26.0,10.0,9.07,4.34,1.0,14.0,2.0,8.0,13.62,0.22,89.55,2.0
28.0,0.0,11.09,4.19,3.0,6.0,10.0,6.0,13.17,0.52,68.02,1.0
41.0,1.0,8.1,7.84,4.0,9.0,9.0,7.0,9.57,1.62,52.13,1.0
40.0,16.0,5.0,5.93,6.0,15.0,15.0,3.0,6.52,0.11,47.86,1.0
31.0,7.0,11.89,4.67,2.0,1.0,26.0,9.0,14.87,0.57,54.45,1.0
42.0,1.0,8.99,4.92,0.0,17.0,19.0,3.0,14.78,1.03,70.07,2.0
20.0,5.0,13.5,7.83,4.0,14.0,18.0,9.0,17.13,1.75,100.0,2.0
30.0,4.0,8.29,6.99,1.0,18.0,0.0,7.0,11.11,0.5,56.65,1.0
40.0,15.0,8.99,6.51,7.0,19.0,25.0,3.0,8.7,1.56,67.38,1.0
34.0,7.0,5.22,7.12,1.0,13.0,29.0,3.0,8.76,1.17,23.25,0.0
21.0,18.0,11.73,4.69,6.0,1.0,10.0,9.0,15.24,1.35,79.77,2.0
39.0,15.0,4.68,5.6,4.0,17.0,28.0,2.0,6.49,1.72,55.58,1.0
26.0,12.0,13.08,5.87,2.0,8.0,14.0,2.0,15.33,0.05,85.95,2.0
40.0,19.0,6.82,5.57,4.0,0.0,6.0,3.0,9.2,1.06,39.6,1.0
31.0,6.0,12.99,8.32,3.0,15.0,7.0,1.0,17.22,1.49,55.63,1.0
41.0,15.0,11.74,6.91,1.0,11.0,15.0,2.0,15.84,1.77,63.65,1.0
37.0,15.0,12.71,7.65,2.0,11.0,17.0,1.0,14.72,0.27,53.795,1.0
22.0,11.0,6.14,5.18,7.0,18.0,23.0,5.0,7.36,0.68,62.19,1.0
26.0,13.0,9.96,5.32,6.0,9.0,27.0,2.0,14.03,0.16,57.85,1.0
30.0,17.0,4.94,5.13,0.0,19.0,24.0,1.0,7.58,1.67,49.48,1.0
37.0,17.0,6.02,7.44,6.0,4.0,22.0,8.0,7.9,1.71,31.09,0.0
31.0,15.0,7.1,5.75,7.0,2.0,10.0,7.0,8.57,0.97,38.86,1.0
25.0,19.0,11.41,6.03,7.0,8.0,0.0,4.0,12.46,0.04,90.74,2.0
24.0,15.0,4.25,7.55,1.0,14.0,15.0,8.0,6.96,0.2,42.69,1.0
20.0,12.0,13.03,8.86,6.0,13.0,3.0,4.0,15.39,1.25,80.0,2.0
31.0,8.0,4.71,4.81,4.0,10.0,22.0,4.0,8.5,1.97,25.05,0.0
30.0,8.0,7.76,4.31,2.0,12.0,14.0,3.0,12.67,1.68,46.21,1.0
23.0,12.0,4.81,4.97,1.0,6.0,10.0,2.0,6.64,1.6,14.15,0.0
37.0,3.0,11.69,7.67,0.0,1.0,29.0,9.0,12.02,0.84,46.78,1.0
23.0,8.0,5.41,4.97,0.0,2.0,23.0,8.0,7.76,1.97,24.51,0.0
36.0,14.0,12.85,6.92,5.0,19.0,5.0,3.0,15.71,1.65,76.43,2.0
21.0,13.0,9.3,6.95,4.0,7.0,9.0,6.0,13.09,0.67,54.59,1.0
43.0,18.0,13.48,5.47,3.0,0.0,5.0,4.0,15.89,1.5,67.42,1.0
41.0,11.0,6.9,4.34,7.0,3.0,9.0,6.0,8.32,0.87,34.06,0.0
21.0,5.0,8.54,6.0,4.0,12.0,21.0,7.0,12.46,1.32,63.78,1.0
31.0,2.0,10.94,4.93,2.0,13.0,22.0,7.0,15.12,1.94,71.47,2.0
25.0,19.0,12.32,4.92,4.0,8.0,4.0,9.0,14.31,0.49,84.69,2.0
29.0,15.0,8.21,6.61,2.0,2.0,27.0,5.0,9.76,1.59,49.19,1.0
42.0,16.0,5.18,4.38,7.0,3.0,14.0,1.0,7.01,1.9,16.98,0.0
44.0,15.0,11.09,6.89,7.0,16.0,6.0,7.0,13.59,0.27,79.99,2.0
40.0,5.0,7.48,5.23,5.0,14.0,16.0,4.0,11.59,1.44,74.49,2.0
42.0,7.0,5.01,7.37,5.0,11.0,26.0,7.0,6.89,0.07,52.23,1.0
35.0,18.0,7.87,8.05,3.0,13.0,11.0,5.0,12.02,0.49,40.15,1.0
26.0,13.0,13.81,5.85,4.0,9.0,29.0,0.0,15.69,0.86,68.4,1.0
38.0,11.0,8.99,6.84,0.0,4.0,24.0,8.0,11.04,1.93,52.19,1.0
42.0,16.0,12.86,7.97,2.0,16.0,10.0,8.0,16.32,0.14,88.04,2.0
36.0,14.0,9.1,4.3,6.0,16.0,5.0,2.0,12.02,0.34,81.14,2.0
28.0,17.0,11.17,7.03,2.0,2.0,26.0,4.0,12.75,0.41,39.77,1.0
32.0,15.0,4.45,8.18,0.0,15.0,23.0,6.0,7.57,0.85,38.02,1.0
41.0,12.0,9.57,5.86,7.0,8.0,24.0,7.0,13.35,0.12,53.795,1.0
24.0,16.0,4.7,6.46,6.0,16.0,10.0,6.0,7.56,1.93,57.12,1.0
42.0,7.0,6.69,7.49,4.0,19.0,10.0,2.0,7.97,1.12,52.31,1.0
24.0,0.0,9.67,4.34,3.0,11.0,13.0,6.0,14.37,1.63,60.59,1.0
29.0,2.0,12.07,5.93,1.0,1.0,15.0,0.0,12.02,1.54,0.0,0.0
40.0,15.0,9.61,5.48,4.0,19.0,1.0,4.0,13.09,1.32,93.78,2.0
29.0,1.0,13.36,4.08,5.0,15.0,1.0,8.0,16.93,1.81,88.03,2.0
26.0,14.0,12.1,4.98,6.0,5.0,4.0,1.0,12.02,1.8,69.2,1.0
34.0,0.0,5.56,5.98,7.0,1.0,13.0,2.0,10.5,0.26,53.795,0.0
26.0,8.0,7.89,4.99,4.0,8.0,20.0,8.0,9.42,1.8,62.3,1.0
34.0,15.0,10.68,7.01,2.0,4.0,27.0,2.0,14.64,1.05,44.26,1.0
22.0,3.0,13.38,6.24,2.0,17.0,9.0,7.0,16.06,0.54,100.0,2.0
38.0,11.0,13.88,4.2,3.0,17.0,9.0,5.0,18.4,1.22,90.66,2.0
29.0,10.0,11.63,5.38,5.0,9.0,17.0,6.0,15.5,0.56,79.44,2.0
34.0,0.0,9.74,4.1,6.0,9.0,25.0,4.0,12.99,0.96,59.86,1.0
22.0,6.0,11.57,5.79,3.0,9.0,19.0,9.0,16.32,1.63,67.1,1.0
25.0,17.0,6.73,5.3,3.0,17.0,8.0,6.0,11.38,0.06,71.08,2.0
31.0,14.0,6.84,7.44,0.0,15.0,3.0,9.0,8.05,0.37,67.99,1.0
34.0,10.0,10.54,5.54,6.0,5.0,16.0,9.0,12.31,1.91,94.85,2.0
25.0,15.0,12.72,5.88,1.0,11.0,20.0,2.0,16.42,0.89,63.43,1.0
32.0,6.0,13.7,7.63,1.0,3.0,1.0,4.0,18.39,0.61,54.23,1.0
38.0,15.0,7.41,6.4,6.0,19.0,13.0,5.0,10.13,1.85,67.15,1.0
22.0,12.0,11.97,6.78,5.0,15.0,21.0,8.0,12.02,1.82,89.27,2.0
27.0,13.0,12.52,8.21,3.0,10.0,0.0,3.0,16.09,0.09,66.83,1.0
27.0,16.0,10.23,5.03,7.0,0.0,22.0,7.0,12.01,0.72,50.88,1.0
42.0,11.0,7.48,8.95,2.0,4.0,6.0,7.0,10.69,1.83,0.0,0.0
39.0,19.0,10.19,8.5,1.0,16.0,3.0,9.0,12.73,0.36,73.45,2.0
34.0,12.0,9.84,5.43,7.0,10.0,8.0,5.0,13.07,1.16,90.29,2.0
23.0,19.0,10.07,8.46,6.0,13.0,2.0,7.0,14.8,0.64,73.04,2.0
38.0,14.0,10.19,7.77,7.0,8.0,4.0,4.0,13.13,1.47,53.19,1.0
40.0,3.0,12.47,8.65,6.0,9.0,20.0,0.0,13.61,0.32,55.93,1.0
22.0,1.0,5.7,7.46,4.0,3.0,14.0,3.0,9.02,1.19,8.72,0.0
32.0,17.0,7.67,7.37,0.0,1.0,9.0,5.0,9.97,0.0,24.88,0.0
27.0,1.0,9.86,4.02,2.0,5.0,9.0,8.0,13.97,1.02,69.12,1.0
42.0,14.0,6.83,6.37,0.0,2.0,3.0,3.0,9.71,0.32,20.47,0.0
35.0,18.0,13.78,5.0,4.0,9.0,16.0,5.0,17.75,0.42,94.92,2.0
32.0,14.0,6.63,5.62,1.0,11.0,26.0,9.0,11.27,1.72,54.1,1.0
22.0,19.0,8.7,6.46,0.0,17.0,20.0,4.0,11.15,1.83,44.17,1.0
35.0,9.0,12.77,4.43,5.0,5.0,16.0,8.0,17.73,1.51,93.94,2.0
28.0,19.0,4.8,7.61,0.0,9.0,18.0,9.0,6.4,1.18,51.6,1.0
33.0,10.0,12.21,4.86,0.0,5.0,5.0,5.0,15.79,0.46,47.42,1.0
32.0,9.0,9.71,4.04,7.0,4.0,0.0,2.0,10.85,0.55,52.08,1.0
40.0,4.0,4.32,6.51,6.0,14.0,25.0,5.0,6.17,0.62,13.27,0.0
44.0,10.0,13.03,4.81,4.0,14.0,13.0,2.0,12.02,1.55,85.14,2.0
26.0,19.0,4.39,8.83,6.0,11.0,29.0,5.0,5.57,0.51,45.55,1.0
34.0,18.0,9.15,5.02,2.0,8.0,12.0,9.0,10.56,1.95,64.03,1.0
26.0,10.0,4.49,4.96,7.0,12.0,2.0,7.0,6.65,1.59,54.88,1.0
25.0,10.0,4.71,4.16,6.0,15.0,22.0,7.0,8.01,2.0,54.15,1.0
21.0,16.0,12.87,5.65,2.0,1.0,1.0,4.0,13.93,0.92,57.03,1.0
28.0,5.0,11.66,4.12,4.0,16.0,21.0,0.0,14.59,1.18,75.17,2.0
41.0,9.0,5.97,6.49,7.0,8.0,6.0,0.0,9.47,0.56,41.93,1.0
43.0,1.0,10.2,6.53,6.0,18.0,27.0,6.0,12.81,1.21,100.0,2.0
36.0,5.0,11.95,4.27,4.0,5.0,11.0,1.0,13.22,1.95,61.5,1.0
24.0,12.0,12.9,5.2,7.0,3.0,1.0,3.0,16.34,0.06,95.06,2.0
31.0,17.0,8.68,8.16,0.0,14.0,10.0,9.0,12.1,0.58,69.4,1.0
20.0,6.0,12.97,6.31,3.0,17.0,15.0,4.0,15.99,0.56,92.18,2.0
29.0,1.0,9.08,6.17,7.0,11.0,26.0,7.0,12.85,1.96,67.76,1.0
30.0,13.0,10.88,7.49,5.0,11.0,4.0,9.0,12.71,0.27,85.81,2.0
35.0,4.0,13.79,7.57,1.0,19.0,25.0,8.0,17.5,1.62,97.95,2.0
33.0,10.0,6.36,7.81,1.0,16.0,27.0,0.0,8.01,0.55,45.05,1.0
27.0,10.0,5.69,8.15,2.0,6.0,25.0,8.0,8.26,1.72,25.48,0.0
43.0,9.0,7.42,5.16,4.0,19.0,16.0,4.0,8.69,0.98,59.1,1.0
36.0,10.0,5.64,4.33,7.0,9.0,2.0,3.0,9.92,0.48,39.18,1.0
44.0,1.0,6.84,5.9,0.0,11.0,13.0,9.0,12.02,1.42,53.795,1.0
37.0,14.0,11.43,8.28,6.0,16.0,15.0,4.0,16.31,1.68,69.49,1.0
31.0,6.0,8.78,4.39,5.0,1.0,14.0,5.0,13.55,0.94,40.4,1.0
44.0,8.0,7.75,6.88,1.0,3.0,27.0,7.0,12.74,1.43,33.44,0.0
36.0,4.0,7.69,7.51,4.0,1.0,18.0,9.0,9.1,0.36,34.79,0.0
33.0,6.0,5.95,6.41,4.0,13.0,3.0,4.0,9.38,1.02,48.16,1.0
35.0,19.0,8.47,5.28,7.0,13.0,27.0,9.0,11.1,0.19,83.5,2.0
33.0,1.0,10.25,5.63,0.0,12.0,27.0,4.0,13.38,0.44,43.38,1.0
28.0,2.0,5.39,4.36,7.0,16.0,20.0,0.0,7.63,0.58,48.55,1.0
23.0,1.0,13.73,5.46,7.0,16.0,19.0,8.0,14.92,0.31,100.0,2.0
44.0,18.0,8.43,4.22,5.0,17.0,19.0,2.0,12.26,0.81,74.55,2.0
42.0,3.0,13.48,7.63,4.0,2.0,24.0,0.0,18.34,0.92,49.59,1.0
30.0,19.0,5.35,8.49,1.0,15.0,24.0,4.0,8.48,1.04,23.53,0.0
25.0,6.0,11.67,7.17,3.0,18.0,8.0,9.0,13.99,0.08,90.65,2.0
34.0,6.0,10.18,7.28,1.0,5.0,10.0,2.0,14.93,0.44,37.29,1.0
24.0,16.0,12.2,6.36,5.0,5.0,4.0,5.0,14.66,1.62,65.5,1.0
30.0,18.0,10.01,4.78,3.0,17.0,10.0,6.0,12.02,1.62,85.56,2.0
44.0,15.0,13.63,4.04,6.0,8.0,12.0,3.0,18.05,0.66,95.2,2.0
37.0,2.0,8.99,5.72,6.0,17.0,20.0,3.0,13.38,0.92,62.11,1.0
32.0,14.0,11.85,7.76,4.0,5.0,1.0,1.0,15.56,0.37,57.06,1.0
30.0,13.0,12.78,8.8,1.0,8.0,21.0,1.0,16.58,1.64,49.69,1.0
33.0,14.0,11.15,6.16,0.0,17.0,1.0,6.0,14.71,1.91,82.06,2.0
37.0,13.0,9.24,5.83,5.0,15.0,9.0,4.0,10.88,0.58,69.76,1.0
44.0,6.0,6.73,6.23,4.0,12.0,12.0,4.0,10.5,1.56,47.48,1.0
38.0,2.0,12.54,6.14,0.0,9.0,4.0,1.0,13.55,1.02,62.57,1.0
43.0,16.0,8.81,7.13,3.0,7.0,10.0,6.0,12.65,0.01,51.64,1.0
34.0,9.0,10.21,7.67,6.0,16.0,28.0,1.0,13.43,1.2,53.795,2.0
28.0,14.0,4.79,7.92,2.0,8.0,14.0,4.0,6.83,0.82,8.35,0.0
27.0,5.0,8.97,7.25,2.0,5.0,27.0,4.0,13.19,1.52,41.45,1.0
39.0,16.0,10.98,6.46,3.0,0.0,27.0,2.0,13.6,1.5,39.59,1.0
20.0,16.0,9.84,8.75,2.0,0.0,4.0,1.0,12.78,1.89,26.95,0.0
23.0,13.0,8.49,7.56,7.0,12.0,19.0,2.0,9.6,0.88,71.2,2.0
33.0,17.0,6.23,6.13,5.0,6.0,4.0,4.0,8.84,0.97,33.86,0.0
44.0,4.0,7.1,6.23,7.0,9.0,6.0,5.0,8.77,0.8,68.96,1.0
21.0,7.0,11.01,8.09,4.0,17.0,9.0,3.0,13.11,0.59,73.77,2.0
32.0,6.0,6.24,6.2,4.0,5.0,14.0,6.0,8.25,1.28,53.795,1.0
22.0,3.0,10.22,6.58,5.0,12.0,1.0,1.0,11.4,1.66,57.43,1.0
27.0,17.0,9.9,5.46,1.0,4.0,14.0,5.0,12.74,0.32,37.68,1.0
25.0,4.0,13.7,8.19,4.0,14.0,19.0,8.0,16.79,1.96,97.29,2.0
35.0,15.0,4.61,6.61,6.0,11.0,22.0,9.0,7.89,1.37,36.88,1.0
43.0,13.0,5.08,6.76,2.0,10.0,0.0,4.0,7.93,1.56,31.6,0.0
35.0,18.0,9.06,8.4,6.0,7.0,3.0,3.0,13.54,2.0,11.64,0.0
26.0,13.0,9.27,8.6,5.0,4.0,14.0,8.0,10.42,1.01,46.73,1.0
32.0,8.0,4.4,8.12,0.0,7.0,14.0,5.0,7.86,0.14,17.72,0.0
32.0,5.0,12.26,4.33,7.0,4.0,29.0,3.0,16.72,1.58,73.47,2.0
24.0,16.0,8.95,6.22,1.0,9.0,5.0,0.0,10.11,1.74,45.68,1.0
44.0,18.0,7.47,5.72,0.0,9.0,5.0,8.0,10.46,0.32,64.11,1.0
32.0,11.0,7.19,5.07,6.0,5.0,0.0,9.0,10.55,0.05,51.96,1.0
41.0,3.0,8.99,8.54,2.0,17.0,6.0,2.0,14.37,0.27,67.06,1.0
37.0,15.0,5.97,8.45,4.0,2.0,29.0,5.0,7.98,0.65,26.16,0.0
34.0,10.0,5.6,6.33,0.0,8.0,4.0,0.0,9.74,1.85,10.98,0.0
37.0,3.0,6.13,4.67,2.0,9.0,21.0,5.0,9.4,0.0,31.58,0.0
21.0,16.0,10.25,4.07,4.0,9.0,16.0,2.0,12.51,1.61,47.8,1.0
29.0,7.0,8.99,6.46,1.0,18.0,6.0,2.0,16.17,1.71,65.91,1.0
42.0,13.0,7.31,4.2,3.0,1.0,3.0,6.0,11.3,1.62,35.57,1.0
32.0,1.0,5.73,7.05,2.0,7.0,2.0,8.0,8.11,0.16,47.65,1.0
37.0,10.0,6.09,7.04,5.0,6.0,11.0,5.0,9.04,1.36,24.6,0.0
34.0,10.0,10.19,8.49,5.0,4.0,26.0,0.0,13.85,1.91,36.11,1.0
31.0,5.0,6.46,4.95,4.0,3.0,28.0,8.0,8.83,0.24,56.69,1.0
34.0,13.0,12.77,5.86,5.0,10.0,14.0,4.0,16.29,0.06,61.19,1.0
32.0,9.0,5.04,8.3,0.0,9.0,19.0,1.0,7.04,1.75,0.07,0.0
37.0,7.0,4.32,6.37,4.0,0.0,8.0,2.0,6.49,1.29,5.79,0.0
34.0,6.0,4.88,4.3,5.0,3.0,20.0,4.0,7.12,1.29,43.86,1.0
44.0,7.0,12.46,4.55,0.0,5.0,11.0,1.0,17.2,1.93,35.46,1.0
42.0,7.0,10.51,8.07,0.0,17.0,4.0,2.0,14.84,1.54,35.33,1.0
30.0,1.0,13.58,7.72,0.0,9.0,7.0,7.0,16.84,0.79,80.3,2.0
38.0,15.0,7.36,8.38,5.0,12.0,14.0,5.0,10.62,0.87,37.86,1.0
22.0,8.0,6.13,4.59,7.0,0.0,6.0,1.0,7.35,0.29,27.11,0.0
26.0,12.0,9.62,7.8,0.0,3.0,18.0,1.0,13.22,0.61,15.56,0.0
40.0,11.0,9.38,7.28,6.0,3.0,12.0,0.0,11.69,0.89,40.54,1.0
33.0,16.0,9.91,5.16,1.0,17.0,0.0,6.0,13.36,0.52,87.74,2.0
33.0,1.0,7.48,8.87,5.0,17.0,27.0,5.0,11.84,1.83,45.71,1.0
41.0,12.0,4.06,6.85,0.0,17.0,10.0,5.0,5.24,0.02,56.91,1.0
32.0,0.0,4.35,8.53,1.0,14.0,12.0,4.0,7.78,1.17,24.42,0.0
31.0,18.0,10.64,8.3,6.0,17.0,1.0,2.0,13.9,1.54,67.61,1.0
43.0,10.0,9.23,5.67,3.0,9.0,18.0,7.0,11.06,1.46,53.795,1.0
28.0,4.0,12.21,6.68,1.0,16.0,10.0,2.0,15.8,1.29,60.51,1.0
20.0,0.0,7.0,6.16,5.0,4.0,0.0,4.0,10.22,0.82,51.59,1.0
38.0,19.0,12.15,7.55,5.0,10.0,0.0,7.0,16.22,1.84,73.51,2.0
30.0,12.0,8.25,6.94,0.0,15.0,7.0,2.0,9.69,0.66,48.46,1.0
42.0,7.0,4.97,7.92,6.0,9.0,12.0,4.0,7.74,1.5,42.56,1.0
41.0,5.0,13.78,4.06,4.0,1.0,7.0,5.0,18.77,1.85,77.14,2.0
43.0,11.0,10.29,5.6,6.0,0.0,7.0,1.0,14.03,1.89,34.42,0.0
41.0,0.0,10.71,5.12,5.0,17.0,26.0,6.0,12.98,1.55,100.0,2.0
38.0,2.0,7.62,8.01,3.0,16.0,28.0,8.0,9.0,1.23,63.25,1.0
37.0,13.0,11.48,4.45,6.0,17.0,13.0,9.0,16.28,0.75,97.53,2.0
31.0,7.0,12.7,5.14,7.0,18.0,1.0,3.0,14.12,1.81,97.87,2.0
42.0,10.0,7.87,6.46,4.0,4.0,12.0,4.0,12.84,0.09,43.14,1.0
20.0,13.0,10.57,6.46,1.0,12.0,26.0,3.0,12.07,0.86,49.01,1.0
38.0,7.0,11.57,5.61,4.0,5.0,4.0,2.0,13.25,1.51,44.71,1.0
39.0,2.0,5.9,7.6,3.0,12.0,0.0,9.0,8.13,1.62,58.9,1.0
36.0,6.0,7.33,7.5,1.0,17.0,8.0,1.0,10.38,0.4,33.37,0.0
24.0,18.0,5.09,5.63,0.0,3.0,19.0,2.0,9.25,0.1,4.65,0.0
22.0,3.0,10.02,6.18,1.0,8.0,9.0,1.0,14.9,1.61,38.96,1.0
21.0,10.0,12.01,5.04,0.0,2.0,29.0,7.0,14.45,0.84,57.41,1.0
22.0,10.0,10.11,7.35,2.0,7.0,10.0,0.0,11.19,0.29,27.89,0.0
27.0,19.0,5.8,6.46,1.0,12.0,17.0,4.0,9.27,0.17,51.43,1.0
35.0,18.0,9.46,4.66,7.0,10.0,16.0,0.0,13.3,1.28,52.04,1.0
25.0,4.0,12.35,4.64,1.0,9.0,5.0,4.0,14.94,1.17,56.39,1.0
32.0,4.0,7.03,5.61,7.0,10.0,10.0,2.0,8.76,1.71,47.15,1.0
42.0,19.0,12.33,7.74,4.0,2.0,23.0,8.0,14.55,0.06,74.53,2.0
41.0,3.0,11.85,4.13,4.0,13.0,3.0,0.0,15.47,1.74,72.73,2.0
41.0,1.0,4.22,5.29,3.0,13.0,0.0,9.0,7.2,1.77,56.67,1.0
35.0,12.0,6.39,4.81,0.0,18.0,0.0,0.0,10.36,0.89,50.68,1.0
35.0,15.0,8.99,8.78,5.0,3.0,21.0,7.0,11.3,0.15,45.6,1.0
32.0,1.0,11.18,7.53,4.0,0.0,17.0,2.0,15.55,1.89,25.69,0.0
32.0,18.0,12.81,5.17,7.0,1.0,4.0,6.0,14.43,0.14,69.95,1.0
33.0,16.0,10.41,5.04,7.0,5.0,15.0,9.0,12.73,1.18,76.92,2.0
27.0,4.0,7.8,8.29,6.0,12.0,1.0,4.0,11.16,0.99,32.53,0.0
31.0,17.0,5.85,4.95,3.0,13.0,8.0,1.0,9.8,1.67,24.55,0.0
42.0,17.0,11.6,8.99,0.0,0.0,1.0,6.0,13.66,1.01,48.28,1.0
42.0,7.0,6.07,5.41,7.0,7.0,4.0,6.0,10.86,0.94,58.98,1.0
41.0,14.0,10.95,4.42,0.0,17.0,19.0,2.0,14.77,1.76,69.82,1.0
40.0,12.0,5.81,7.45,0.0,13.0,26.0,5.0,7.68,1.93,45.88,1.0
27.0,12.0,4.91,7.05,2.0,1.0,16.0,4.0,8.81,1.1,12.67,0.0
40.0,15.0,6.51,9.0,0.0,11.0,25.0,0.0,10.3,1.02,14.28,0.0
44.0,19.0,6.85,8.01,7.0,0.0,24.0,0.0,10.86,1.66,0.0,0.0
28.0,12.0,10.47,6.14,7.0,14.0,18.0,1.0,15.13,1.66,61.72,1.0
20.0,19.0,5.61,7.38,3.0,10.0,9.0,6.0,9.46,0.64,49.12,1.0
25.0,1.0,13.3,8.09,0.0,17.0,7.0,2.0,15.71,1.15,73.99,2.0
42.0,2.0,9.54,6.57,7.0,16.0,19.0,8.0,13.7,0.31,100.0,2.0
38.0,14.0,8.91,5.36,5.0,2.0,10.0,2.0,12.69,1.27,37.0,1.0
42.0,18.0,8.35,5.05,5.0,14.0,12.0,9.0,11.65,1.67,52.61,1.0
30.0,12.0,9.67,5.48,7.0,12.0,12.0,3.0,12.09,0.38,75.38,2.0
30.0,4.0,4.22,8.24,0.0,2.0,8.0,7.0,8.9,0.65,0.0,0.0
42.0,5.0,13.9,5.9,3.0,12.0,4.0,3.0,16.95,0.9,75.61,2.0
32.0,13.0,9.58,5.43,1.0,8.0,17.0,6.0,13.09,1.69,62.66,1.0
30.0,3.0,4.35,8.03,0.0,9.0,7.0,4.0,7.01,1.46,29.17,0.0
37.0,18.0,9.9,4.16,3.0,9.0,28.0,5.0,14.02,0.63,40.36,1.0
42.0,6.0,8.37,6.97,4.0,1.0,19.0,7.0,10.73,0.49,46.51,1.0
34.0,10.0,4.24,8.37,3.0,13.0,13.0,3.0,8.48,1.39,37.53,1.0
20.0,1.0,13.24,6.05,2.0,4.0,1.0,5.0,14.67,0.96,65.16,1.0
40.0,6.0,4.11,5.35,4.0,9.0,21.0,9.0,7.95,1.19,40.04,1.0
44.0,2.0,9.78,6.46,5.0,18.0,15.0,1.0,12.69,1.3,84.03,2.0
26.0,14.0,13.62,7.59,5.0,7.0,0.0,8.0,17.42,1.12,90.06,2.0
42.0,0.0,6.38,6.58,1.0,12.0,23.0,8.0,9.51,1.23,50.1,1.0
32.0,1.0,6.54,4.04,1.0,8.0,24.0,9.0,12.02,1.78,37.35,1.0
31.0,9.0,4.0,4.39,3.0,17.0,22.0,9.0,6.91,1.74,57.18,1.0
37.0,15.0,4.66,7.61,3.0,3.0,28.0,5.0,9.52,0.3,11.06,0.0
43.0,14.0,4.45,6.0,0.0,7.0,12.0,5.0,8.47,1.17,4.22,0.0
38.0,14.0,12.23,7.92,6.0,4.0,14.0,9.0,14.43,0.88,85.56,2.0
34.0,10.0,12.37,7.25,6.0,5.0,17.0,6.0,17.15,0.57,75.73,2.0
27.0,13.0,11.27,6.91,4.0,19.0,26.0,3.0,15.39,1.26,62.31,1.0
38.0,5.0,7.53,8.51,5.0,4.0,0.0,6.0,9.99,1.02,28.66,0.0
29.0,10.0,12.21,4.11,2.0,0.0,6.0,9.0,15.62,1.55,63.28,1.0
26.0,16.0,9.4,4.78,6.0,18.0,3.0,0.0,12.11,0.19,64.95,1.0
37.0,17.0,7.04,7.12,0.0,3.0,14.0,6.0,8.43,0.61,56.14,1.0
35.0,19.0,8.37,6.46,5.0,0.0,7.0,0.0,12.59,0.05,27.12,0.0
39.0,18.0,4.66,7.22,3.0,18.0,2.0,7.0,6.42,1.49,46.75,1.0
25.0,16.0,13.45,8.92,7.0,3.0,22.0,9.0,16.28,1.82,62.59,1.0
28.0,15.0,10.19,8.39,6.0,13.0,6.0,5.0,14.0,1.17,46.62,1.0
40.0,7.0,11.31,6.95,3.0,13.0,26.0,0.0,16.04,1.23,42.27,1.0
32.0,6.0,10.77,8.47,0.0,8.0,25.0,0.0,12.02,0.09,46.12,1.0
44.0,19.0,10.68,4.58,6.0,18.0,24.0,3.0,13.25,1.01,83.77,2.0
40.0,11.0,4.17,6.27,2.0,10.0,15.0,6.0,7.63,1.05,36.67,1.0
27.0,8.0,9.25,6.14,5.0,15.0,26.0,4.0,13.37,0.08,77.86,2.0
35.0,13.0,12.22,5.68,3.0,18.0,19.0,4.0,16.9,1.56,89.17,2.0
32.0,19.0,4.45,4.0,5.0,3.0,29.0,5.0,5.45,0.56,33.51,0.0
32.0,0.0,13.56,8.46,2.0,8.0,9.0,1.0,17.07,1.45,66.6,1.0
36.0,9.0,8.24,7.89,3.0,16.0,12.0,3.0,9.27,0.81,61.8,1.0
42.0,16.0,6.9,7.26,5.0,14.0,29.0,3.0,11.05,1.99,47.27,1.0
39.0,16.0,9.32,4.64,7.0,7.0,0.0,7.0,10.92,0.42,77.45,2.0
24.0,16.0,12.01,5.89,2.0,12.0,6.0,5.0,16.59,0.12,65.12,1.0
41.0,3.0,8.75,8.62,2.0,0.0,9.0,9.0,10.37,1.96,38.76,1.0
40.0,16.0,10.45,7.08,2.0,1.0,11.0,8.0,14.51,0.49,50.16,1.0
36.0,17.0,9.0,7.02,0.0,9.0,13.0,9.0,11.16,1.27,47.47,1.0
28.0,19.0,10.31,8.57,1.0,12.0,21.0,8.0,13.54,0.75,53.31,1.0
21.0,1.0,5.38,6.8,5.0,10.0,10.0,3.0,8.81,1.02,42.12,1.0
44.0,7.0,4.39,6.99,2.0,13.0,16.0,5.0,6.22,1.19,31.07,0.0
37.0,12.0,5.37,5.73,5.0,15.0,8.0,6.0,7.56,1.41,50.89,1.0
28.0,19.0,6.86,5.86,2.0,5.0,25.0,2.0,8.29,0.04,32.26,0.0
25.0,14.0,6.53,7.43,5.0,1.0,7.0,5.0,7.55,1.67,20.1,0.0
30.0,19.0,10.15,5.6,3.0,4.0,9.0,0.0,12.11,0.96,41.71,1.0
44.0,8.0,8.56,6.8,5.0,18.0,3.0,4.0,11.62,1.04,80.15,2.0
25.0,2.0,4.39,5.4,6.0,6.0,4.0,5.0,8.24,0.82,41.44,1.0
25.0,2.0,4.35,4.83,1.0,16.0,23.0,4.0,8.52,1.98,39.18,1.0
